tick,ep,t,x,y,z,roll,pitch,yaw,u0,u1,u2,u3,goal,gates
1,0,0.0050,-8.1272,5.8077,2.5095,-0.0008,-0.0007,1.7279,-0.3443,-0.5692,-0.4902,-0.5830,0,0
2,0,0.0100,-8.1262,5.8086,2.5088,-0.0025,-0.0021,1.7296,-0.3412,-0.5696,-0.4939,-0.5830,0,0
3,0,0.0150,-8.1252,5.8094,2.5079,-0.0045,-0.0037,1.7313,-0.5440,-0.5710,-0.5830,-0.5830,0,0
4,0,0.0200,-8.1242,5.8102,2.5068,-0.0065,-0.0051,1.7329,-0.5830,-0.5494,-0.5830,-0.5673,0,0
5,0,0.0250,-8.1232,5.8110,2.5054,-0.0087,-0.0065,1.7343,-0.5830,-0.5468,-0.5830,-0.5607,0,0
6,0,0.0300,-8.1222,5.8119,2.5038,-0.0108,-0.0078,1.7356,-0.5830,-0.5530,-0.5830,-0.5620,0,0
7,0,0.0350,-8.1213,5.8127,2.5019,-0.0130,-0.0091,1.7368,-0.5830,-0.5600,-0.5830,-0.5650,0,0
8,0,0.0400,-8.1203,5.8135,2.4998,-0.0153,-0.0104,1.7379,-0.5830,-0.5657,-0.5830,-0.5682,0,0
9,0,0.0450,-8.1193,5.8143,2.4975,-0.0175,-0.0117,1.7390,-0.5830,-0.5701,-0.5830,-0.5710,0,0
10,0,0.0500,-8.1183,5.8152,2.4949,-0.0197,-0.0130,1.7400,-0.5830,-0.5734,-0.5830,-0.5732,0,0
11,0,0.0550,-8.1173,5.8160,2.4920,-0.0219,-0.0143,1.7410,-0.5830,-0.5760,-0.5830,-0.5750,0,0
12,0,0.0600,-8.1163,5.8168,2.4890,-0.0241,-0.0156,1.7419,-0.5830,-0.5779,-0.5830,-0.5764,0,0
13,0,0.0650,-8.1153,5.8176,2.4856,-0.0263,-0.0169,1.7429,-0.5830,-0.5793,-0.5830,-0.5774,0,0
14,0,0.0700,-8.1143,5.8185,2.4821,-0.0285,-0.0182,1.7438,-0.5830,-0.5804,-0.5797,-0.5782,0,0
15,0,0.0750,-8.1133,5.8193,2.4783,-0.0306,-0.0195,1.7447,-0.5830,-0.5813,-0.5752,-0.5789,0,0
16,0,0.0800,-8.1123,5.8201,2.4742,-0.0326,-0.0207,1.7457,-0.5830,-0.5803,-0.5698,-0.5775,0,0
17,0,0.0850,-8.1113,5.8209,2.4699,-0.0345,-0.0218,1.7464,-0.5830,-0.5227,-0.5513,-0.5194,0,0
18,0,0.0900,-8.1103,5.8218,2.4655,-0.0360,-0.0227,1.7464,-0.5715,-0.4296,-0.5238,-0.4265,0,0
19,0,0.0950,-8.1093,5.8226,2.4608,-0.0374,-0.0234,1.7462,-0.4575,-0.3827,-0.4157,-0.3801,0,0
20,0,0.1000,-8.1083,5.8234,2.4561,-0.0386,-0.0239,1.7470,-0.2360,-0.4120,-0.2066,-0.4106,0,0
21,0,0.1050,-8.1073,5.8242,2.4513,-0.0397,-0.0243,1.7493,-0.1196,-0.4030,-0.1010,-0.4018,0,0
22,0,0.1100,-8.1064,5.8250,2.4464,-0.0407,-0.0246,1.7506,-0.3798,-0.2020,-0.3683,-0.1974,0,0
23,0,0.1150,-8.1054,5.8258,2.4414,-0.0415,-0.0253,1.7475,-0.5830,0.2917,-0.5830,0.3030,0,0
24,0,0.1200,-8.1044,5.8266,2.4365,-0.0422,-0.0260,1.7417,-0.4950,0.0208,-0.4866,0.0270,0,0
25,0,0.1250,-8.1035,5.8274,2.4315,-0.0430,-0.0265,1.7410,0.4170,-0.5830,0.4170,-0.5830,0,0
26,0,0.1300,-8.1026,5.8282,2.4265,-0.0440,-0.0267,1.7455,0.4170,-0.5830,0.4170,-0.5830,0,0
27,0,0.1350,-8.1016,5.8289,2.4216,-0.0449,-0.0268,1.7520,0.1105,-0.2642,0.1298,-0.2655,0,0
28,0,0.1400,-8.1007,5.8297,2.4166,-0.0457,-0.0271,1.7533,-0.5830,0.4170,-0.5830,0.4170,0,0
29,0,0.1450,-8.0998,5.8304,2.4117,-0.0463,-0.0277,1.7495,-0.5830,0.4170,-0.5830,0.4170,0,0
30,0,0.1500,-8.0989,5.8312,2.4067,-0.0467,-0.0283,1.7428,-0.4286,0.1373,-0.4065,0.1437,0,0
31,0,0.1550,-8.0980,5.8319,2.4018,-0.0473,-0.0286,1.7412,0.4170,-0.5830,0.4170,-0.5830,0,0
32,0,0.1600,-8.0971,5.8326,2.3969,-0.0480,-0.0288,1.7448,0.4170,-0.5830,0.4170,-0.5830,0,0
33,0,0.1650,-8.0963,5.8333,2.3920,-0.0487,-0.0286,1.7521,0.4075,-0.3046,0.4170,-0.3056,0,0
34,0,0.1700,-8.0954,5.8340,2.3872,-0.0494,-0.0288,1.7542,-0.5830,0.4170,-0.5830,0.4170,0,0
35,0,0.1750,-8.0946,5.8347,2.3824,-0.0498,-0.0292,1.7512,-0.5830,0.4170,-0.5830,0.4170,0,0
36,0,0.1800,-8.0937,5.8354,2.3776,-0.0500,-0.0298,1.7431,-0.5830,0.3989,-0.5687,0.4117,0,0
37,0,0.1850,-8.0929,5.8361,2.3728,-0.0503,-0.0302,1.7402,0.4170,-0.5830,0.4170,-0.5830,0,0
38,0,0.1900,-8.0921,5.8367,2.3680,-0.0508,-0.0303,1.7424,0.4170,-0.5830,0.4170,-0.5830,0,0
39,0,0.1950,-8.0913,5.8374,2.3632,-0.0514,-0.0301,1.7498,0.4170,-0.5830,0.4170,-0.5830,0,0
40,0,0.2000,-8.0905,5.8380,2.3585,-0.0518,-0.0302,1.7521,-0.5830,0.4122,-0.5710,0.4170,0,0
41,0,0.2050,-8.0898,5.8386,2.3537,-0.0520,-0.0306,1.7492,-0.5830,0.4170,-0.5830,0.4170,0,0
42,0,0.2100,-8.0890,5.8393,2.3490,-0.0521,-0.0312,1.7412,-0.5830,0.4170,-0.5829,0.4170,0,0
43,0,0.2150,-8.0883,5.8399,2.3442,-0.0523,-0.0315,1.7383,0.4170,-0.5830,0.4170,-0.5830,0,0
44,0,0.2200,-8.0875,5.8405,2.3395,-0.0527,-0.0316,1.7406,0.4170,-0.5830,0.4170,-0.5830,0,0
45,0,0.2250,-8.0868,5.8411,2.3348,-0.0532,-0.0314,1.7480,0.4170,-0.5830,0.4170,-0.5830,0,0
46,0,0.2300,-8.0861,5.8416,2.3301,-0.0535,-0.0314,1.7503,-0.5830,0.4131,-0.5707,0.4170,0,0
47,0,0.2350,-8.0854,5.8422,2.3254,-0.0537,-0.0318,1.7475,-0.5830,0.4170,-0.5830,0.4170,0,0
48,0,0.2400,-8.0847,5.8428,2.3208,-0.0536,-0.0323,1.7395,-0.5830,0.4170,-0.5813,0.4170,0,0
49,0,0.2450,-8.0840,5.8433,2.3161,-0.0537,-0.0326,1.7367,0.4170,-0.5830,0.4170,-0.5830,0,0
50,0,0.2500,-8.0834,5.8439,2.3115,-0.0540,-0.0327,1.7390,0.4170,-0.5830,0.4170,-0.5830,0,0
51,0,0.2550,-8.0827,5.8444,2.3068,-0.0545,-0.0324,1.7465,0.4170,-0.5830,0.4170,-0.5830,0,0
52,0,0.2600,-8.0821,5.8449,2.3022,-0.0547,-0.0324,1.7488,-0.5830,0.4139,-0.5705,0.4170,0,0
53,0,0.2650,-8.0814,5.8454,2.2976,-0.0547,-0.0326,1.7460,-0.5830,0.4170,-0.5830,0.4170,0,0
54,0,0.2700,-8.0808,5.8459,2.2930,-0.0546,-0.0331,1.7381,-0.5830,0.4170,-0.5806,0.4170,0,0
55,0,0.2750,-8.0802,5.8464,2.2884,-0.0546,-0.0334,1.7353,0.4170,-0.5830,0.4170,-0.5830,0,0
56,0,0.2800,-8.0796,5.8468,2.2838,-0.0548,-0.0333,1.7377,0.4170,-0.5830,0.4170,-0.5830,0,0
57,0,0.2850,-8.0791,5.8473,2.2793,-0.0552,-0.0330,1.7452,0.4170,-0.5830,0.4170,-0.5830,0,0
58,0,0.2900,-8.0785,5.8478,2.2747,-0.0553,-0.0329,1.7476,-0.5830,0.4150,-0.5700,0.4170,0,0
59,0,0.2950,-8.0779,5.8482,2.2702,-0.0552,-0.0331,1.7448,-0.5830,0.4170,-0.5830,0.4170,0,0
60,0,0.3000,-8.0774,5.8486,2.2656,-0.0550,-0.0335,1.7369,-0.5830,0.4170,-0.5807,0.4170,0,0
61,0,0.3050,-8.0769,5.8490,2.2611,-0.0549,-0.0337,1.7342,0.4170,-0.5830,0.4170,-0.5830,0,0
62,0,0.3100,-8.0764,5.8495,2.2566,-0.0550,-0.0336,1.7366,0.4170,-0.5830,0.4170,-0.5830,0,0
63,0,0.3150,-8.0759,5.8499,2.2521,-0.0553,-0.0332,1.7440,0.4170,-0.5635,0.4170,-0.5680,0,0
64,0,0.3200,-8.0754,5.8502,2.2476,-0.0554,-0.0330,1.7464,-0.5830,0.4159,-0.5703,0.4170,0,0
65,0,0.3250,-8.0749,5.8506,2.2432,-0.0553,-0.0331,1.7436,-0.5830,0.4170,-0.5830,0.4170,0,0
66,0,0.3300,-8.0744,5.8510,2.2387,-0.0549,-0.0333,1.7357,-0.5830,0.4160,-0.5666,0.4170,0,0
67,0,0.3350,-8.0740,5.8513,2.2343,-0.0547,-0.0333,1.7329,0.4170,-0.5758,0.4170,-0.5779,0,0
68,0,0.3400,-8.0735,5.8517,2.2298,-0.0547,-0.0331,1.7352,0.4170,-0.5830,0.4170,-0.5830,0,0
69,0,0.3450,-8.0731,5.8520,2.2254,-0.0548,-0.0325,1.7425,0.4170,-0.5405,0.4170,-0.5414,0,0
70,0,0.3500,-8.0727,5.8523,2.2210,-0.0546,-0.0321,1.7447,-0.5830,0.4134,-0.5601,0.4170,0,0
71,0,0.3550,-8.0723,5.8526,2.2166,-0.0543,-0.0320,1.7417,-0.5830,0.4170,-0.5830,0.4170,0,0
72,0,0.3600,-8.0719,5.8529,2.2123,-0.0535,-0.0320,1.7338,-0.5830,0.4093,-0.5393,0.4170,0,0
73,0,0.3650,-8.0715,5.8532,2.2079,-0.0529,-0.0316,1.7310,0.4170,-0.5830,0.4170,-0.5830,0,0
74,0,0.3700,-8.0712,5.8535,2.2036,-0.0524,-0.0311,1.7333,0.4170,-0.5830,0.4170,-0.5830,0,0
75,0,0.3750,-8.0708,5.8538,2.1993,-0.0521,-0.0302,1.7404,0.4170,-0.5069,0.4170,-0.5094,0,0
76,0,0.3800,-8.0705,5.8540,2.1950,-0.0516,-0.0296,1.7423,-0.5830,0.4126,-0.5716,0.4170,0,0
77,0,0.3850,-8.0702,5.8543,2.1907,-0.0509,-0.0292,1.7392,-0.5830,0.4170,-0.5830,0.4170,0,0
78,0,0.3900,-8.0699,5.8545,2.1864,-0.0499,-0.0290,1.7314,-0.5004,0.4088,-0.4693,0.4170,0,0
79,0,0.3950,-8.0696,5.8547,2.1822,-0.0490,-0.0285,1.7287,0.4170,-0.5830,0.4170,-0.5830,0,0
80,0,0.4000,-8.0693,5.8549,2.1779,-0.0483,-0.0277,1.7312,0.4170,-0.5830,0.4170,-0.5830,0,0
81,0,0.4050,-8.0690,5.8551,2.1738,-0.0477,-0.0267,1.7379,0.4170,-0.3899,0.4170,-0.3932,0,0
82,0,0.4100,-8.0687,5.8553,2.1696,-0.0470,-0.0260,1.7394,-0.5830,0.4170,-0.5830,0.4170,0,0
83,0,0.4150,-8.0685,5.8555,2.1654,-0.0461,-0.0255,1.7357,-0.5830,0.4170,-0.5830,0.4170,0,0
84,0,0.4200,-8.0682,5.8557,2.1614,-0.0450,-0.0252,1.7284,-0.3227,0.4100,-0.3083,0.4170,0,0
85,0,0.4250,-8.0680,5.8559,2.1573,-0.0441,-0.0246,1.7261,0.4170,-0.5830,0.4170,-0.5830,0,0
86,0,0.4300,-8.0678,5.8560,2.1533,-0.0433,-0.0237,1.7290,0.4170,-0.5830,0.4170,-0.5830,0,0
87,0,0.4350,-8.0676,5.8562,2.1493,-0.0425,-0.0228,1.7350,0.4170,-0.1859,0.4170,-0.1870,0,0
88,0,0.4400,-8.0674,5.8563,2.1454,-0.0417,-0.0220,1.7359,-0.5830,0.4170,-0.5830,0.4170,0,0
89,0,0.4450,-8.0672,5.8565,2.1415,-0.0407,-0.0215,1.7316,-0.5830,0.4170,-0.5830,0.4170,0,0
90,0,0.4500,-8.0670,5.8566,2.1377,-0.0397,-0.0211,1.7248,-0.0855,0.4117,-0.0832,0.4170,0,0
91,0,0.4550,-8.0669,5.8567,2.1340,-0.0387,-0.0204,1.7231,0.4170,-0.5830,0.4170,-0.5830,0,0
92,0,0.4600,-8.0667,5.8568,2.1302,-0.0379,-0.0196,1.7265,0.4170,-0.5830,0.4170,-0.5830,0,0
93,0,0.4650,-8.0666,5.8569,2.1266,-0.0371,-0.0187,1.7319,0.4170,0.0533,0.4170,0.0547,0,0
94,0,0.4700,-8.0664,5.8570,2.1231,-0.0362,-0.0181,1.7320,-0.5830,0.4170,-0.5830,0.4170,0,0
95,0,0.4750,-8.0663,5.8571,2.1195,-0.0352,-0.0175,1.7271,-0.5830,0.4170,-0.5830,0.4170,0,0
96,0,0.4800,-8.0662,5.8572,2.1162,-0.0341,-0.0171,1.7208,0.1626,0.4133,0.1571,0.4170,0,0
97,0,0.4850,-8.0661,5.8573,2.1129,-0.0332,-0.0165,1.7196,0.4170,-0.5830,0.4170,-0.5830,0,0
98,0,0.4900,-8.0660,5.8573,2.1095,-0.0324,-0.0158,1.7237,0.4170,-0.5830,0.4170,-0.5830,0,0
99,0,0.4950,-8.0659,5.8574,2.1064,-0.0315,-0.0150,1.7284,0.4170,0.2706,0.4170,0.2735,0,0
100,0,0.5000,-8.0658,5.8574,2.1034,-0.0306,-0.0144,1.7280,-0.5830,0.4170,-0.5830,0.4170,0,0
101,0,0.5050,-8.0658,5.8575,2.1003,-0.0296,-0.0139,1.7225,-0.5830,0.4170,-0.5830,0.4170,0,0
102,0,0.5100,-8.0657,5.8575,2.0975,-0.0287,-0.0136,1.7166,0.3582,0.4150,0.3474,0.4170,0,0
103,0,0.5150,-8.0657,5.8576,2.0947,-0.0278,-0.0130,1.7159,0.4170,-0.5830,0.4170,-0.5830,0,0
104,0,0.5200,-8.0656,5.8576,2.0919,-0.0270,-0.0124,1.7204,0.4170,-0.5830,0.4170,-0.5830,0,0
105,0,0.5250,-8.0656,5.8576,2.0893,-0.0262,-0.0117,1.7249,0.4170,0.3997,0.4170,0.4026,0,0
106,0,0.5300,-8.0656,5.8576,2.0868,-0.0253,-0.0112,1.7243,-0.5830,0.4170,-0.5830,0.4170,0,0
107,0,0.5350,-8.0656,5.8577,2.0843,-0.0244,-0.0108,1.7185,-0.5830,0.4170,-0.5830,0.4170,0,0
108,0,0.5400,-8.0656,5.8577,2.0821,-0.0235,-0.0105,1.7129,0.4170,0.3864,0.4061,0.3893,0,0
109,0,0.5450,-8.0656,5.8577,2.0798,-0.0226,-0.0101,1.7124,0.4170,-0.5830,0.4170,-0.5830,0,0
110,0,0.5500,-8.0656,5.8577,2.0776,-0.0218,-0.0095,1.7170,0.4170,-0.5830,0.4170,-0.5830,0,0
111,0,0.5550,-8.0656,5.8577,2.0756,-0.0211,-0.0090,1.7217,0.3549,0.3464,0.3415,0.3466,0,0
112,0,0.5600,-8.0657,5.8577,2.0736,-0.0204,-0.0087,1.7212,-0.5830,0.4170,-0.5830,0.4170,0,0
113,0,0.5650,-8.0657,5.8576,2.0717,-0.0195,-0.0084,1.7155,-0.5830,0.4170,-0.5830,0.4170,0,0
114,0,0.5700,-8.0657,5.8576,2.0699,-0.0188,-0.0082,1.7101,0.3206,0.2820,0.3086,0.2822,0,0
115,0,0.5750,-8.0658,5.8576,2.0682,-0.0181,-0.0079,1.7098,0.4170,-0.5830,0.4170,-0.5830,0,0
116,0,0.5800,-8.0658,5.8576,2.0664,-0.0174,-0.0075,1.7146,0.4170,-0.5830,0.4170,-0.5830,0,0
117,0,0.5850,-8.0659,5.8576,2.0649,-0.0168,-0.0071,1.7193,0.2436,0.2565,0.2335,0.2549,0,0
118,0,0.5900,-8.0659,5.8575,2.0633,-0.0162,-0.0069,1.7189,-0.5830,0.4170,-0.5830,0.4170,0,0
119,0,0.5950,-8.0660,5.8575,2.0618,-0.0155,-0.0067,1.7134,-0.5830,0.4170,-0.5830,0.4170,0,0
120,0,0.6000,-8.0660,5.8575,2.0604,-0.0149,-0.0065,1.7081,0.2438,0.1882,0.2346,0.1869,0,0
121,0,0.6050,-8.0661,5.8574,2.0591,-0.0143,-0.0063,1.7080,0.4170,-0.5830,0.4170,-0.5830,0,0
122,0,0.6100,-8.0662,5.8574,2.0577,-0.0137,-0.0060,1.7130,0.4170,-0.5830,0.4170,-0.5830,0,0
123,0,0.6150,-8.0663,5.8573,2.0565,-0.0132,-0.0058,1.7177,0.1431,0.1881,0.1354,0.1859,0,0
124,0,0.6200,-8.0664,5.8573,2.0553,-0.0127,-0.0056,1.7173,-0.5830,0.4170,-0.5830,0.4170,0,0
125,0,0.6250,-8.0664,5.8573,2.0542,-0.0121,-0.0054,1.7118,-0.5830,0.4170,-0.5830,0.4170,0,0
126,0,0.6300,-8.0665,5.8572,2.0531,-0.0116,-0.0053,1.7067,0.1945,0.1042,0.1875,0.1023,0,0
127,0,0.6350,-8.0666,5.8572,2.0521,-0.0111,-0.0051,1.7068,0.4170,-0.5830,0.4170,-0.5830,0,0
128,0,0.6400,-8.0667,5.8571,2.0510,-0.0107,-0.0049,1.7120,0.4170,-0.5830,0.4170,-0.5830,0,0
129,0,0.6450,-8.0668,5.8571,2.0501,-0.0102,-0.0047,1.7167,0.0438,0.1423,0.0378,0.1401,0,0
130,0,0.6500,-8.0669,5.8570,2.0492,-0.0098,-0.0046,1.7163,-0.5830,0.4170,-0.5830,0.4170,0,0
131,0,0.6550,-8.0670,5.8569,2.0483,-0.0093,-0.0045,1.7107,-0.5830,0.4170,-0.5830,0.4170,0,0
132,0,0.6600,-8.0671,5.8569,2.0475,-0.0089,-0.0044,1.7059,0.1786,0.0228,0.1732,0.0207,0,0
133,0,0.6650,-8.0672,5.8568,2.0467,-0.0085,-0.0042,1.7062,0.4170,-0.5830,0.4170,-0.5830,0,0
134,0,0.6700,-8.0673,5.8568,2.0460,-0.0081,-0.0040,1.7117,0.4170,-0.5830,0.4170,-0.5830,0,0
135,0,0.6750,-8.0674,5.8567,2.0453,-0.0078,-0.0039,1.7162,-0.0686,0.1231,-0.0734,0.1211,0,0
136,0,0.6800,-8.0676,5.8566,2.0446,-0.0074,-0.0038,1.7156,-0.5830,0.4170,-0.5830,0.4170,0,0
137,0,0.6850,-8.0677,5.8566,2.0439,-0.0070,-0.0037,1.7098,-0.5830,0.4170,-0.5830,0.4170,0,0
138,0,0.6900,-8.0678,5.8565,2.0433,-0.0066,-0.0036,1.7054,0.2094,-0.0667,0.2052,-0.0688,0,0
139,0,0.6950,-8.0679,5.8564,2.0427,-0.0063,-0.0035,1.7062,0.4170,-0.5830,0.4170,-0.5830,0,0
140,0,0.7000,-8.0680,5.8564,2.0421,-0.0060,-0.0033,1.7121,0.4170,-0.5830,0.4170,-0.5830,0,0
141,0,0.7050,-8.0681,5.8563,2.0416,-0.0057,-0.0032,1.7162,-0.2171,0.1399,-0.2212,0.1384,0,0
142,0,0.7100,-8.0683,5.8562,2.0411,-0.0054,-0.0031,1.7151,-0.5830,0.4170,-0.5830,0.4170,0,0
143,0,0.7150,-8.0684,5.8562,2.0406,-0.0050,-0.0030,1.7089,-0.5830,0.4170,-0.5830,0.4170,0,0
144,0,0.7200,-8.0685,5.8561,2.0402,-0.0048,-0.0030,1.7052,0.3122,-0.1825,0.3090,-0.1847,0,0
145,0,0.7250,-8.0686,5.8560,2.0397,-0.0045,-0.0029,1.7067,0.4170,-0.5830,0.4170,-0.5830,0,0
146,0,0.7300,-8.0688,5.8559,2.0393,-0.0042,-0.0027,1.7133,0.4170,-0.5830,0.4170,-0.5830,0,0
147,0,0.7350,-8.0689,5.8559,2.0389,-0.0040,-0.0026,1.7165,-0.4420,0.2121,-0.4455,0.2112,0,0
148,0,0.7400,-8.0690,5.8558,2.0385,-0.0037,-0.0025,1.7146,-0.5830,0.4170,-0.5830,0.4170,0,0
149,0,0.7450,-8.0692,5.8557,2.0382,-0.0034,-0.0025,1.7076,-0.5830,0.4170,-0.5830,0.4170,0,0
150,0,0.7500,-8.0693,5.8556,2.0378,-0.0032,-0.0024,1.7051,0.4170,-0.4782,0.4170,-0.4817,0,0
151,0,0.7550,-8.0694,5.8555,2.0375,-0.0030,-0.0023,1.7078,0.4170,-0.5830,0.4170,-0.5830,0,0
152,0,0.7600,-8.0696,5.8555,2.0372,-0.0027,-0.0022,1.7157,0.4170,-0.5830,0.4170,-0.5830,0,0
153,0,0.7650,-8.0697,5.8554,2.0369,-0.0025,-0.0020,1.7184,-0.5830,0.4170,-0.5830,0.4170,0,0
154,0,0.7700,-8.0698,5.8553,2.0366,-0.0023,-0.0019,1.7160,-0.5830,0.4170,-0.5830,0.4170,0,0
155,0,0.7750,-8.0700,5.8552,2.0363,-0.0020,-0.0018,1.7084,-0.5830,0.4170,-0.5830,0.4170,0,0
156,0,0.7800,-8.0701,5.8551,2.0360,-0.0018,-0.0017,1.7060,0.4170,-0.5830,0.4170,-0.5830,0,0
157,0,0.7850,-8.0702,5.8551,2.0358,-0.0015,-0.0016,1.7087,0.4170,-0.5830,0.4170,-0.5830,0,0
158,0,0.7900,-8.0704,5.8550,2.0355,-0.0013,-0.0015,1.7165,0.4170,-0.5830,0.4170,-0.5830,0,0
159,0,0.7950,-8.0705,5.8549,2.0353,-0.0011,-0.0014,1.7192,-0.5830,0.4170,-0.5830,0.4170,0,0
160,0,0.8000,-8.0706,5.8548,2.0351,-0.0008,-0.0013,1.7168,-0.5830,0.4170,-0.5830,0.4170,0,0
161,0,0.8050,-8.0708,5.8547,2.0348,-0.0006,-0.0012,1.7092,-0.5830,0.4170,-0.5830,0.4170,0,0
162,0,0.8100,-8.0709,5.8546,2.0346,-0.0004,-0.0011,1.7068,0.4170,-0.5830,0.4170,-0.5830,0,0
163,0,0.8150,-8.0710,5.8545,2.0345,-0.0001,-0.0010,1.7095,0.4170,-0.5830,0.4170,-0.5830,0,0
164,0,0.8200,-8.0712,5.8545,2.0343,0.0001,-0.0009,1.7174,0.4170,-0.5830,0.4170,-0.5830,0,0
165,0,0.8250,-8.0713,5.8544,2.0341,0.0003,-0.0008,1.7201,-0.5830,0.4170,-0.5830,0.4170,0,0
166,0,0.8300,-8.0715,5.8543,2.0340,0.0006,-0.0007,1.7176,-0.5830,0.4170,-0.5830,0.4170,0,0
167,0,0.8350,-8.0716,5.8542,2.0338,0.0008,-0.0005,1.7101,-0.5830,0.4170,-0.5830,0.4170,0,0
168,0,0.8400,-8.0717,5.8541,2.0337,0.0011,-0.0004,1.7076,0.4170,-0.5830,0.4170,-0.5830,0,0
169,0,0.8450,-8.0719,5.8540,2.0336,0.0013,-0.0003,1.7103,0.4170,-0.5830,0.4170,-0.5830,0,0
170,0,0.8500,-8.0720,5.8539,2.0335,0.0015,-0.0002,1.7182,0.4170,-0.5830,0.4170,-0.5830,0,0
171,0,0.8550,-8.0721,5.8539,2.0334,0.0018,-0.0001,1.7209,-0.5830,0.4170,-0.5830,0.4170,0,0
172,0,0.8600,-8.0723,5.8538,2.0333,0.0020,0.0000,1.7185,-0.5830,0.4170,-0.5830,0.4170,0,0
173,0,0.8650,-8.0724,5.8537,2.0332,0.0022,0.0001,1.7109,-0.5830,0.4170,-0.5830,0.4170,0,0
174,0,0.8700,-8.0725,5.8536,2.0332,0.0025,0.0003,1.7085,0.4170,-0.5830,0.4170,-0.5830,0,0
175,0,0.8750,-8.0727,5.8535,2.0331,0.0027,0.0004,1.7112,0.4170,-0.5830,0.4170,-0.5830,0,0
176,0,0.8800,-8.0728,5.8534,2.0331,0.0029,0.0005,1.7190,0.4170,-0.5830,0.4170,-0.5830,0,0
177,0,0.8850,-8.0729,5.8533,2.0331,0.0032,0.0006,1.7217,-0.5830,0.4170,-0.5830,0.4170,0,0
178,0,0.8900,-8.0731,5.8533,2.0331,0.0034,0.0007,1.7193,-0.5830,0.4170,-0.5830,0.4170,0,0
179,0,0.8950,-8.0732,5.8532,2.0331,0.0036,0.0008,1.7117,-0.5830,0.4170,-0.5830,0.4170,0,0
180,0,0.9000,-8.0733,5.8531,2.0331,0.0039,0.0010,1.7093,0.4170,-0.5830,0.4170,-0.5830,0,0
181,0,0.9050,-8.0734,5.8530,2.0331,0.0041,0.0011,1.7120,0.4170,-0.5830,0.4170,-0.5830,0,0
182,0,0.9100,-8.0736,5.8529,2.0331,0.0044,0.0011,1.7199,0.4170,-0.5830,0.4170,-0.5830,0,0
183,0,0.9150,-8.0737,5.8528,2.0332,0.0046,0.0012,1.7226,-0.5830,0.4170,-0.5830,0.4170,0,0
184,0,0.9200,-8.0738,5.8528,2.0332,0.0048,0.0014,1.7201,-0.5830,0.4170,-0.5830,0.4170,0,0
185,0,0.9250,-8.0739,5.8527,2.0333,0.0050,0.0015,1.7126,-0.5830,0.4170,-0.5830,0.4170,0,0
186,0,0.9300,-8.0741,5.8526,2.0334,0.0053,0.0017,1.7101,0.4170,-0.5830,0.4170,-0.5830,0,0
187,0,0.9350,-8.0742,5.8525,2.0335,0.0055,0.0018,1.7128,0.4170,-0.5830,0.4170,-0.5830,0,0
188,0,0.9400,-8.0743,5.8524,2.0336,0.0058,0.0018,1.7207,0.4170,-0.5830,0.4170,-0.5830,0,0
189,0,0.9450,-8.0744,5.8524,2.0337,0.0060,0.0019,1.7234,-0.5830,0.4170,-0.5830,0.4170,0,0
190,0,0.9500,-8.0745,5.8523,2.0339,0.0062,0.0021,1.7210,-0.5830,0.4170,-0.5830,0.4170,0,0
191,0,0.9550,-8.0747,5.8522,2.0340,0.0064,0.0022,1.7134,-0.5830,0.4170,-0.5830,0.4170,0,0
192,0,0.9600,-8.0748,5.8521,2.0342,0.0067,0.0024,1.7110,0.4170,-0.5830,0.4170,-0.5830,0,0
193,0,0.9650,-8.0749,5.8520,2.0343,0.0069,0.0025,1.7137,0.4170,-0.5830,0.4170,-0.5830,0,0
194,0,0.9700,-8.0750,5.8520,2.0345,0.0071,0.0025,1.7215,0.4170,-0.5830,0.4170,-0.5830,0,0
195,0,0.9750,-8.0751,5.8519,2.0347,0.0074,0.0026,1.7242,-0.5830,0.4170,-0.5830,0.4170,0,0
196,0,0.9800,-8.0752,5.8518,2.0349,0.0076,0.0028,1.7218,-0.5830,0.4170,-0.5830,0.4170,0,0
197,0,0.9850,-8.0753,5.8517,2.0351,0.0078,0.0030,1.7142,-0.5830,0.4170,-0.5830,0.4170,0,0
198,0,0.9900,-8.0754,5.8517,2.0353,0.0080,0.0031,1.7118,0.4170,-0.5830,0.4170,-0.5830,0,0
199,0,0.9950,-8.0755,5.8516,2.0356,0.0083,0.0032,1.7145,0.4170,-0.5830,0.4170,-0.5830,0,0
200,0,1.0000,-8.0756,5.8515,2.0358,0.0085,0.0033,1.7223,0.4170,-0.5830,0.4170,-0.5830,0,0
201,0,1.0050,-8.0757,5.8515,2.0361,0.0088,0.0034,1.7251,-0.5830,0.4170,-0.5830,0.4170,0,0
202,0,1.0100,-8.0758,5.8514,2.0364,0.0090,0.0035,1.7226,-0.5830,0.4170,-0.5830,0.4170,0,0
203,0,1.0150,-8.0759,5.8513,2.0366,0.0091,0.0052,1.7224,0.0102,-0.2704,0.1441,-0.4286,0,0
204,0,1.0200,-8.0760,5.8513,2.0369,0.0093,0.0068,1.7273,0.4170,-0.5830,0.4170,-0.5830,0,0
205,0,1.0250,-8.0761,5.8512,2.0372,0.0094,0.0084,1.7374,0.4170,-0.5830,0.4170,-0.5830,0,0
206,0,1.0300,-8.0762,5.8511,2.0374,0.0095,0.0109,1.7445,-0.5785,0.0837,-0.5081,-0.0148,0,0
207,0,1.0350,-8.0763,5.8511,2.0376,0.0095,0.0134,1.7464,-0.5830,0.4170,-0.5830,0.4170,0,0
208,0,1.0400,-8.0763,5.8510,2.0378,0.0093,0.0160,1.7432,-0.5830,0.4170,-0.5830,0.4170,0,0
209,0,1.0450,-8.0764,5.8510,2.0381,0.0092,0.0191,1.7440,0.2895,-0.4454,0.3272,-0.4973,0,0
210,0,1.0500,-8.0765,5.8509,2.0383,0.0092,0.0221,1.7500,0.4170,-0.5830,0.4170,-0.5830,0,0
211,0,1.0550,-8.0766,5.8509,2.0386,0.0094,0.0250,1.7611,0.4170,-0.5830,0.4170,-0.5830,0,0
212,0,1.0600,-8.0766,5.8508,2.0388,0.0093,0.0281,1.7690,-0.5829,0.0550,-0.5763,0.0294,0,0
213,0,1.0650,-8.0767,5.8508,2.0390,0.0091,0.0313,1.7718,-0.5830,0.4170,-0.5830,0.4170,0,0
214,0,1.0700,-8.0768,5.8508,2.0392,0.0087,0.0346,1.7694,-0.5830,0.4170,-0.5830,0.4170,0,0
215,0,1.0750,-8.0769,5.8507,2.0394,0.0085,0.0378,1.7713,0.3480,-0.4910,0.3472,-0.4890,0,0
216,0,1.0800,-8.0769,5.8507,2.0396,0.0085,0.0409,1.7784,0.4170,-0.5830,0.4170,-0.5830,0,0
217,0,1.0850,-8.0770,5.8507,2.0399,0.0087,0.0440,1.7906,0.4170,-0.5830,0.4170,-0.5830,0,0
218,0,1.0900,-8.0771,5.8508,2.0401,0.0086,0.0471,1.7977,-0.5830,0.4170,-0.5830,0.4170,0,0
219,0,1.0950,-8.0772,5.8508,2.0404,0.0084,0.0503,1.7996,-0.5830,0.4170,-0.5830,0.4170,0,0
220,0,1.1000,-8.0772,5.8508,2.0407,0.0078,0.0536,1.7964,-0.5830,0.4170,-0.5830,0.4170,0,0
221,0,1.1050,-8.0773,5.8509,2.0410,0.0075,0.0564,1.7964,0.2046,-0.4588,0.1723,-0.4148,0,0
222,0,1.1100,-8.0774,5.8510,2.0412,0.0075,0.0591,1.8015,0.4170,-0.5830,0.4170,-0.5830,0,0
223,0,1.1150,-8.0775,5.8510,2.0415,0.0078,0.0618,1.8118,0.4170,-0.5830,0.4170,-0.5830,0,0
224,0,1.1200,-8.0776,5.8511,2.0418,0.0079,0.0643,1.8178,-0.5702,0.2405,-0.5830,0.2776,0,0
225,0,1.1250,-8.0776,5.8513,2.0421,0.0078,0.0668,1.8186,-0.5830,0.4170,-0.5830,0.4170,0,0
226,0,1.1300,-8.0777,5.8514,2.0424,0.0072,0.0694,1.8143,-0.5830,0.4170,-0.5830,0.4170,0,0
227,0,1.1350,-8.0778,5.8515,2.0427,0.0071,0.0718,1.8151,0.4170,-0.5830,0.4167,-0.5715,0,0
228,0,1.1400,-8.0779,5.8517,2.0430,0.0073,0.0742,1.8210,0.4170,-0.5830,0.4170,-0.5830,0,0
229,0,1.1450,-8.0780,5.8519,2.0433,0.0080,0.0766,1.8321,0.4170,-0.5830,0.4170,-0.5760,0,0
230,0,1.1500,-8.0781,5.8521,2.0436,0.0083,0.0790,1.8381,-0.5830,0.4170,-0.5830,0.4170,0,0
231,0,1.1550,-8.0782,5.8523,2.0440,0.0081,0.0814,1.8389,-0.5830,0.4170,-0.5830,0.4170,0,0
232,0,1.1600,-8.0783,5.8526,2.0442,0.0077,0.0831,1.8379,-0.4025,-0.1432,-0.4804,-0.0905,0,0
233,0,1.1650,-8.0784,5.8528,2.0445,0.0078,0.0848,1.8422,0.4170,-0.5830,0.4170,-0.5830,0,0
234,0,1.1700,-8.0785,5.8531,2.0448,0.0082,0.0864,1.8516,0.4170,-0.5830,0.4170,-0.5830,0,0
235,0,1.1750,-8.0786,5.8534,2.0450,0.0088,0.0875,1.8632,0.0766,-0.3993,0.0219,-0.3536,0,0
236,0,1.1800,-8.0787,5.8538,2.0453,0.0090,0.0886,1.8697,-0.5830,0.4170,-0.5830,0.4170,0,0
237,0,1.1850,-8.0789,5.8541,2.0456,0.0087,0.0898,1.8710,-0.5830,0.4170,-0.5830,0.4170,0,0
238,0,1.1900,-8.0790,5.8545,2.0458,0.0081,0.0906,1.8693,-0.5433,-0.0093,-0.5830,0.0212,0,0
239,0,1.1950,-8.0791,5.8549,2.0459,0.0079,0.0914,1.8728,0.4170,-0.5830,0.4170,-0.5830,0,0
240,0,1.2000,-8.0793,5.8553,2.0461,0.0082,0.0921,1.8815,0.4170,-0.5830,0.4170,-0.5830,0,0
241,0,1.2050,-8.0794,5.8557,2.0464,0.0090,0.0923,1.8946,0.3638,-0.5401,0.3243,-0.5018,0,0
242,0,1.2100,-8.0795,5.8562,2.0466,0.0092,0.0926,1.9026,-0.5830,0.4170,-0.5830,0.4170,0,0
243,0,1.2150,-8.0797,5.8567,2.0468,0.0090,0.0930,1.9054,-0.5830,0.4170,-0.5830,0.4170,0,0
244,0,1.2200,-8.0799,5.8572,2.0471,0.0083,0.0934,1.9030,-0.5830,0.4170,-0.5830,0.4170,0,0
245,0,1.2250,-8.0800,5.8577,2.0473,0.0081,0.0937,1.9058,0.4170,-0.5830,0.4170,-0.5818,0,0
246,0,1.2300,-8.0802,5.8582,2.0476,0.0083,0.0940,1.9138,0.4170,-0.5830,0.4170,-0.5830,0,0
247,0,1.2350,-8.0804,5.8588,2.0478,0.0091,0.0943,1.9269,0.4170,-0.5830,0.4170,-0.5830,0,0
248,0,1.2400,-8.0805,5.8594,2.0481,0.0093,0.0945,1.9348,-0.5830,0.4170,-0.5830,0.4170,0,0
249,0,1.2450,-8.0807,5.8600,2.0484,0.0091,0.0949,1.9376,-0.5830,0.4170,-0.5830,0.4170,0,0
250,0,1.2500,-8.0809,5.8607,2.0487,0.0084,0.0952,1.9352,-0.5830,0.4170,-0.5830,0.4170,0,0
251,0,1.2550,-8.0811,5.8613,2.0490,0.0079,0.0952,1.9357,0.1226,-0.4568,0.0824,-0.4190,0,0
252,0,1.2600,-8.0813,5.8620,2.0493,0.0079,0.0951,1.9412,0.4170,-0.5830,0.4170,-0.5830,0,0
253,0,1.2650,-8.0815,5.8627,2.0496,0.0085,0.0949,1.9520,0.4170,-0.5830,0.4170,-0.5830,0,0
254,0,1.2700,-8.0818,5.8635,2.0498,0.0087,0.0946,1.9590,-0.5678,0.1374,-0.5830,0.1590,0,0
255,0,1.2750,-8.0820,5.8642,2.0501,0.0084,0.0943,1.9608,-0.5830,0.4170,-0.5830,0.4170,0,0
256,0,1.2800,-8.0822,5.8650,2.0503,0.0076,0.0940,1.9575,-0.5830,0.4170,-0.5830,0.4170,0,0
257,0,1.2850,-8.0825,5.8658,2.0506,0.0072,0.0935,1.9591,0.4044,-0.5799,0.3748,-0.5584,0,0
258,0,1.2900,-8.0827,5.8666,2.0509,0.0074,0.0929,1.9659,0.4170,-0.5830,0.4170,-0.5830,0,0
259,0,1.2950,-8.0830,5.8675,2.0512,0.0080,0.0922,1.9778,0.4170,-0.5830,0.4170,-0.5815,0,0
260,0,1.3000,-8.0832,5.8683,2.0515,0.0081,0.0916,1.9846,-0.5830,0.4170,-0.5830,0.4170,0,0
261,0,1.3050,-8.0835,5.8692,2.0518,0.0078,0.0911,1.9862,-0.5830,0.4170,-0.5830,0.4170,0,0
262,0,1.3100,-8.0838,5.8701,2.0520,0.0071,0.0903,1.9850,-0.5474,-0.0219,-0.5830,-0.0093,0,0
263,0,1.3150,-8.0841,5.8711,2.0522,0.0068,0.0894,1.9889,0.4170,-0.5830,0.4170,-0.5830,0,0
264,0,1.3200,-8.0844,5.8720,2.0525,0.0070,0.0886,1.9980,0.4170,-0.5830,0.4170,-0.5830,0,0
265,0,1.3250,-8.0846,5.8730,2.0527,0.0075,0.0874,2.0108,0.2377,-0.5040,0.2033,-0.4909,0,0
266,0,1.3300,-8.0850,5.8740,2.0529,0.0074,0.0863,2.0184,-0.5830,0.4170,-0.5830,0.4170,0,0
267,0,1.3350,-8.0853,5.8750,2.0532,0.0070,0.0852,2.0209,-0.5830,0.4170,-0.5830,0.4170,0,0
268,0,1.3400,-8.0856,5.8760,2.0534,0.0060,0.0841,2.0184,-0.5830,0.3753,-0.5830,0.3731,0,0
269,0,1.3450,-8.0859,5.8771,2.0537,0.0056,0.0831,2.0211,0.4170,-0.5830,0.4170,-0.5830,0,0
270,0,1.3500,-8.0863,5.8781,2.0539,0.0055,0.0820,2.0289,0.4170,-0.5830,0.4170,-0.5830,0,0
271,0,1.3550,-8.0866,5.8792,2.0542,0.0059,0.0808,2.0419,0.4170,-0.5830,0.4170,-0.5830,0,0
272,0,1.3600,-8.0870,5.8803,2.0545,0.0059,0.0797,2.0498,-0.5830,0.4170,-0.5830,0.4170,0,0
273,0,1.3650,-8.0873,5.8814,2.0548,0.0054,0.0786,2.0525,-0.5830,0.4170,-0.5830,0.4170,0,0
274,0,1.3700,-8.0877,5.8826,2.0551,0.0045,0.0775,2.0500,-0.5830,0.4170,-0.5830,0.4170,0,0
275,0,1.3750,-8.0881,5.8838,2.0554,0.0041,0.0765,2.0527,0.4170,-0.5830,0.4170,-0.5830,0,0
276,0,1.3800,-8.0884,5.8849,2.0557,0.0040,0.0754,2.0605,0.4170,-0.5830,0.4170,-0.5830,0,0
277,0,1.3850,-8.0888,5.8861,2.0561,0.0043,0.0742,2.0735,0.4170,-0.5830,0.4170,-0.5830,0,0
278,0,1.3900,-8.0892,5.8874,2.0564,0.0042,0.0731,2.0813,-0.5830,0.4170,-0.5830,0.4170,0,0
279,0,1.3950,-8.0897,5.8886,2.0568,0.0038,0.0720,2.0840,-0.5830,0.4170,-0.5830,0.4170,0,0
280,0,1.4000,-8.0901,5.8898,2.0572,0.0029,0.0709,2.0815,-0.5830,0.4170,-0.5830,0.4170,0,0
281,0,1.4050,-8.0905,5.8911,2.0575,0.0018,0.0699,2.0739,-0.5830,0.4170,-0.5830,0.4170,0,0
282,0,1.4100,-8.0909,5.8924,2.0579,0.0009,0.0690,2.0709,0.3235,-0.5653,0.3475,-0.5830,0,0
283,0,1.4150,-8.0914,5.8937,2.0583,0.0005,0.0682,2.0731,0.4170,-0.5830,0.4170,-0.5830,0,0
284,0,1.4200,-8.0918,5.8950,2.0587,0.0003,0.0673,2.0805,0.4170,-0.5830,0.4170,-0.5830,0,0
285,0,1.4250,-8.0923,5.8963,2.0591,-0.0001,0.0664,2.0827,-0.5830,0.4170,-0.5830,0.4170,0,0
286,0,1.4300,-8.0928,5.8977,2.0595,-0.0009,0.0656,2.0798,-0.5830,0.4170,-0.5830,0.4170,0,0
287,0,1.4350,-8.0932,5.8990,2.0600,-0.0021,0.0647,2.0717,-0.5830,0.4170,-0.5830,0.4170,0,0
288,0,1.4400,-8.0937,5.9004,2.0604,-0.0029,0.0638,2.0687,0.4170,-0.5826,0.4170,-0.5830,0,0
289,0,1.4450,-8.0942,5.9018,2.0609,-0.0034,0.0630,2.0710,0.4170,-0.5830,0.4170,-0.5830,0,0
290,0,1.4500,-8.0947,5.9032,2.0613,-0.0035,0.0621,2.0783,0.4170,-0.5830,0.4170,-0.5830,0,0
291,0,1.4550,-8.0952,5.9046,2.0618,-0.0034,0.0613,2.0908,0.4170,-0.5830,0.4170,-0.5830,0,0
292,0,1.4600,-8.0957,5.9060,2.0623,-0.0036,0.0605,2.0982,-0.5830,0.4170,-0.5830,0.4170,0,0
293,0,1.4650,-8.0963,5.9074,2.0628,-0.0040,0.0596,2.1004,-0.5830,0.4170,-0.5830,0.4170,0,0
294,0,1.4700,-8.0968,5.9089,2.0633,-0.0048,0.0587,2.0975,-0.5830,0.4170,-0.5830,0.4170,0,0
295,0,1.4750,-8.0974,5.9104,2.0639,-0.0053,0.0579,2.0997,0.4170,-0.5830,0.4170,-0.5830,0,0
296,0,1.4800,-8.0979,5.9118,2.0644,-0.0055,0.0570,2.1070,0.4170,-0.5830,0.4170,-0.5830,0,0
297,0,1.4850,-8.0985,5.9133,2.0649,-0.0054,0.0562,2.1196,0.4170,-0.5830,0.4170,-0.5830,0,0
298,0,1.4900,-8.0990,5.9148,2.0655,-0.0056,0.0554,2.1269,-0.5830,0.4170,-0.5830,0.4170,0,0
299,0,1.4950,-8.0996,5.9163,2.0661,-0.0060,0.0545,2.1291,-0.5830,0.4170,-0.5830,0.4170,0,0
300,0,1.5000,-8.1002,5.9178,2.0667,-0.0068,0.0536,2.1262,-0.5830,0.4170,-0.5830,0.4170,0,0
301,0,1.5050,-8.1008,5.9194,2.0672,-0.0078,0.0527,2.1181,-0.5830,0.4170,-0.5830,0.4170,0,0
302,0,1.5100,-8.1014,5.9209,2.0678,-0.0086,0.0521,2.1130,0.0072,-0.5500,0.0507,-0.5830,0,0
303,0,1.5150,-8.1020,5.9225,2.0683,-0.0091,0.0516,2.1132,0.4170,-0.5830,0.4170,-0.5830,0,0
304,0,1.5200,-8.1026,5.9240,2.0688,-0.0094,0.0512,2.1184,0.4170,-0.5830,0.4170,-0.5830,0,0
305,0,1.5250,-8.1033,5.9256,2.0693,-0.0100,0.0508,2.1197,-0.5830,0.2082,-0.5830,0.1929,0,0
306,0,1.5300,-8.1039,5.9272,2.0698,-0.0108,0.0504,2.1158,-0.5830,0.4170,-0.5830,0.4170,0,0
307,0,1.5350,-8.1045,5.9288,2.0703,-0.0119,0.0498,2.1067,-0.5830,0.4170,-0.5830,0.4170,0,0
308,0,1.5400,-8.1052,5.9303,2.0708,-0.0125,0.0496,2.1025,0.3488,-0.5790,0.3916,-0.5830,0,0
309,0,1.5450,-8.1059,5.9319,2.0713,-0.0129,0.0495,2.1035,0.4170,-0.5830,0.4170,-0.5830,0,0
310,0,1.5500,-8.1065,5.9336,2.0719,-0.0130,0.0494,2.1097,0.4170,-0.5830,0.4170,-0.5830,0,0
311,0,1.5550,-8.1072,5.9352,2.0724,-0.0128,0.0494,2.1209,0.4170,-0.5830,0.4170,-0.5814,0,0
312,0,1.5600,-8.1079,5.9368,2.0730,-0.0127,0.0491,2.1271,-0.5830,0.3839,-0.5830,0.4170,0,0
313,0,1.5650,-8.1086,5.9385,2.0735,-0.0129,0.0488,2.1282,-0.5830,0.4170,-0.5830,0.4170,0,0
314,0,1.5700,-8.1093,5.9401,2.0741,-0.0133,0.0483,2.1242,-0.5830,0.4044,-0.5830,0.4170,0,0
315,0,1.5750,-8.1100,5.9418,2.0747,-0.0134,0.0479,2.1253,0.4170,-0.5830,0.4170,-0.5823,0,0
316,0,1.5800,-8.1108,5.9434,2.0753,-0.0132,0.0476,2.1315,0.4170,-0.5830,0.4170,-0.5830,0,0
317,0,1.5850,-8.1115,5.9451,2.0759,-0.0129,0.0473,2.1429,0.4170,-0.5830,0.4170,-0.5830,0,0
318,0,1.5900,-8.1123,5.9468,2.0765,-0.0127,0.0469,2.1492,-0.5830,0.4072,-0.5830,0.4170,0,0
319,0,1.5950,-8.1130,5.9485,2.0772,-0.0127,0.0464,2.1503,-0.5830,0.4170,-0.5830,0.4170,0,0
320,0,1.6000,-8.1138,5.9502,2.0778,-0.0130,0.0459,2.1463,-0.5830,0.4108,-0.5830,0.4170,0,0
321,0,1.6050,-8.1146,5.9519,2.0785,-0.0134,0.0452,2.1371,-0.5830,0.4170,-0.5830,0.4170,0,0
322,0,1.6100,-8.1153,5.9536,2.0791,-0.0137,0.0448,2.1322,0.2465,-0.5716,0.2659,-0.5830,0,0
323,0,1.6150,-8.1161,5.9553,2.0797,-0.0137,0.0445,2.1325,0.4170,-0.5830,0.4170,-0.5830,0,0
324,0,1.6200,-8.1169,5.9570,2.0804,-0.0135,0.0442,2.1379,0.4170,-0.5830,0.4170,-0.5830,0,0
325,0,1.6250,-8.1177,5.9588,2.0810,-0.0135,0.0439,2.1383,-0.5830,0.4137,-0.5830,0.4022,0,0
326,0,1.6300,-8.1186,5.9605,2.0817,-0.0138,0.0436,2.1334,-0.5830,0.4170,-0.5830,0.4170,0,0
327,0,1.6350,-8.1194,5.9623,2.0824,-0.0144,0.0432,2.1235,-0.5830,0.4123,-0.5830,0.4050,0,0
328,0,1.6400,-8.1202,5.9640,2.0831,-0.0147,0.0429,2.1187,0.4170,-0.5830,0.4170,-0.5830,0,0
329,0,1.6450,-8.1211,5.9658,2.0838,-0.0148,0.0426,2.1191,0.4170,-0.5830,0.4170,-0.5830,0,0
330,0,1.6500,-8.1219,5.9676,2.0845,-0.0147,0.0425,2.1246,0.4170,-0.5830,0.4170,-0.5830,0,0
331,0,1.6550,-8.1228,5.9694,2.0852,-0.0144,0.0424,2.1353,0.4170,-0.5830,0.4170,-0.5830,0,0
332,0,1.6600,-8.1237,5.9711,2.0859,-0.0140,0.0420,2.1413,-0.5830,0.2889,-0.5830,0.3363,0,0
333,0,1.6650,-8.1246,5.9729,2.0866,-0.0138,0.0415,2.1422,-0.5830,0.4170,-0.5830,0.4170,0,0
334,0,1.6700,-8.1254,5.9747,2.0874,-0.0139,0.0409,2.1380,-0.5830,0.4170,-0.5830,0.4170,0,0
335,0,1.6750,-8.1263,5.9766,2.0881,-0.0139,0.0402,2.1388,0.4170,-0.5830,0.3783,-0.5768,0,0
336,0,1.6800,-8.1273,5.9784,2.0889,-0.0137,0.0396,2.1447,0.4170,-0.5830,0.4170,-0.5830,0,0
337,0,1.6850,-8.1282,5.9802,2.0896,-0.0133,0.0390,2.1558,0.4170,-0.5830,0.4144,-0.5830,0,0
338,0,1.6900,-8.1291,5.9820,2.0904,-0.0132,0.0383,2.1617,-0.5830,0.4170,-0.5830,0.4170,0,0
339,0,1.6950,-8.1300,5.9839,2.0912,-0.0132,0.0376,2.1625,-0.5830,0.4170,-0.5830,0.4170,0,0
340,0,1.7000,-8.1310,5.9857,2.0920,-0.0134,0.0367,2.1581,-0.5830,0.4170,-0.5830,0.4170,0,0
341,0,1.7050,-8.1319,5.9876,2.0928,-0.0138,0.0359,2.1486,-0.5830,0.4170,-0.5830,0.4170,0,0
342,0,1.7100,-8.1329,5.9894,2.0936,-0.0140,0.0352,2.1434,0.2520,-0.5712,0.2647,-0.5830,0,0
343,0,1.7150,-8.1338,5.9913,2.0944,-0.0141,0.0346,2.1434,0.4170,-0.5830,0.4170,-0.5830,0,0
344,0,1.7200,-8.1348,5.9931,2.0952,-0.0139,0.0340,2.1484,0.4170,-0.5830,0.4170,-0.5830,0,0
345,0,1.7250,-8.1358,5.9950,2.0960,-0.0141,0.0335,2.1488,-0.5830,0.3444,-0.5830,0.3307,0,0
346,0,1.7300,-8.1368,5.9969,2.0968,-0.0143,0.0328,2.1440,-0.5830,0.4170,-0.5830,0.4170,0,0
347,0,1.7350,-8.1378,5.9988,2.0976,-0.0148,0.0321,2.1340,-0.5830,0.4170,-0.5830,0.4170,0,0
348,0,1.7400,-8.1388,6.0006,2.0984,-0.0150,0.0316,2.1292,0.4009,-0.5766,0.4170,-0.5830,0,0
349,0,1.7450,-8.1398,6.0025,2.0993,-0.0150,0.0312,2.1295,0.4170,-0.5830,0.4170,-0.5830,0,0
350,0,1.7500,-8.1408,6.0044,2.1001,-0.0149,0.0309,2.1349,0.4158,-0.5823,0.4170,-0.5830,0,0
351,0,1.7550,-8.1418,6.0063,2.1010,-0.0147,0.0306,2.1455,0.4170,-0.5830,0.4170,-0.5830,0,0
352,0,1.7600,-8.1429,6.0082,2.1019,-0.0144,0.0301,2.1512,-0.5830,0.3486,-0.5830,0.3880,0,0
353,0,1.7650,-8.1439,6.0101,2.1028,-0.0142,0.0294,2.1517,-0.5830,0.4170,-0.5830,0.4170,0,0
354,0,1.7700,-8.1449,6.0120,2.1036,-0.0142,0.0288,2.1471,-0.5830,0.4170,-0.5830,0.4170,0,0
355,0,1.7750,-8.1460,6.0140,2.1045,-0.0142,0.0280,2.1475,0.4170,-0.5830,0.3854,-0.5809,0,0
356,0,1.7800,-8.1471,6.0159,2.1054,-0.0140,0.0272,2.1531,0.4170,-0.5830,0.4170,-0.5830,0,0
357,0,1.7850,-8.1481,6.0178,2.1064,-0.0138,0.0265,2.1638,0.4170,-0.5830,0.4149,-0.5830,0,0
358,0,1.7900,-8.1492,6.0197,2.1073,-0.0136,0.0258,2.1694,-0.5830,0.4150,-0.5830,0.4170,0,0
359,0,1.7950,-8.1503,6.0217,2.1082,-0.0136,0.0250,2.1699,-0.5830,0.4170,-0.5830,0.4170,0,0
360,0,1.8000,-8.1514,6.0236,2.1092,-0.0136,0.0240,2.1653,-0.5830,0.3936,-0.5830,0.4057,0,0
361,0,1.8050,-8.1525,6.0255,2.1101,-0.0138,0.0230,2.1555,-0.5830,0.4170,-0.5830,0.4170,0,0
362,0,1.8100,-8.1536,6.0275,2.1111,-0.0139,0.0221,2.1501,0.2724,-0.5676,0.2797,-0.5830,0,0
363,0,1.8150,-8.1547,6.0294,2.1120,-0.0139,0.0213,2.1499,0.4170,-0.5830,0.4170,-0.5830,0,0
364,0,1.8200,-8.1558,6.0314,2.1130,-0.0138,0.0206,2.1548,0.4170,-0.5830,0.4170,-0.5830,0,0
365,0,1.8250,-8.1569,6.0333,2.1139,-0.0138,0.0200,2.1553,-0.5830,0.2826,-0.5830,0.2609,0,0
366,0,1.8300,-8.1580,6.0353,2.1149,-0.0140,0.0192,2.1507,-0.5830,0.4170,-0.5830,0.4170,0,0
367,0,1.8350,-8.1591,6.0372,2.1158,-0.0143,0.0184,2.1409,-0.5830,0.4170,-0.5830,0.4170,0,0
368,0,1.8400,-8.1603,6.0392,2.1168,-0.0144,0.0178,2.1356,0.2715,-0.5735,0.2879,-0.5830,0,0
369,0,1.8450,-8.1614,6.0411,2.1177,-0.0145,0.0173,2.1354,0.4170,-0.5830,0.4170,-0.5830,0,0
370,0,1.8500,-8.1625,6.0431,2.1187,-0.0145,0.0169,2.1403,0.4170,-0.5830,0.4170,-0.5830,0,0
371,0,1.8550,-8.1637,6.0450,2.1197,-0.0143,0.0165,2.1504,0.4170,-0.5830,0.4170,-0.5830,0,0
372,0,1.8600,-8.1648,6.0470,2.1206,-0.0141,0.0159,2.1566,-0.5830,0.1479,-0.5830,0.1751,0,0
373,0,1.8650,-8.1660,6.0490,2.1215,-0.0140,0.0153,2.1577,-0.5830,0.4170,-0.5830,0.4170,0,0
374,0,1.8700,-8.1672,6.0509,2.1225,-0.0140,0.0145,2.1537,-0.5830,0.4170,-0.5830,0.4170,0,0
375,0,1.8750,-8.1683,6.0529,2.1234,-0.0141,0.0137,2.1534,0.1652,-0.5830,0.1333,-0.5827,0,0
376,0,1.8800,-8.1695,6.0548,2.1243,-0.0141,0.0129,2.1583,0.4170,-0.5830,0.4170,-0.5830,0,0
377,0,1.8850,-8.1707,6.0568,2.1252,-0.0140,0.0122,2.1683,0.4170,-0.5830,0.4170,-0.5830,0,0
378,0,1.8900,-8.1719,6.0588,2.1260,-0.0139,0.0114,2.1746,-0.5830,0.1305,-0.5830,0.1374,0,0
379,0,1.8950,-8.1731,6.0607,2.1269,-0.0139,0.0106,2.1758,-0.5830,0.4170,-0.5830,0.4170,0,0
380,0,1.9000,-8.1742,6.0627,2.1277,-0.0140,0.0096,2.1718,-0.5830,0.4170,-0.5830,0.4170,0,0
381,0,1.9050,-8.1754,6.0647,2.1286,-0.0141,0.0086,2.1627,-0.5830,0.4170,-0.5830,0.4170,0,0
382,0,1.9100,-8.1766,6.0666,2.1294,-0.0142,0.0078,2.1566,-0.0050,-0.5670,0.0066,-0.5830,0,0
383,0,1.9150,-8.1778,6.0686,2.1302,-0.0142,0.0071,2.1556,0.4170,-0.5830,0.4170,-0.5830,0,0
384,0,1.9200,-8.1790,6.0706,2.1310,-0.0142,0.0064,2.1597,0.4170,-0.5830,0.4170,-0.5830,0,0
385,0,1.9250,-8.1802,6.0725,2.1317,-0.0144,0.0058,2.1610,-0.5830,-0.0285,-0.5830,-0.0526,0,0
386,0,1.9300,-8.1815,6.0745,2.1325,-0.0146,0.0052,2.1573,-0.5830,0.4170,-0.5830,0.4170,0,0
387,0,1.9350,-8.1827,6.0765,2.1332,-0.0148,0.0044,2.1483,-0.5830,0.4170,-0.5830,0.4170,0,0
388,0,1.9400,-8.1839,6.0784,2.1338,-0.0149,0.0039,2.1421,-0.0675,-0.5735,-0.0457,-0.5830,0,0
389,0,1.9450,-8.1851,6.0804,2.1345,-0.0150,0.0035,2.1410,0.4170,-0.5830,0.4170,-0.5830,0,0
390,0,1.9500,-8.1863,6.0823,2.1351,-0.0151,0.0031,2.1450,0.4170,-0.5830,0.4170,-0.5830,0,0
391,0,1.9550,-8.1876,6.0843,2.1358,-0.0152,0.0028,2.1542,0.4170,-0.5830,0.4170,-0.5830,0,0
392,0,1.9600,-8.1888,6.0863,2.1363,-0.0152,0.0024,2.1614,-0.5830,-0.2134,-0.5830,-0.1935,0,0
393,0,1.9650,-8.1900,6.0882,2.1368,-0.0152,0.0019,2.1635,-0.5830,0.4170,-0.5830,0.4170,0,0
394,0,1.9700,-8.1912,6.0902,2.1373,-0.0151,0.0013,2.1604,-0.5830,0.4170,-0.5830,0.4170,0,0
395,0,1.9750,-8.1925,6.0921,2.1377,-0.0152,0.0007,2.1592,-0.2033,-0.5830,-0.2170,-0.5828,0,0
396,0,1.9800,-8.1937,6.0941,2.1381,-0.0153,0.0001,2.1632,0.4170,-0.5830,0.4170,-0.5830,0,0
397,0,1.9850,-8.1950,6.0960,2.1385,-0.0153,-0.0003,2.1724,0.4170,-0.5830,0.4170,-0.5830,0,0
398,0,1.9900,-8.1962,6.0980,2.1388,-0.0154,-0.0009,2.1794,-0.5830,-0.1813,-0.5830,-0.1763,0,0
399,0,1.9950,-8.1975,6.0999,2.1391,-0.0154,-0.0015,2.1813,-0.5830,0.4170,-0.5830,0.4170,0,0
400,0,2.0000,-8.1987,6.1019,2.1394,-0.0154,-0.0022,2.1781,-0.5830,0.4170,-0.5830,0.4170,0,0
401,0,2.0050,-8.2000,6.1038,2.1397,-0.0154,-0.0029,2.1697,-0.5830,0.4170,-0.5830,0.4170,0,0
402,0,2.0100,-8.2012,6.1057,2.1398,-0.0154,-0.0035,2.1630,-0.2724,-0.5694,-0.2557,-0.5830,0,0
403,0,2.0150,-8.2025,6.1077,2.1400,-0.0154,-0.0040,2.1614,0.4170,-0.5830,0.4170,-0.5830,0,0
404,0,2.0200,-8.2037,6.1096,2.1401,-0.0154,-0.0044,2.1649,0.4170,-0.5830,0.4170,-0.5830,0,0
405,0,2.0250,-8.2050,6.1116,2.1402,-0.0156,-0.0047,2.1664,-0.5830,-0.1932,-0.5830,-0.2140,0,0
406,0,2.0300,-8.2063,6.1135,2.1402,-0.0157,-0.0052,2.1629,-0.5830,0.4170,-0.5830,0.4170,0,0
407,0,2.0350,-8.2075,6.1154,2.1402,-0.0157,-0.0056,2.1542,-0.5830,0.4170,-0.5830,0.4170,0,0
408,0,2.0400,-8.2088,6.1173,2.1401,-0.0157,-0.0059,2.1477,-0.1445,-0.5756,-0.1196,-0.5830,0,0
409,0,2.0450,-8.2101,6.1193,2.1401,-0.0158,-0.0061,2.1465,0.4170,-0.5830,0.4170,-0.5830,0,0
410,0,2.0500,-8.2113,6.1212,2.1400,-0.0158,-0.0063,2.1503,0.4170,-0.5830,0.4170,-0.5830,0,0
411,0,2.0550,-8.2126,6.1231,2.1400,-0.0159,-0.0063,2.1593,0.4170,-0.5830,0.4170,-0.5830,0,0
412,0,2.0600,-8.2139,6.1250,2.1398,-0.0159,-0.0065,2.1662,-0.5830,-0.1759,-0.5830,-0.1560,0,0
413,0,2.0650,-8.2152,6.1269,2.1396,-0.0158,-0.0068,2.1679,-0.5830,0.4170,-0.5830,0.4170,0,0
414,0,2.0700,-8.2165,6.1288,2.1394,-0.0157,-0.0071,2.1645,-0.5830,0.4170,-0.5830,0.4170,0,0
415,0,2.0750,-8.2177,6.1307,2.1391,-0.0157,-0.0074,2.1638,-0.0544,-0.5830,-0.0584,-0.5814,0,0
416,0,2.0800,-8.2190,6.1326,2.1389,-0.0156,-0.0077,2.1682,0.4170,-0.5830,0.4170,-0.5830,0,0
417,0,2.0850,-8.2203,6.1345,2.1386,-0.0157,-0.0079,2.1778,0.4170,-0.5830,0.4170,-0.5830,0,0
418,0,2.0900,-8.2216,6.1364,2.1383,-0.0156,-0.0081,2.1837,-0.5830,0.1258,-0.5830,0.1352,0,0
419,0,2.0950,-8.2229,6.1383,2.1380,-0.0155,-0.0085,2.1844,-0.5830,0.4170,-0.5830,0.4170,0,0
420,0,2.1000,-8.2242,6.1402,2.1377,-0.0153,-0.0089,2.1800,-0.5830,0.4170,-0.5830,0.4170,0,0
421,0,2.1050,-8.2255,6.1420,2.1374,-0.0151,-0.0094,2.1705,-0.5830,0.4170,-0.5830,0.4170,0,0
422,0,2.1100,-8.2268,6.1439,2.1371,-0.0150,-0.0096,2.1648,0.1566,-0.5556,0.1840,-0.5830,0,0
423,0,2.1150,-8.2281,6.1458,2.1368,-0.0148,-0.0097,2.1642,0.4170,-0.5830,0.4170,-0.5830,0,0
424,0,2.1200,-8.2294,6.1477,2.1365,-0.0148,-0.0097,2.1687,0.4170,-0.5830,0.4170,-0.5830,0,0
425,0,2.1250,-8.2307,6.1495,2.1362,-0.0147,-0.0097,2.1684,-0.5830,0.3716,-0.5830,0.3564,0,0
426,0,2.1300,-8.2320,6.1514,2.1359,-0.0147,-0.0098,2.1630,-0.5830,0.4170,-0.5830,0.4170,0,0
427,0,2.1350,-8.2333,6.1532,2.1356,-0.0145,-0.0099,2.1524,-0.5830,0.4170,-0.5830,0.4170,0,0
428,0,2.1400,-8.2346,6.1551,2.1354,-0.0144,-0.0100,2.1469,0.4170,-0.5830,0.4170,-0.5830,0,0
429,0,2.1450,-8.2359,6.1569,2.1351,-0.0144,-0.0100,2.1466,0.4170,-0.5830,0.4170,-0.5830,0,0
430,0,2.1500,-8.2372,6.1588,2.1349,-0.0144,-0.0100,2.1514,0.4170,-0.5830,0.4170,-0.5830,0,0
431,0,2.1550,-8.2385,6.1606,2.1346,-0.0145,-0.0098,2.1614,0.4170,-0.5830,0.4170,-0.5830,0,0
432,0,2.1600,-8.2398,6.1624,2.1344,-0.0144,-0.0099,2.1665,-0.5830,0.3560,-0.5830,0.3790,0,0
433,0,2.1650,-8.2411,6.1643,2.1342,-0.0142,-0.0100,2.1664,-0.5830,0.4170,-0.5830,0.4170,0,0
434,0,2.1700,-8.2425,6.1661,2.1340,-0.0140,-0.0102,2.1612,-0.5830,0.4170,-0.5830,0.4170,0,0
435,0,2.1750,-8.2438,6.1679,2.1338,-0.0139,-0.0103,2.1612,0.4170,-0.5830,0.4170,-0.5830,0,0
436,0,2.1800,-8.2451,6.1697,2.1336,-0.0138,-0.0103,2.1663,0.4170,-0.5830,0.4170,-0.5830,0,0
437,0,2.1850,-8.2464,6.1716,2.1334,-0.0137,-0.0103,2.1765,0.4170,-0.5830,0.4170,-0.5830,0,0
438,0,2.1900,-8.2477,6.1734,2.1332,-0.0136,-0.0104,2.1816,-0.5830,0.4170,-0.5830,0.4170,0,0
439,0,2.1950,-8.2491,6.1752,2.1331,-0.0135,-0.0105,2.1815,-0.5830,0.4170,-0.5830,0.4170,0,0
440,0,2.2000,-8.2504,6.1770,2.1329,-0.0133,-0.0107,2.1763,-0.5830,0.4170,-0.5830,0.4170,0,0
441,0,2.2050,-8.2517,6.1788,2.1328,-0.0130,-0.0109,2.1660,-0.5830,0.4170,-0.5830,0.4170,0,0
442,0,2.2100,-8.2530,6.1806,2.1327,-0.0127,-0.0109,2.1607,0.3967,-0.5714,0.4170,-0.5830,0,0
443,0,2.2150,-8.2544,6.1823,2.1326,-0.0125,-0.0109,2.1605,0.4170,-0.5830,0.4170,-0.5830,0,0
444,0,2.2200,-8.2557,6.1841,2.1325,-0.0124,-0.0108,2.1655,0.4170,-0.5793,0.4170,-0.5830,0,0
445,0,2.2250,-8.2570,6.1859,2.1324,-0.0122,-0.0107,2.1654,-0.5830,0.4170,-0.5830,0.4170,0,0
446,0,2.2300,-8.2584,6.1877,2.1323,-0.0120,-0.0107,2.1601,-0.5830,0.4170,-0.5830,0.4170,0,0
447,0,2.2350,-8.2597,6.1895,2.1323,-0.0117,-0.0108,2.1496,-0.5830,0.4170,-0.5830,0.4170,0,0
448,0,2.2400,-8.2610,6.1912,2.1322,-0.0115,-0.0107,2.1443,0.4102,-0.5769,0.4170,-0.5830,0,0
449,0,2.2450,-8.2624,6.1930,2.1322,-0.0113,-0.0106,2.1441,0.4170,-0.5830,0.4170,-0.5830,0,0
450,0,2.2500,-8.2637,6.1948,2.1322,-0.0111,-0.0104,2.1491,0.4170,-0.5830,0.4170,-0.5830,0,0
451,0,2.2550,-8.2650,6.1965,2.1322,-0.0111,-0.0101,2.1592,0.4170,-0.5830,0.4170,-0.5830,0,0
452,0,2.2600,-8.2664,6.1983,2.1322,-0.0109,-0.0099,2.1642,-0.5830,0.4124,-0.5830,0.4170,0,0
453,0,2.2650,-8.2677,6.2000,2.1322,-0.0107,-0.0098,2.1640,-0.5830,0.4170,-0.5830,0.4170,0,0
454,0,2.2700,-8.2690,6.2018,2.1322,-0.0104,-0.0098,2.1587,-0.5830,0.4062,-0.5830,0.4170,0,0
455,0,2.2750,-8.2704,6.2035,2.1322,-0.0101,-0.0098,2.1585,0.4170,-0.5830,0.4170,-0.5830,0,0
456,0,2.2800,-8.2717,6.2052,2.1323,-0.0099,-0.0097,2.1635,0.4170,-0.5830,0.4170,-0.5830,0,0
457,0,2.2850,-8.2731,6.2070,2.1323,-0.0097,-0.0095,2.1737,0.4170,-0.5830,0.4170,-0.5830,0,0
458,0,2.2900,-8.2744,6.2087,2.1324,-0.0095,-0.0094,2.1787,-0.5830,0.4170,-0.5830,0.4170,0,0
459,0,2.2950,-8.2757,6.2104,2.1325,-0.0093,-0.0093,2.1785,-0.5830,0.4170,-0.5830,0.4170,0,0
460,0,2.3000,-8.2771,6.2121,2.1326,-0.0089,-0.0094,2.1733,-0.5830,0.4076,-0.5830,0.4170,0,0
461,0,2.3050,-8.2784,6.2139,2.1327,-0.0085,-0.0095,2.1629,-0.5830,0.4170,-0.5830,0.4170,0,0
462,0,2.3100,-8.2798,6.2156,2.1328,-0.0081,-0.0094,2.1575,0.4041,-0.5734,0.4170,-0.5830,0,0
463,0,2.3150,-8.2811,6.2173,2.1329,-0.0078,-0.0092,2.1574,0.4170,-0.5830,0.4170,-0.5830,0,0
464,0,2.3200,-8.2825,6.2190,2.1331,-0.0075,-0.0091,2.1623,0.4170,-0.5796,0.4170,-0.5830,0,0
465,0,2.3250,-8.2838,6.2207,2.1332,-0.0072,-0.0089,2.1621,-0.5830,0.4170,-0.5830,0.4170,0,0
466,0,2.3300,-8.2852,6.2224,2.1334,-0.0068,-0.0088,2.1568,-0.5830,0.4170,-0.5830,0.4170,0,0
467,0,2.3350,-8.2865,6.2241,2.1336,-0.0064,-0.0087,2.1463,-0.5830,0.4170,-0.5830,0.4170,0,0
468,0,2.3400,-8.2879,6.2258,2.1337,-0.0061,-0.0086,2.1410,0.4132,-0.5778,0.4170,-0.5830,0,0
469,0,2.3450,-8.2892,6.2275,2.1339,-0.0058,-0.0084,2.1408,0.4170,-0.5830,0.4170,-0.5830,0,0
470,0,2.3500,-8.2905,6.2292,2.1342,-0.0055,-0.0081,2.1457,0.4170,-0.5830,0.4170,-0.5830,0,0
471,0,2.3550,-8.2919,6.2309,2.1344,-0.0053,-0.0079,2.1558,0.4170,-0.5830,0.4170,-0.5830,0,0
472,0,2.3600,-8.2932,6.2326,2.1346,-0.0049,-0.0078,2.1608,-0.5830,0.3901,-0.5830,0.4120,0,0
473,0,2.3650,-8.2946,6.2343,2.1348,-0.0045,-0.0077,2.1607,-0.5830,0.4170,-0.5830,0.4170,0,0
474,0,2.3700,-8.2959,6.2360,2.1351,-0.0040,-0.0077,2.1554,-0.5830,0.4135,-0.5830,0.4170,0,0
475,0,2.3750,-8.2973,6.2377,2.1354,-0.0036,-0.0076,2.1553,0.4170,-0.5830,0.4170,-0.5830,0,0
476,0,2.3800,-8.2986,6.2393,2.1356,-0.0032,-0.0075,2.1603,0.4170,-0.5830,0.4170,-0.5830,0,0
477,0,2.3850,-8.3000,6.2410,2.1359,-0.0028,-0.0074,2.1705,0.4170,-0.5830,0.4170,-0.5830,0,0
478,0,2.3900,-8.3013,6.2427,2.1362,-0.0024,-0.0073,2.1755,-0.5830,0.4170,-0.5830,0.4170,0,0
479,0,2.3950,-8.3027,6.2444,2.1365,-0.0020,-0.0073,2.1754,-0.5830,0.4170,-0.5830,0.4170,0,0
480,0,2.4000,-8.3040,6.2460,2.1369,-0.0015,-0.0072,2.1702,-0.5830,0.4013,-0.5830,0.4088,0,0
481,0,2.4050,-8.3053,6.2477,2.1372,-0.0010,-0.0072,2.1598,-0.5830,0.4170,-0.5830,0.4170,0,0
482,0,2.4100,-8.3067,6.2494,2.1375,-0.0005,-0.0071,2.1545,0.3882,-0.5716,0.3940,-0.5830,0,0
483,0,2.4150,-8.3080,6.2510,2.1379,-0.0000,-0.0070,2.1542,0.4170,-0.5830,0.4170,-0.5830,0,0
484,0,2.4200,-8.3094,6.2527,2.1383,0.0003,-0.0068,2.1592,0.4170,-0.5787,0.4170,-0.5830,0,0
485,0,2.4250,-8.3107,6.2544,2.1386,0.0008,-0.0067,2.1589,-0.5830,0.4170,-0.5830,0.4170,0,0
486,0,2.4300,-8.3120,6.2560,2.1390,0.0012,-0.0065,2.1535,-0.5830,0.4170,-0.5830,0.4170,0,0
487,0,2.4350,-8.3134,6.2577,2.1394,0.0017,-0.0064,2.1430,-0.5830,0.4170,-0.5830,0.4170,0,0
488,0,2.4400,-8.3147,6.2594,2.1398,0.0021,-0.0062,2.1376,0.4170,-0.5772,0.4170,-0.5830,0,0
489,0,2.4450,-8.3161,6.2610,2.1403,0.0025,-0.0060,2.1374,0.4170,-0.5830,0.4170,-0.5830,0,0
490,0,2.4500,-8.3174,6.2627,2.1407,0.0029,-0.0059,2.1423,0.4170,-0.5815,0.4170,-0.5830,0,0
491,0,2.4550,-8.3187,6.2643,2.1411,0.0032,-0.0057,2.1523,0.4170,-0.5830,0.4170,-0.5830,0,0
492,0,2.4600,-8.3200,6.2660,2.1416,0.0036,-0.0056,2.1576,-0.5830,0.3334,-0.5830,0.3474,0,0
493,0,2.4650,-8.3214,6.2677,2.1420,0.0040,-0.0055,2.1578,-0.5830,0.4170,-0.5830,0.4170,0,0
494,0,2.4700,-8.3227,6.2693,2.1425,0.0045,-0.0054,2.1528,-0.5830,0.4170,-0.5830,0.4170,0,0
495,0,2.4750,-8.3240,6.2710,2.1430,0.0048,-0.0054,2.1527,0.3950,-0.5830,0.3698,-0.5830,0,0
496,0,2.4800,-8.3254,6.2726,2.1434,0.0051,-0.0055,2.1579,0.4170,-0.5830,0.4170,-0.5830,0,0
497,0,2.4850,-8.3267,6.2743,2.1439,0.0054,-0.0055,2.1681,0.4170,-0.5830,0.4170,-0.5830,0,0
498,0,2.4900,-8.3280,6.2759,2.1444,0.0056,-0.0056,2.1732,-0.5830,0.4170,-0.5830,0.4170,0,0
499,0,2.4950,-8.3293,6.2776,2.1449,0.0060,-0.0056,2.1732,-0.5830,0.4170,-0.5830,0.4170,0,0
500,0,2.5000,-8.3306,6.2792,2.1455,0.0063,-0.0056,2.1681,-0.5830,0.4022,-0.5830,0.4004,0,0
501,0,2.5050,-8.3319,6.2809,2.1460,0.0067,-0.0055,2.1578,-0.5830,0.4170,-0.5830,0.4170,0,0
502,0,2.5100,-8.3332,6.2825,2.1465,0.0069,-0.0054,2.1523,0.3432,-0.5707,0.3448,-0.5830,0,0
503,0,2.5150,-8.3346,6.2842,2.1471,0.0072,-0.0054,2.1520,0.4170,-0.5830,0.4170,-0.5830,0,0
504,0,2.5200,-8.3359,6.2859,2.1476,0.0074,-0.0054,2.1568,0.4170,-0.5829,0.4170,-0.5830,0,0
505,0,2.5250,-8.3372,6.2875,2.1482,0.0075,-0.0052,2.1568,-0.5830,0.3552,-0.5830,0.3366,0,0
506,0,2.5300,-8.3385,6.2892,2.1487,0.0077,-0.0050,2.1516,-0.5830,0.4170,-0.5830,0.4170,0,0
507,0,2.5350,-8.3398,6.2908,2.1493,0.0079,-0.0048,2.1413,-0.5830,0.4170,-0.5830,0.4170,0,0
508,0,2.5400,-8.3411,6.2925,2.1499,0.0081,-0.0045,2.1359,0.3523,-0.5756,0.3590,-0.5830,0,0
509,0,2.5450,-8.3424,6.2941,2.1504,0.0082,-0.0043,2.1356,0.4170,-0.5830,0.4170,-0.5830,0,0
510,0,2.5500,-8.3437,6.2958,2.1510,0.0084,-0.0041,2.1404,0.4170,-0.5830,0.4170,-0.5830,0,0
511,0,2.5550,-8.3449,6.2974,2.1516,0.0085,-0.0039,2.1503,0.4170,-0.5830,0.4170,-0.5830,0,0
512,0,2.5600,-8.3462,6.2991,2.1522,0.0087,-0.0038,2.1560,-0.5830,0.2493,-0.5830,0.2640,0,0
513,0,2.5650,-8.3475,6.3007,2.1528,0.0089,-0.0037,2.1565,-0.5830,0.4170,-0.5830,0.4170,0,0
514,0,2.5700,-8.3488,6.3024,2.1534,0.0091,-0.0035,2.1518,-0.5830,0.4170,-0.5830,0.4170,0,0
515,0,2.5750,-8.3501,6.3040,2.1539,0.0092,-0.0034,2.1515,0.2588,-0.5830,0.2337,-0.5830,0,0
516,0,2.5800,-8.3514,6.3057,2.1545,0.0093,-0.0035,2.1562,0.4170,-0.5830,0.4170,-0.5830,0,0
517,0,2.5850,-8.3526,6.3074,2.1551,0.0093,-0.0035,2.1661,0.4170,-0.5830,0.4170,-0.5830,0,0
518,0,2.5900,-8.3539,6.3090,2.1557,0.0094,-0.0036,2.1719,-0.5830,0.2239,-0.5830,0.2262,0,0
519,0,2.5950,-8.3552,6.3107,2.1562,0.0095,-0.0036,2.1725,-0.5830,0.4170,-0.5830,0.4170,0,0
520,0,2.6000,-8.3565,6.3123,2.1568,0.0096,-0.0035,2.1679,-0.5830,0.4170,-0.5830,0.4170,0,0
521,0,2.6050,-8.3577,6.3140,2.1574,0.0098,-0.0034,2.1582,-0.5830,0.4170,-0.5830,0.4170,0,0
522,0,2.6100,-8.3590,6.3157,2.1579,0.0098,-0.0033,2.1523,0.1416,-0.5724,0.1423,-0.5830,0,0
523,0,2.6150,-8.3602,6.3173,2.1584,0.0099,-0.0032,2.1514,0.4170,-0.5830,0.4170,-0.5830,0,0
524,0,2.6200,-8.3615,6.3190,2.1590,0.0099,-0.0032,2.1557,0.4170,-0.5830,0.4170,-0.5830,0,0
525,0,2.6250,-8.3628,6.3206,2.1595,0.0099,-0.0031,2.1565,-0.5830,0.1079,-0.5830,0.0914,0,0
526,0,2.6300,-8.3640,6.3223,2.1600,0.0099,-0.0029,2.1522,-0.5830,0.4170,-0.5830,0.4170,0,0
527,0,2.6350,-8.3653,6.3240,2.1605,0.0099,-0.0026,2.1427,-0.5830,0.4170,-0.5830,0.4170,0,0
528,0,2.6400,-8.3665,6.3256,2.1609,0.0098,-0.0023,2.1366,0.0716,-0.5771,0.0779,-0.5830,0,0
529,0,2.6450,-8.3678,6.3273,2.1614,0.0098,-0.0021,2.1356,0.4170,-0.5830,0.4170,-0.5830,0,0
530,0,2.6500,-8.3690,6.3290,2.1618,0.0098,-0.0019,2.1398,0.4170,-0.5830,0.4170,-0.5830,0,0
531,0,2.6550,-8.3703,6.3306,2.1623,0.0097,-0.0018,2.1491,0.4170,-0.5830,0.4170,-0.5830,0,0
532,0,2.6600,-8.3715,6.3323,2.1626,0.0097,-0.0017,2.1557,-0.5830,-0.0680,-0.5830,-0.0528,0,0
533,0,2.6650,-8.3727,6.3340,2.1630,0.0098,-0.0016,2.1572,-0.5830,0.4170,-0.5830,0.4170,0,0
534,0,2.6700,-8.3740,6.3356,2.1634,0.0098,-0.0014,2.1535,-0.5830,0.4170,-0.5830,0.4170,0,0
535,0,2.6750,-8.3752,6.3373,2.1636,0.0097,-0.0014,2.1524,-0.0707,-0.5830,-0.0951,-0.5830,0,0
536,0,2.6800,-8.3765,6.3390,2.1639,0.0096,-0.0014,2.1565,0.4170,-0.5830,0.4170,-0.5830,0,0
537,0,2.6850,-8.3777,6.3406,2.1642,0.0095,-0.0015,2.1657,0.4170,-0.5830,0.4170,-0.5830,0,0
538,0,2.6900,-8.3789,6.3423,2.1644,0.0095,-0.0015,2.1723,-0.5830,-0.0881,-0.5830,-0.0851,0,0
539,0,2.6950,-8.3801,6.3440,2.1645,0.0094,-0.0016,2.1738,-0.5830,0.4170,-0.5830,0.4170,0,0
540,0,2.7000,-8.3814,6.3457,2.1647,0.0093,-0.0015,2.1701,-0.5830,0.4170,-0.5830,0.4170,0,0
541,0,2.7050,-8.3826,6.3473,2.1649,0.0093,-0.0015,2.1613,-0.5830,0.4170,-0.5830,0.4170,0,0
542,0,2.7100,-8.3838,6.3490,2.1650,0.0092,-0.0014,2.1547,-0.1583,-0.5746,-0.1582,-0.5830,0,0
543,0,2.7150,-8.3850,6.3507,2.1651,0.0090,-0.0013,2.1532,0.4170,-0.5830,0.4170,-0.5830,0,0
544,0,2.7200,-8.3863,6.3524,2.1652,0.0089,-0.0013,2.1569,0.4170,-0.5830,0.4170,-0.5830,0,0
545,0,2.7250,-8.3875,6.3540,2.1651,0.0087,-0.0012,2.1582,-0.5830,-0.1287,-0.5830,-0.1422,0,0
546,0,2.7300,-8.3887,6.3557,2.1651,0.0086,-0.0010,2.1544,-0.5830,0.4170,-0.5830,0.4170,0,0
547,0,2.7350,-8.3899,6.3574,2.1651,0.0084,-0.0009,2.1455,-0.5830,0.4170,-0.5830,0.4170,0,0
548,0,2.7400,-8.3911,6.3591,2.1650,0.0082,-0.0006,2.1390,-0.1065,-0.5790,-0.0999,-0.5830,0,0
549,0,2.7450,-8.3923,6.3608,2.1648,0.0080,-0.0005,2.1377,0.4170,-0.5830,0.4170,-0.5830,0,0
550,0,2.7500,-8.3935,6.3624,2.1647,0.0079,-0.0003,2.1415,0.4170,-0.5830,0.4170,-0.5830,0,0
551,0,2.7550,-8.3947,6.3641,2.1646,0.0077,-0.0002,2.1505,0.4170,-0.5830,0.4170,-0.5830,0,0
552,0,2.7600,-8.3959,6.3658,2.1644,0.0076,-0.0002,2.1573,-0.5830,-0.1668,-0.5830,-0.1503,0,0
553,0,2.7650,-8.3972,6.3675,2.1642,0.0075,-0.0001,2.1589,-0.5830,0.4170,-0.5830,0.4170,0,0
554,0,2.7700,-8.3984,6.3692,2.1639,0.0074,-0.0000,2.1554,-0.5830,0.4170,-0.5830,0.4170,0,0
555,0,2.7750,-8.3996,6.3709,2.1636,0.0072,-0.0000,2.1544,-0.0806,-0.5830,-0.1025,-0.5814,0,0
556,0,2.7800,-8.4008,6.3726,2.1633,0.0070,-0.0001,2.1585,0.4170,-0.5830,0.4170,-0.5830,0,0
557,0,2.7850,-8.4020,6.3742,2.1630,0.0068,-0.0002,2.1678,0.4170,-0.5830,0.4170,-0.5830,0,0
558,0,2.7900,-8.4032,6.3759,2.1626,0.0067,-0.0003,2.1739,-0.5830,0.0346,-0.5830,0.0401,0,0
559,0,2.7950,-8.4044,6.3776,2.1622,0.0065,-0.0004,2.1749,-0.5830,0.4170,-0.5830,0.4170,0,0
560,0,2.8000,-8.4056,6.3793,2.1618,0.0064,-0.0005,2.1707,-0.5830,0.4170,-0.5830,0.4170,0,0
561,0,2.8050,-8.4067,6.3810,2.1615,0.0062,-0.0005,2.1614,-0.5830,0.4170,-0.5830,0.4170,0,0
562,0,2.8100,-8.4079,6.3827,2.1610,0.0060,-0.0004,2.1553,0.0547,-0.5732,0.0635,-0.5830,0,0
563,0,2.8150,-8.4091,6.3844,2.1606,0.0059,-0.0004,2.1544,0.4170,-0.5830,0.4170,-0.5830,0,0
564,0,2.8200,-8.4103,6.3861,2.1602,0.0057,-0.0004,2.1587,0.4170,-0.5830,0.4170,-0.5830,0,0
565,0,2.8250,-8.4115,6.3878,2.1598,0.0055,-0.0003,2.1588,-0.5830,0.2285,-0.5830,0.2157,0,0
566,0,2.8300,-8.4127,6.3895,2.1593,0.0052,-0.0002,2.1537,-0.5830,0.4170,-0.5830,0.4170,0,0
567,0,2.8350,-8.4139,6.3912,2.1589,0.0050,-0.0000,2.1435,-0.5830,0.4170,-0.5830,0.4170,0,0
568,0,2.8400,-8.4151,6.3929,2.1585,0.0048,0.0002,2.1382,0.3611,-0.5786,0.3752,-0.5830,0,0
569,0,2.8450,-8.4163,6.3946,2.1580,0.0046,0.0004,2.1381,0.4170,-0.5830,0.4170,-0.5830,0,0
570,0,2.8500,-8.4174,6.3963,2.1576,0.0044,0.0005,2.1431,0.4170,-0.5830,0.4170,-0.5830,0,0
571,0,2.8550,-8.4186,6.3980,2.1572,0.0042,0.0007,2.1532,0.4170,-0.5830,0.4170,-0.5830,0,0
572,0,2.8600,-8.4198,6.3997,2.1569,0.0041,0.0008,2.1582,-0.5830,0.4170,-0.5830,0.4170,0,0
573,0,2.8650,-8.4210,6.4014,2.1565,0.0039,0.0010,2.1580,-0.5830,0.4170,-0.5830,0.4170,0,0
574,0,2.8700,-8.4222,6.4031,2.1561,0.0037,0.0012,2.1527,-0.5830,0.4170,-0.5830,0.4170,0,0
575,0,2.8750,-8.4233,6.4048,2.1558,0.0035,0.0014,2.1525,0.4170,-0.5830,0.4170,-0.5830,0,0
576,0,2.8800,-8.4245,6.4065,2.1555,0.0033,0.0016,2.1575,0.4170,-0.5830,0.4170,-0.5830,0,0
577,0,2.8850,-8.4257,6.4082,2.1551,0.0031,0.0017,2.1676,0.4170,-0.5830,0.4170,-0.5830,0,0
578,0,2.8900,-8.4269,6.4099,2.1548,0.0029,0.0019,2.1726,-0.5830,0.4170,-0.5830,0.4170,0,0
579,0,2.8950,-8.4281,6.4116,2.1545,0.0028,0.0021,2.1724,-0.5830,0.4170,-0.5830,0.4170,0,0
580,0,2.9000,-8.4292,6.4133,2.1542,0.0026,0.0023,2.1671,-0.5830,0.4170,-0.5830,0.4170,0,0
581,0,2.9050,-8.4304,6.4150,2.1540,0.0023,0.0025,2.1567,-0.5830,0.4170,-0.5830,0.4170,0,0
582,0,2.9100,-8.4316,6.4167,2.1537,0.0021,0.0027,2.1514,0.4162,-0.5813,0.4170,-0.5830,0,0
583,0,2.9150,-8.4328,6.4184,2.1535,0.0019,0.0029,2.1512,0.4170,-0.5830,0.4170,-0.5830,0,0
584,0,2.9200,-8.4340,6.4201,2.1532,0.0018,0.0031,2.1562,0.4170,-0.5830,0.4170,-0.5830,0,0
585,0,2.9250,-8.4351,6.4218,2.1530,0.0016,0.0032,2.1560,-0.5830,0.4170,-0.5830,0.4170,0,0
586,0,2.9300,-8.4363,6.4235,2.1528,0.0014,0.0034,2.1507,-0.5830,0.4170,-0.5830,0.4170,0,0
587,0,2.9350,-8.4375,6.4253,2.1526,0.0011,0.0037,2.1402,-0.5830,0.4170,-0.5830,0.4170,0,0
588,0,2.9400,-8.4387,6.4270,2.1524,0.0009,0.0039,2.1349,0.4151,-0.5830,0.4170,-0.5830,0,0
589,0,2.9450,-8.4398,6.4287,2.1522,0.0007,0.0041,2.1348,0.4170,-0.5830,0.4170,-0.5830,0,0
590,0,2.9500,-8.4410,6.4304,2.1520,0.0006,0.0043,2.1397,0.4170,-0.5830,0.4170,-0.5830,0,0
591,0,2.9550,-8.4422,6.4321,2.1519,0.0005,0.0045,2.1498,0.4170,-0.5830,0.4170,-0.5830,0,0
592,0,2.9600,-8.4434,6.4338,2.1517,0.0003,0.0047,2.1548,-0.5830,0.4131,-0.5830,0.4170,0,0
593,0,2.9650,-8.4446,6.4355,2.1516,0.0002,0.0048,2.1547,-0.5830,0.4170,-0.5830,0.4170,0,0
594,0,2.9700,-8.4457,6.4373,2.1515,-0.0000,0.0050,2.1494,-0.5830,0.4122,-0.5830,0.4170,0,0
595,0,2.9750,-8.4469,6.4390,2.1514,-0.0001,0.0052,2.1492,0.4170,-0.5830,0.4170,-0.5830,0,0
596,0,2.9800,-8.4481,6.4407,2.1513,-0.0003,0.0053,2.1542,0.4170,-0.5830,0.4170,-0.5830,0,0
597,0,2.9850,-8.4493,6.4424,2.1512,-0.0003,0.0055,2.1643,0.4170,-0.5830,0.4170,-0.5830,0,0
598,0,2.9900,-8.4505,6.4442,2.1511,-0.0004,0.0056,2.1693,-0.5830,0.4141,-0.5830,0.4170,0,0
599,0,2.9950,-8.4517,6.4459,2.1510,-0.0006,0.0058,2.1692,-0.5830,0.4170,-0.5830,0.4170,0,0
600,0,3.0000,-8.4529,6.4476,2.1510,-0.0007,0.0059,2.1639,-0.5830,0.4113,-0.5830,0.4170,0,0
601,0,3.0050,-8.4540,6.4493,2.1510,-0.0008,0.0060,2.1535,-0.5830,0.4170,-0.5830,0.4170,0,0
602,0,3.0100,-8.4552,6.4511,2.1509,-0.0009,0.0061,2.1482,0.4072,-0.5822,0.4170,-0.5830,0,0
603,0,3.0150,-8.4564,6.4528,2.1509,-0.0010,0.0063,2.1480,0.4170,-0.5830,0.4170,-0.5830,0,0
604,0,3.0200,-8.4576,6.4545,2.1509,-0.0010,0.0065,2.1530,0.4155,-0.5830,0.4170,-0.5830,0,0
605,0,3.0250,-8.4588,6.4562,2.1509,-0.0010,0.0067,2.1528,-0.5830,0.4170,-0.5830,0.4170,0,0
606,0,3.0300,-8.4600,6.4580,2.1509,-0.0011,0.0068,2.1475,-0.5830,0.4170,-0.5830,0.4170,0,0
607,0,3.0350,-8.4612,6.4597,2.1510,-0.0012,0.0070,2.1371,-0.5830,0.4170,-0.5830,0.4170,0,0
608,0,3.0400,-8.4624,6.4615,2.1510,-0.0012,0.0072,2.1318,0.4134,-0.5830,0.4170,-0.5830,0,0
609,0,3.0450,-8.4636,6.4632,2.1511,-0.0012,0.0074,2.1316,0.4170,-0.5830,0.4170,-0.5830,0,0
610,0,3.0500,-8.4648,6.4649,2.1511,-0.0012,0.0076,2.1366,0.4165,-0.5830,0.4170,-0.5823,0,0
611,0,3.0550,-8.4660,6.4667,2.1512,-0.0011,0.0078,2.1467,0.4170,-0.5830,0.4170,-0.5803,0,0
612,0,3.0600,-8.4672,6.4684,2.1513,-0.0010,0.0079,2.1517,-0.5830,0.4019,-0.5830,0.4170,0,0
613,0,3.0650,-8.4684,6.4702,2.1514,-0.0009,0.0080,2.1516,-0.5830,0.4170,-0.5830,0.4170,0,0
614,0,3.0700,-8.4696,6.4719,2.1515,-0.0008,0.0080,2.1463,-0.5830,0.4067,-0.5830,0.4170,0,0
615,0,3.0750,-8.4708,6.4736,2.1516,-0.0007,0.0081,2.1462,0.4170,-0.5830,0.4170,-0.5803,0,0
616,0,3.0800,-8.4720,6.4754,2.1517,-0.0005,0.0081,2.1512,0.4170,-0.5830,0.4170,-0.5830,0,0
617,0,3.0850,-8.4732,6.4771,2.1519,-0.0002,0.0081,2.1614,0.4170,-0.5830,0.4170,-0.5830,0,0
618,0,3.0900,-8.4744,6.4789,2.1520,-0.0000,0.0082,2.1664,-0.5830,0.4147,-0.5830,0.4170,0,0
619,0,3.0950,-8.4756,6.4806,2.1522,0.0001,0.0082,2.1663,-0.5830,0.4170,-0.5830,0.4170,0,0
620,0,3.1000,-8.4768,6.4824,2.1524,0.0003,0.0082,2.1610,-0.5830,0.4070,-0.5830,0.4170,0,0
621,0,3.1050,-8.4781,6.4842,2.1526,0.0004,0.0082,2.1507,-0.5830,0.4170,-0.5830,0.4170,0,0
622,0,3.1100,-8.4793,6.4859,2.1528,0.0005,0.0081,2.1453,0.3928,-0.5807,0.3845,-0.5830,0,0
623,0,3.1150,-8.4805,6.4877,2.1530,0.0007,0.0080,2.1450,0.4170,-0.5830,0.4170,-0.5830,0,0
624,0,3.1200,-8.4817,6.4894,2.1532,0.0009,0.0080,2.1499,0.4170,-0.5830,0.4170,-0.5830,0,0
625,0,3.1250,-8.4829,6.4912,2.1534,0.0010,0.0079,2.1497,-0.5830,0.4170,-0.5830,0.4170,0,0
626,0,3.1300,-8.4841,6.4930,2.1537,0.0012,0.0079,2.1443,-0.5830,0.4170,-0.5830,0.4170,0,0
627,0,3.1350,-8.4853,6.4947,2.1539,0.0012,0.0078,2.1338,-0.5830,0.4170,-0.5830,0.4170,0,0
628,0,3.1400,-8.4866,6.4965,2.1542,0.0013,0.0078,2.1284,0.4170,-0.5830,0.4170,-0.5830,0,0
629,0,3.1450,-8.4878,6.4983,2.1545,0.0015,0.0077,2.1282,0.4170,-0.5830,0.4170,-0.5830,0,0
630,0,3.1500,-8.4890,6.5000,2.1548,0.0017,0.0076,2.1331,0.4170,-0.5830,0.4170,-0.5830,0,0
631,0,3.1550,-8.4902,6.5018,2.1551,0.0019,0.0076,2.1431,0.4170,-0.5830,0.4170,-0.5830,0,0
632,0,3.1600,-8.4915,6.5036,2.1554,0.0022,0.0073,2.1483,-0.5830,0.3443,-0.5830,0.3704,0,0
633,0,3.1650,-8.4927,6.5054,2.1557,0.0025,0.0072,2.1484,-0.5830,0.4170,-0.5830,0.4170,0,0
634,0,3.1700,-8.4939,6.5072,2.1560,0.0028,0.0070,2.1433,-0.5830,0.4170,-0.5830,0.4170,0,0
635,0,3.1750,-8.4951,6.5089,2.1563,0.0029,0.0066,2.1433,0.4150,-0.5830,0.3759,-0.5818,0,0
636,0,3.1800,-8.4963,6.5107,2.1567,0.0030,0.0061,2.1484,0.4170,-0.5830,0.4170,-0.5830,0,0
637,0,3.1850,-8.4976,6.5125,2.1570,0.0031,0.0057,2.1586,0.4170,-0.5830,0.4119,-0.5830,0,0
638,0,3.1900,-8.4988,6.5143,2.1574,0.0032,0.0052,2.1637,-0.5830,0.4170,-0.5830,0.4170,0,0
639,0,3.1950,-8.5000,6.5161,2.1578,0.0033,0.0048,2.1636,-0.5830,0.4170,-0.5830,0.4170,0,0
640,0,3.2000,-8.5012,6.5179,2.1581,0.0034,0.0043,2.1584,-0.5830,0.4038,-0.5830,0.4054,0,0
641,0,3.2050,-8.5025,6.5197,2.1585,0.0034,0.0039,2.1482,-0.5830,0.4170,-0.5830,0.4170,0,0
642,0,3.2100,-8.5037,6.5215,2.1589,0.0034,0.0035,2.1426,0.3426,-0.5725,0.3408,-0.5830,0,0
643,0,3.2150,-8.5049,6.5233,2.1593,0.0034,0.0031,2.1422,0.4170,-0.5830,0.4170,-0.5830,0,0
644,0,3.2200,-8.5061,6.5251,2.1598,0.0034,0.0027,2.1469,0.4170,-0.5830,0.4170,-0.5830,0,0
645,0,3.2250,-8.5074,6.5269,2.1602,0.0034,0.0024,2.1469,-0.5830,0.3502,-0.5830,0.3350,0,0
646,0,3.2300,-8.5086,6.5287,2.1606,0.0033,0.0021,2.1417,-0.5830,0.4170,-0.5830,0.4170,0,0
647,0,3.2350,-8.5098,6.5305,2.1610,0.0032,0.0018,2.1314,-0.5830,0.4170,-0.5830,0.4170,0,0
648,0,3.2400,-8.5110,6.5323,2.1614,0.0031,0.0016,2.1259,0.3455,-0.5760,0.3531,-0.5830,0,0
649,0,3.2450,-8.5122,6.5341,2.1619,0.0031,0.0013,2.1255,0.4170,-0.5830,0.4170,-0.5830,0,0
650,0,3.2500,-8.5135,6.5359,2.1623,0.0030,0.0011,2.1302,0.4170,-0.5830,0.4170,-0.5830,0,0
651,0,3.2550,-8.5147,6.5377,2.1628,0.0029,0.0008,2.1401,0.4170,-0.5830,0.4170,-0.5830,0,0
652,0,3.2600,-8.5159,6.5395,2.1632,0.0030,0.0005,2.1457,-0.5830,0.2416,-0.5830,0.2569,0,0
653,0,3.2650,-8.5171,6.5413,2.1636,0.0030,0.0001,2.1462,-0.5830,0.4170,-0.5830,0.4170,0,0
654,0,3.2700,-8.5183,6.5431,2.1641,0.0030,-0.0002,2.1415,-0.5830,0.4170,-0.5830,0.4170,0,0
655,0,3.2750,-8.5196,6.5449,2.1645,0.0029,-0.0006,2.1411,0.2489,-0.5830,0.2278,-0.5830,0,0
656,0,3.2800,-8.5208,6.5467,2.1650,0.0028,-0.0011,2.1458,0.4170,-0.5830,0.4170,-0.5830,0,0
657,0,3.2850,-8.5220,6.5485,2.1654,0.0027,-0.0015,2.1556,0.4170,-0.5830,0.4170,-0.5830,0,0
658,0,3.2900,-8.5232,6.5503,2.1658,0.0026,-0.0020,2.1613,-0.5830,0.2200,-0.5830,0.2212,0,0
659,0,3.2950,-8.5244,6.5521,2.1662,0.0026,-0.0024,2.1618,-0.5830,0.4170,-0.5830,0.4170,0,0
660,0,3.3000,-8.5256,6.5539,2.1666,0.0025,-0.0029,2.1573,-0.5830,0.4170,-0.5830,0.4170,0,0
661,0,3.3050,-8.5268,6.5557,2.1671,0.0025,-0.0033,2.1475,-0.5830,0.4170,-0.5830,0.4170,0,0
662,0,3.3100,-8.5281,6.5575,2.1675,0.0024,-0.0036,2.1415,0.1326,-0.5709,0.1403,-0.5830,0,0
663,0,3.3150,-8.5293,6.5593,2.1679,0.0023,-0.0039,2.1406,0.4170,-0.5830,0.4170,-0.5830,0,0
664,0,3.3200,-8.5305,6.5611,2.1683,0.0022,-0.0043,2.1448,0.4170,-0.5830,0.4170,-0.5830,0,0
665,0,3.3250,-8.5317,6.5629,2.1686,0.0020,-0.0045,2.1455,-0.5830,0.1070,-0.5830,0.0895,0,0
666,0,3.3300,-8.5329,6.5647,2.1689,0.0018,-0.0048,2.1411,-0.5830,0.4170,-0.5830,0.4170,0,0
667,0,3.3350,-8.5341,6.5665,2.1693,0.0016,-0.0050,2.1315,-0.5830,0.4170,-0.5830,0.4170,0,0
668,0,3.3400,-8.5353,6.5683,2.1696,0.0015,-0.0051,2.1254,0.0706,-0.5758,0.0864,-0.5830,0,0
669,0,3.3450,-8.5365,6.5701,2.1699,0.0014,-0.0052,2.1243,0.4170,-0.5830,0.4170,-0.5830,0,0
670,0,3.3500,-8.5377,6.5719,2.1702,0.0012,-0.0053,2.1284,0.4170,-0.5830,0.4170,-0.5830,0,0
671,0,3.3550,-8.5389,6.5737,2.1705,0.0010,-0.0055,2.1377,0.4170,-0.5830,0.4170,-0.5830,0,0
672,0,3.3600,-8.5401,6.5755,2.1707,0.0009,-0.0057,2.1442,-0.5830,-0.0611,-0.5830,-0.0465,0,0
673,0,3.3650,-8.5413,6.5773,2.1709,0.0008,-0.0059,2.1456,-0.5830,0.4170,-0.5830,0.4170,0,0
674,0,3.3700,-8.5425,6.5791,2.1712,0.0008,-0.0061,2.1419,-0.5830,0.4170,-0.5830,0.4170,0,0
675,0,3.3750,-8.5437,6.5809,2.1713,0.0007,-0.0063,2.1407,-0.0641,-0.5830,-0.0750,-0.5830,0,0
676,0,3.3800,-8.5449,6.5827,2.1714,0.0005,-0.0066,2.1448,0.4170,-0.5830,0.4170,-0.5830,0,0
677,0,3.3850,-8.5461,6.5845,2.1716,0.0003,-0.0068,2.1539,0.4170,-0.5830,0.4170,-0.5830,0,0
678,0,3.3900,-8.5473,6.5863,2.1716,0.0002,-0.0071,2.1604,-0.5830,-0.0630,-0.5830,-0.0600,0,0
679,0,3.3950,-8.5485,6.5881,2.1716,0.0000,-0.0074,2.1618,-0.5830,0.4170,-0.5830,0.4170,0,0
680,0,3.4000,-8.5497,6.5898,2.1717,-0.0000,-0.0076,2.1580,-0.5830,0.4170,-0.5830,0.4170,0,0
681,0,3.4050,-8.5509,6.5916,2.1718,-0.0001,-0.0079,2.1490,-0.5830,0.4170,-0.5830,0.4170,0,0
682,0,3.4100,-8.5521,6.5934,2.1717,-0.0001,-0.0081,2.1424,-0.1325,-0.5727,-0.1205,-0.5830,0,0
683,0,3.4150,-8.5533,6.5952,2.1717,-0.0002,-0.0082,2.1409,0.4170,-0.5830,0.4170,-0.5830,0,0
684,0,3.4200,-8.5545,6.5970,2.1716,-0.0004,-0.0084,2.1446,0.4170,-0.5830,0.4170,-0.5830,0,0
685,0,3.4250,-8.5557,6.5988,2.1715,-0.0005,-0.0084,2.1457,-0.5830,-0.0872,-0.5830,-0.1019,0,0
686,0,3.4300,-8.5569,6.6005,2.1713,-0.0007,-0.0085,2.1418,-0.5830,0.4170,-0.5830,0.4170,0,0
687,0,3.4350,-8.5581,6.6023,2.1712,-0.0008,-0.0086,2.1326,-0.5830,0.4170,-0.5830,0.4170,0,0
688,0,3.4400,-8.5593,6.6041,2.1710,-0.0009,-0.0085,2.1262,-0.0617,-0.5776,-0.0438,-0.5830,0,0
689,0,3.4450,-8.5604,6.6059,2.1707,-0.0010,-0.0085,2.1249,0.4170,-0.5830,0.4170,-0.5830,0,0
690,0,3.4500,-8.5616,6.6076,2.1705,-0.0011,-0.0084,2.1288,0.4170,-0.5830,0.4170,-0.5830,0,0
691,0,3.4550,-8.5628,6.6094,2.1703,-0.0013,-0.0084,2.1378,0.4170,-0.5830,0.4170,-0.5830,0,0
692,0,3.4600,-8.5640,6.6112,2.1700,-0.0014,-0.0084,2.1444,-0.5830,-0.1095,-0.5830,-0.0923,0,0
693,0,3.4650,-8.5652,6.6129,2.1697,-0.0014,-0.0084,2.1457,-0.5830,0.4170,-0.5830,0.4170,0,0
694,0,3.4700,-8.5664,6.6147,2.1694,-0.0014,-0.0085,2.1420,-0.5830,0.4170,-0.5830,0.4170,0,0
695,0,3.4750,-8.5676,6.6165,2.1690,-0.0015,-0.0086,2.1411,-0.0229,-0.5830,-0.0314,-0.5823,0,0
696,0,3.4800,-8.5687,6.6182,2.1686,-0.0016,-0.0087,2.1453,0.4170,-0.5830,0.4170,-0.5830,0,0
697,0,3.4850,-8.5699,6.6200,2.1682,-0.0017,-0.0087,2.1547,0.4170,-0.5830,0.4170,-0.5830,0,0
698,0,3.4900,-8.5711,6.6217,2.1678,-0.0018,-0.0089,2.1606,-0.5830,0.1045,-0.5830,0.1119,0,0
699,0,3.4950,-8.5723,6.6235,2.1673,-0.0019,-0.0090,2.1612,-0.5830,0.4170,-0.5830,0.4170,0,0
700,0,3.5000,-8.5735,6.6253,2.1669,-0.0018,-0.0091,2.1568,-0.5830,0.4170,-0.5830,0.4170,0,0
701,0,3.5050,-8.5746,6.6270,2.1665,-0.0018,-0.0093,2.1472,-0.5830,0.4170,-0.5830,0.4170,0,0
702,0,3.5100,-8.5758,6.6288,2.1660,-0.0017,-0.0093,2.1412,0.1250,-0.5715,0.1426,-0.5830,0,0
703,0,3.5150,-8.5770,6.6305,2.1656,-0.0017,-0.0092,2.1404,0.4170,-0.5830,0.4170,-0.5830,0,0
704,0,3.5200,-8.5782,6.6322,2.1651,-0.0017,-0.0092,2.1448,0.4170,-0.5830,0.4170,-0.5830,0,0
705,0,3.5250,-8.5793,6.6340,2.1647,-0.0018,-0.0091,2.1446,-0.5830,0.2996,-0.5830,0.2862,0,0
706,0,3.5300,-8.5805,6.6357,2.1642,-0.0018,-0.0090,2.1393,-0.5830,0.4170,-0.5830,0.4170,0,0
707,0,3.5350,-8.5817,6.6375,2.1638,-0.0018,-0.0090,2.1289,-0.5830,0.4170,-0.5830,0.4170,0,0
708,0,3.5400,-8.5829,6.6392,2.1633,-0.0018,-0.0088,2.1236,0.4104,-0.5776,0.4170,-0.5830,0,0
709,0,3.5450,-8.5840,6.6409,2.1629,-0.0019,-0.0086,2.1234,0.4170,-0.5830,0.4170,-0.5830,0,0
710,0,3.5500,-8.5852,6.6427,2.1625,-0.0020,-0.0085,2.1283,0.4170,-0.5830,0.4170,-0.5830,0,0
711,0,3.5550,-8.5864,6.6444,2.1621,-0.0021,-0.0083,2.1384,0.4170,-0.5830,0.4170,-0.5830,0,0
712,0,3.5600,-8.5875,6.6461,2.1617,-0.0022,-0.0081,2.1434,-0.5830,0.4170,-0.5830,0.4170,0,0
713,0,3.5650,-8.5887,6.6479,2.1613,-0.0023,-0.0080,2.1432,-0.5830,0.4170,-0.5830,0.4170,0,0
714,0,3.5700,-8.5899,6.6496,2.1610,-0.0023,-0.0078,2.1379,-0.5830,0.4170,-0.5830,0.4170,0,0
715,0,3.5750,-8.5910,6.6513,2.1606,-0.0024,-0.0077,2.1377,0.4170,-0.5830,0.4170,-0.5830,0,0
716,0,3.5800,-8.5922,6.6530,2.1603,-0.0025,-0.0075,2.1426,0.4170,-0.5830,0.4170,-0.5830,0,0
717,0,3.5850,-8.5934,6.6547,2.1600,-0.0026,-0.0073,2.1527,0.4170,-0.5830,0.4170,-0.5830,0,0
718,0,3.5900,-8.5945,6.6564,2.1597,-0.0027,-0.0072,2.1577,-0.5830,0.4170,-0.5830,0.4170,0,0
719,0,3.5950,-8.5957,6.6582,2.1594,-0.0028,-0.0070,2.1575,-0.5830,0.4170,-0.5830,0.4170,0,0
720,0,3.6000,-8.5969,6.6599,2.1591,-0.0028,-0.0069,2.1522,-0.5830,0.4170,-0.5830,0.4170,0,0
721,0,3.6050,-8.5980,6.6616,2.1588,-0.0028,-0.0068,2.1417,-0.5830,0.4170,-0.5830,0.4170,0,0
722,0,3.6100,-8.5992,6.6633,2.1585,-0.0028,-0.0066,2.1363,0.4104,-0.5781,0.4170,-0.5830,0,0
723,0,3.6150,-8.6004,6.6650,2.1583,-0.0029,-0.0063,2.1361,0.4170,-0.5830,0.4170,-0.5830,0,0
724,0,3.6200,-8.6015,6.6667,2.1580,-0.0030,-0.0061,2.1410,0.4170,-0.5830,0.4170,-0.5830,0,0
725,0,3.6250,-8.6027,6.6684,2.1578,-0.0030,-0.0059,2.1408,-0.5830,0.4170,-0.5830,0.4170,0,0
726,0,3.6300,-8.6039,6.6701,2.1576,-0.0031,-0.0057,2.1354,-0.5830,0.4170,-0.5830,0.4170,0,0
727,0,3.6350,-8.6050,6.6718,2.1574,-0.0031,-0.0055,2.1249,-0.5830,0.4170,-0.5830,0.4170,0,0
728,0,3.6400,-8.6062,6.6735,2.1572,-0.0031,-0.0053,2.1196,0.4115,-0.5820,0.4170,-0.5830,0,0
729,0,3.6450,-8.6073,6.6752,2.1570,-0.0031,-0.0050,2.1193,0.4170,-0.5830,0.4170,-0.5830,0,0
730,0,3.6500,-8.6085,6.6769,2.1568,-0.0031,-0.0048,2.1242,0.4170,-0.5830,0.4170,-0.5830,0,0
731,0,3.6550,-8.6097,6.6786,2.1567,-0.0032,-0.0045,2.1343,0.4170,-0.5830,0.4170,-0.5830,0,0
732,0,3.6600,-8.6108,6.6803,2.1565,-0.0032,-0.0043,2.1392,-0.5830,0.4075,-0.5830,0.4170,0,0
733,0,3.6650,-8.6120,6.6820,2.1564,-0.0032,-0.0041,2.1390,-0.5830,0.4170,-0.5830,0.4170,0,0
734,0,3.6700,-8.6132,6.6836,2.1562,-0.0031,-0.0039,2.1337,-0.5830,0.4089,-0.5830,0.4170,0,0
735,0,3.6750,-8.6143,6.6853,2.1561,-0.0030,-0.0038,2.1335,0.4170,-0.5830,0.4170,-0.5830,0,0
736,0,3.6800,-8.6155,6.6870,2.1560,-0.0030,-0.0036,2.1385,0.4170,-0.5830,0.4170,-0.5830,0,0
737,0,3.6850,-8.6167,6.6887,2.1559,-0.0030,-0.0034,2.1486,0.4170,-0.5830,0.4170,-0.5830,0,0
738,0,3.6900,-8.6178,6.6904,2.1558,-0.0029,-0.0033,2.1535,-0.5830,0.4169,-0.5830,0.4170,0,0
739,0,3.6950,-8.6190,6.6921,2.1558,-0.0029,-0.0031,2.1533,-0.5830,0.4170,-0.5830,0.4170,0,0
740,0,3.7000,-8.6201,6.6938,2.1557,-0.0027,-0.0030,2.1480,-0.5830,0.4077,-0.5830,0.4170,0,0
741,0,3.7050,-8.6213,6.6954,2.1557,-0.0026,-0.0029,2.1376,-0.5830,0.4170,-0.5830,0.4170,0,0
742,0,3.7100,-8.6225,6.6971,2.1556,-0.0024,-0.0027,2.1322,0.4032,-0.5784,0.4168,-0.5830,0,0
743,0,3.7150,-8.6236,6.6988,2.1556,-0.0023,-0.0025,2.1320,0.4170,-0.5830,0.4170,-0.5830,0,0
744,0,3.7200,-8.6248,6.7005,2.1556,-0.0021,-0.0023,2.1369,0.4164,-0.5829,0.4170,-0.5830,0,0
745,0,3.7250,-8.6260,6.7021,2.1556,-0.0019,-0.0021,2.1367,-0.5830,0.4170,-0.5830,0.4170,0,0
746,0,3.7300,-8.6271,6.7038,2.1556,-0.0018,-0.0019,2.1313,-0.5830,0.4170,-0.5830,0.4170,0,0
747,0,3.7350,-8.6283,6.7055,2.1556,-0.0016,-0.0017,2.1208,-0.5830,0.4170,-0.5830,0.4170,0,0
748,0,3.7400,-8.6295,6.7072,2.1557,-0.0014,-0.0015,2.1155,0.4140,-0.5822,0.4170,-0.5830,0,0
749,0,3.7450,-8.6306,6.7088,2.1557,-0.0012,-0.0013,2.1153,0.4170,-0.5830,0.4170,-0.5830,0,0
750,0,3.7500,-8.6318,6.7105,2.1558,-0.0010,-0.0010,2.1202,0.4169,-0.5830,0.4170,-0.5830,0,0
751,0,3.7550,-8.6330,6.7122,2.1559,-0.0009,-0.0008,2.1302,0.4170,-0.5830,0.4170,-0.5830,0,0
752,0,3.7600,-8.6341,6.7139,2.1559,-0.0006,-0.0006,2.1352,-0.5830,0.4008,-0.5830,0.4170,0,0
753,0,3.7650,-8.6353,6.7155,2.1560,-0.0004,-0.0005,2.1350,-0.5830,0.4170,-0.5830,0.4170,0,0
754,0,3.7700,-8.6365,6.7172,2.1561,-0.0000,-0.0004,2.1297,-0.5830,0.4049,-0.5830,0.4170,0,0
755,0,3.7750,-8.6376,6.7189,2.1563,0.0003,-0.0003,2.1296,0.4170,-0.5830,0.4170,-0.5830,0,0
756,0,3.7800,-8.6388,6.7206,2.1564,0.0006,-0.0002,2.1346,0.4170,-0.5830,0.4170,-0.5830,0,0
757,0,3.7850,-8.6400,6.7222,2.1565,0.0009,-0.0002,2.1447,0.4170,-0.5830,0.4170,-0.5830,0,0
758,0,3.7900,-8.6411,6.7239,2.1567,0.0012,-0.0001,2.1497,-0.5830,0.4170,-0.5830,0.4170,0,0
759,0,3.7950,-8.6423,6.7256,2.1568,0.0016,0.0000,2.1496,-0.5830,0.4170,-0.5830,0.4170,0,0
760,0,3.8000,-8.6435,6.7273,2.1570,0.0019,0.0000,2.1443,-0.5830,0.4064,-0.5830,0.4170,0,0
761,0,3.8050,-8.6446,6.7289,2.1572,0.0023,0.0001,2.1339,-0.5830,0.4170,-0.5830,0.4170,0,0
762,0,3.8100,-8.6458,6.7306,2.1574,0.0026,0.0001,2.1284,0.3878,-0.5768,0.3803,-0.5830,0,0
763,0,3.8150,-8.6470,6.7323,2.1576,0.0029,0.0002,2.1281,0.4170,-0.5830,0.4170,-0.5830,0,0
764,0,3.8200,-8.6481,6.7339,2.1578,0.0032,0.0002,2.1330,0.4170,-0.5827,0.4170,-0.5830,0,0
765,0,3.8250,-8.6493,6.7356,2.1580,0.0035,0.0002,2.1326,-0.5830,0.4170,-0.5830,0.4170,0,0
766,0,3.8300,-8.6505,6.7373,2.1582,0.0038,0.0002,2.1272,-0.5830,0.4170,-0.5830,0.4170,0,0
767,0,3.8350,-8.6516,6.7390,2.1585,0.0041,0.0003,2.1166,-0.5830,0.4170,-0.5830,0.4170,0,0
768,0,3.8400,-8.6528,6.7407,2.1588,0.0044,0.0004,2.1111,0.4170,-0.5803,0.4170,-0.5830,0,0
769,0,3.8450,-8.6539,6.7423,2.1590,0.0047,0.0004,2.1108,0.4170,-0.5830,0.4170,-0.5830,0,0
770,0,3.8500,-8.6551,6.7440,2.1593,0.0050,0.0004,2.1157,0.4170,-0.5830,0.4170,-0.5830,0,0
771,0,3.8550,-8.6562,6.7457,2.1596,0.0052,0.0004,2.1256,0.4170,-0.5830,0.4170,-0.5830,0,0
772,0,3.8600,-8.6574,6.7474,2.1599,0.0056,0.0003,2.1309,-0.5830,0.3247,-0.5830,0.3414,0,0
773,0,3.8650,-8.6586,6.7490,2.1602,0.0060,0.0003,2.1310,-0.5830,0.4170,-0.5830,0.4170,0,0
774,0,3.8700,-8.6597,6.7507,2.1605,0.0064,0.0003,2.1260,-0.5830,0.4170,-0.5830,0.4170,0,0
775,0,3.8750,-8.6609,6.7524,2.1608,0.0065,0.0000,2.1258,0.3799,-0.5830,0.3432,-0.5830,0,0
776,0,3.8800,-8.6620,6.7541,2.1611,0.0067,-0.0003,2.1308,0.4170,-0.5830,0.4170,-0.5830,0,0
777,0,3.8850,-8.6632,6.7558,2.1615,0.0069,-0.0006,2.1409,0.4170,-0.5830,0.4170,-0.5830,0,0
778,0,3.8900,-8.6643,6.7575,2.1618,0.0071,-0.0009,2.1460,-0.5830,0.3881,-0.5830,0.3890,0,0
779,0,3.8950,-8.6655,6.7592,2.1621,0.0072,-0.0011,2.1460,-0.5830,0.4170,-0.5830,0.4170,0,0
780,0,3.9000,-8.6666,6.7608,2.1625,0.0074,-0.0013,2.1408,-0.5830,0.4170,-0.5830,0.4170,0,0
781,0,3.9050,-8.6678,6.7625,2.1629,0.0076,-0.0015,2.1305,-0.5830,0.4170,-0.5830,0.4170,0,0
782,0,3.9100,-8.6689,6.7642,2.1632,0.0077,-0.0017,2.1249,0.3376,-0.5713,0.3327,-0.5830,0,0
783,0,3.9150,-8.6700,6.7659,2.1636,0.0078,-0.0019,2.1244,0.4170,-0.5830,0.4170,-0.5830,0,0
784,0,3.9200,-8.6712,6.7676,2.1640,0.0079,-0.0021,2.1291,0.4170,-0.5830,0.4170,-0.5830,0,0
785,0,3.9250,-8.6723,6.7693,2.1644,0.0079,-0.0022,2.1291,-0.5830,0.3375,-0.5830,0.3189,0,0
786,0,3.9300,-8.6734,6.7710,2.1648,0.0079,-0.0023,2.1239,-0.5830,0.4170,-0.5830,0.4170,0,0
787,0,3.9350,-8.6746,6.7727,2.1652,0.0079,-0.0024,2.1136,-0.5830,0.4170,-0.5830,0.4170,0,0
788,0,3.9400,-8.6757,6.7744,2.1656,0.0079,-0.0024,2.1080,0.3277,-0.5753,0.3322,-0.5830,0,0
789,0,3.9450,-8.6768,6.7761,2.1660,0.0079,-0.0024,2.1075,0.4170,-0.5830,0.4170,-0.5830,0,0
790,0,3.9500,-8.6780,6.7777,2.1664,0.0079,-0.0025,2.1122,0.4170,-0.5830,0.4170,-0.5830,0,0
791,0,3.9550,-8.6791,6.7794,2.1668,0.0079,-0.0026,2.1220,0.4170,-0.5830,0.4170,-0.5830,0,0
792,0,3.9600,-8.6802,6.7811,2.1672,0.0079,-0.0028,2.1276,-0.5830,0.2184,-0.5830,0.2303,0,0
793,0,3.9650,-8.6813,6.7828,2.1676,0.0079,-0.0029,2.1281,-0.5830,0.4170,-0.5830,0.4170,0,0
794,0,3.9700,-8.6824,6.7845,2.1680,0.0080,-0.0030,2.1235,-0.5830,0.4170,-0.5830,0.4170,0,0
795,0,3.9750,-8.6836,6.7862,2.1684,0.0079,-0.0032,2.1229,0.2216,-0.5830,0.1984,-0.5830,0,0
796,0,3.9800,-8.6847,6.7879,2.1687,0.0078,-0.0035,2.1275,0.4170,-0.5830,0.4170,-0.5830,0,0
797,0,3.9850,-8.6858,6.7896,2.1691,0.0077,-0.0038,2.1372,0.4170,-0.5830,0.4170,-0.5830,0,0
798,0,3.9900,-8.6869,6.7913,2.1695,0.0076,-0.0041,2.1430,-0.5830,0.1905,-0.5830,0.1900,0,0
799,0,3.9950,-8.6880,6.7930,2.1698,0.0075,-0.0043,2.1436,-0.5830,0.4170,-0.5830,0.4170,0,0
800,0,4.0000,-8.6891,6.7947,2.1702,0.0075,-0.0045,2.1391,-0.5830,0.4170,-0.5830,0.4170,0,0
801,0,4.0050,-8.6902,6.7964,2.1706,0.0075,-0.0047,2.1294,-0.5830,0.4170,-0.5830,0.4170,0,0
802,0,4.0100,-8.6913,6.7981,2.1709,0.0074,-0.0048,2.1232,0.1021,-0.5722,0.1058,-0.5830,0,0
803,0,4.0150,-8.6924,6.7998,2.1712,0.0073,-0.0050,2.1222,0.4170,-0.5830,0.4170,-0.5830,0,0
804,0,4.0200,-8.6935,6.8015,2.1716,0.0071,-0.0051,2.1263,0.4170,-0.5830,0.4170,-0.5830,0,0
805,0,4.0250,-8.6946,6.8032,2.1718,0.0069,-0.0052,2.1270,-0.5830,0.0784,-0.5830,0.0621,0,0
806,0,4.0300,-8.6957,6.8049,2.1721,0.0067,-0.0053,2.1226,-0.5830,0.4170,-0.5830,0.4170,0,0
807,0,4.0350,-8.6968,6.8066,2.1724,0.0066,-0.0053,2.1131,-0.5830,0.4170,-0.5830,0.4170,0,0
808,0,4.0400,-8.6979,6.8083,2.1726,0.0065,-0.0052,2.1068,0.0478,-0.5768,0.0589,-0.5830,0,0
809,0,4.0450,-8.6990,6.8100,2.1728,0.0063,-0.0052,2.1057,0.4170,-0.5830,0.4170,-0.5830,0,0
810,0,4.0500,-8.7000,6.8117,2.1731,0.0061,-0.0052,2.1097,0.4170,-0.5830,0.4170,-0.5830,0,0
811,0,4.0550,-8.7011,6.8134,2.1733,0.0059,-0.0052,2.1189,0.4170,-0.5830,0.4170,-0.5830,0,0
812,0,4.0600,-8.7022,6.8151,2.1734,0.0057,-0.0053,2.1254,-0.5830,-0.0761,-0.5830,-0.0622,0,0
813,0,4.0650,-8.7033,6.8167,2.1736,0.0056,-0.0053,2.1268,-0.5830,0.4170,-0.5830,0.4170,0,0
814,0,4.0700,-8.7044,6.8184,2.1737,0.0056,-0.0054,2.1230,-0.5830,0.4170,-0.5830,0.4170,0,0
815,0,4.0750,-8.7054,6.8201,2.1737,0.0054,-0.0055,2.1218,-0.0699,-0.5830,-0.0850,-0.5830,0,0
816,0,4.0800,-8.7065,6.8218,2.1738,0.0052,-0.0057,2.1258,0.4170,-0.5830,0.4170,-0.5830,0,0
817,0,4.0850,-8.7076,6.8235,2.1739,0.0049,-0.0058,2.1349,0.4170,-0.5830,0.4170,-0.5830,0,0
818,0,4.0900,-8.7087,6.8252,2.1738,0.0047,-0.0060,2.1413,-0.5830,-0.0592,-0.5830,-0.0562,0,0
819,0,4.0950,-8.7097,6.8269,2.1738,0.0046,-0.0062,2.1426,-0.5830,0.4170,-0.5830,0.4170,0,0
820,0,4.1000,-8.7108,6.8286,2.1737,0.0044,-0.0063,2.1387,-0.5830,0.4170,-0.5830,0.4170,0,0
821,0,4.1050,-8.7119,6.8303,2.1737,0.0043,-0.0064,2.1297,-0.5830,0.4170,-0.5830,0.4170,0,0
822,0,4.1100,-8.7129,6.8320,2.1736,0.0042,-0.0064,2.1230,-0.1175,-0.5743,-0.1097,-0.5830,0,0
823,0,4.1150,-8.7140,6.8337,2.1735,0.0041,-0.0065,2.1216,0.4170,-0.5830,0.4170,-0.5830,0,0
824,0,4.1200,-8.7151,6.8354,2.1733,0.0039,-0.0066,2.1252,0.4170,-0.5830,0.4170,-0.5830,0,0
825,0,4.1250,-8.7161,6.8370,2.1731,0.0036,-0.0066,2.1262,-0.5830,-0.0596,-0.5830,-0.0717,0,0
826,0,4.1300,-8.7172,6.8387,2.1729,0.0034,-0.0066,2.1221,-0.5830,0.4170,-0.5830,0.4170,0,0
827,0,4.1350,-8.7182,6.8404,2.1727,0.0032,-0.0065,2.1128,-0.5830,0.4170,-0.5830,0.4170,0,0
828,0,4.1400,-8.7193,6.8421,2.1724,0.0031,-0.0064,2.1064,-0.0194,-0.5787,-0.0058,-0.5830,0,0
829,0,4.1450,-8.7203,6.8438,2.1721,0.0029,-0.0063,2.1052,0.4170,-0.5830,0.4170,-0.5830,0,0
830,0,4.1500,-8.7214,6.8455,2.1718,0.0027,-0.0062,2.1091,0.4170,-0.5830,0.4170,-0.5830,0,0
831,0,4.1550,-8.7225,6.8471,2.1716,0.0025,-0.0061,2.1182,0.4170,-0.5830,0.4170,-0.5830,0,0
832,0,4.1600,-8.7235,6.8488,2.1712,0.0023,-0.0061,2.1245,-0.5830,-0.0500,-0.5830,-0.0328,0,0
833,0,4.1650,-8.7246,6.8505,2.1708,0.0022,-0.0061,2.1256,-0.5830,0.4170,-0.5830,0.4170,0,0
834,0,4.1700,-8.7256,6.8522,2.1705,0.0022,-0.0061,2.1216,-0.5830,0.4170,-0.5830,0.4170,0,0
835,0,4.1750,-8.7267,6.8539,2.1700,0.0020,-0.0062,2.1208,0.0492,-0.5830,0.0372,-0.5821,0,0
836,0,4.1800,-8.7277,6.8555,2.1696,0.0018,-0.0063,2.1252,0.4170,-0.5830,0.4170,-0.5830,0,0
837,0,4.1850,-8.7287,6.8572,2.1692,0.0016,-0.0063,2.1347,0.4170,-0.5830,0.4170,-0.5830,0,0
838,0,4.1900,-8.7298,6.8589,2.1688,0.0015,-0.0064,2.1402,-0.5830,0.1836,-0.5830,0.1913,0,0
839,0,4.1950,-8.7308,6.8606,2.1683,0.0014,-0.0065,2.1406,-0.5830,0.4170,-0.5830,0.4170,0,0
840,0,4.2000,-8.7319,6.8622,2.1679,0.0013,-0.0066,2.1358,-0.5830,0.4170,-0.5830,0.4170,0,0
841,0,4.2050,-8.7329,6.8639,2.1675,0.0013,-0.0067,2.1259,-0.5830,0.4170,-0.5830,0.4170,0,0
842,0,4.2100,-8.7340,6.8656,2.1670,0.0012,-0.0067,2.1201,0.2107,-0.5726,0.2267,-0.5830,0,0
843,0,4.2150,-8.7350,6.8673,2.1666,0.0011,-0.0067,2.1195,0.4170,-0.5830,0.4170,-0.5830,0,0
844,0,4.2200,-8.7360,6.8689,2.1661,0.0010,-0.0066,2.1240,0.4170,-0.5830,0.4170,-0.5830,0,0
845,0,4.2250,-8.7371,6.8706,2.1657,0.0009,-0.0065,2.1235,-0.5830,0.3857,-0.5830,0.3744,0,0
846,0,4.2300,-8.7381,6.8723,2.1653,0.0008,-0.0064,2.1179,-0.5830,0.4170,-0.5830,0.4170,0,0
847,0,4.2350,-8.7391,6.8739,2.1649,0.0007,-0.0063,2.1072,-0.5830,0.4170,-0.5830,0.4170,0,0
848,0,4.2400,-8.7402,6.8756,2.1645,0.0006,-0.0062,2.1016,0.4170,-0.5830,0.4170,-0.5830,0,0
849,0,4.2450,-8.7412,6.8772,2.1641,0.0005,-0.0061,2.1011,0.4170,-0.5830,0.4170,-0.5830,0,0
850,0,4.2500,-8.7422,6.8789,2.1637,0.0003,-0.0060,2.1058,0.4170,-0.5830,0.4170,-0.5830,0,0
851,0,4.2550,-8.7433,6.8806,2.1633,0.0001,-0.0060,2.1156,0.4170,-0.5830,0.4170,-0.5830,0,0
852,0,4.2600,-8.7443,6.8822,2.1630,0.0000,-0.0060,2.1205,-0.5830,0.3550,-0.5830,0.3735,0,0
853,0,4.2650,-8.7453,6.8839,2.1626,-0.0000,-0.0060,2.1204,-0.5830,0.4170,-0.5830,0.4170,0,0
854,0,4.2700,-8.7464,6.8855,2.1623,-0.0000,-0.0060,2.1150,-0.5830,0.4170,-0.5830,0.4170,0,0
855,0,4.2750,-8.7474,6.8872,2.1620,-0.0001,-0.0060,2.1148,0.4170,-0.5830,0.4170,-0.5830,0,0
856,0,4.2800,-8.7484,6.8888,2.1616,-0.0001,-0.0060,2.1198,0.4170,-0.5830,0.4170,-0.5830,0,0
857,0,4.2850,-8.7494,6.8905,2.1613,-0.0002,-0.0060,2.1299,0.4170,-0.5830,0.4170,-0.5830,0,0
858,0,4.2900,-8.7505,6.8921,2.1610,-0.0003,-0.0060,2.1348,-0.5830,0.4170,-0.5830,0.4170,0,0
859,0,4.2950,-8.7515,6.8938,2.1608,-0.0004,-0.0060,2.1346,-0.5830,0.4170,-0.5830,0.4170,0,0
860,0,4.3000,-8.7525,6.8954,2.1605,-0.0004,-0.0060,2.1293,-0.5830,0.4170,-0.5830,0.4170,0,0
861,0,4.3050,-8.7535,6.8971,2.1602,-0.0003,-0.0060,2.1188,-0.5830,0.4170,-0.5830,0.4170,0,0
862,0,4.3100,-8.7546,6.8987,2.1600,-0.0003,-0.0059,2.1134,0.3983,-0.5738,0.4153,-0.5830,0,0
863,0,4.3150,-8.7556,6.9004,2.1598,-0.0003,-0.0057,2.1131,0.4170,-0.5830,0.4170,-0.5830,0,0
864,0,4.3200,-8.7566,6.9020,2.1595,-0.0004,-0.0056,2.1180,0.4170,-0.5804,0.4170,-0.5830,0,0
865,0,4.3250,-8.7576,6.9036,2.1593,-0.0004,-0.0055,2.1177,-0.5830,0.4170,-0.5830,0.4170,0,0
866,0,4.3300,-8.7587,6.9053,2.1591,-0.0004,-0.0053,2.1123,-0.5830,0.4170,-0.5830,0.4170,0,0
867,0,4.3350,-8.7597,6.9069,2.1589,-0.0003,-0.0052,2.1017,-0.5830,0.4170,-0.5830,0.4170,0,0
868,0,4.3400,-8.7607,6.9086,2.1588,-0.0003,-0.0050,2.0963,0.4128,-0.5792,0.4170,-0.5830,0,0
869,0,4.3450,-8.7617,6.9102,2.1586,-0.0003,-0.0048,2.0960,0.4170,-0.5830,0.4170,-0.5830,0,0
870,0,4.3500,-8.7627,6.9118,2.1584,-0.0003,-0.0046,2.1009,0.4170,-0.5830,0.4170,-0.5830,0,0
871,0,4.3550,-8.7637,6.9135,2.1583,-0.0004,-0.0044,2.1109,0.4170,-0.5830,0.4170,-0.5830,0,0
872,0,4.3600,-8.7648,6.9151,2.1582,-0.0004,-0.0042,2.1157,-0.5830,0.4159,-0.5830,0.4170,0,0
873,0,4.3650,-8.7658,6.9167,2.1581,-0.0004,-0.0041,2.1154,-0.5830,0.4170,-0.5830,0.4170,0,0
874,0,4.3700,-8.7668,6.9184,2.1580,-0.0004,-0.0039,2.1100,-0.5830,0.4054,-0.5830,0.4170,0,0
875,0,4.3750,-8.7678,6.9200,2.1579,-0.0003,-0.0038,2.1098,0.4170,-0.5830,0.4170,-0.5830,0,0
876,0,4.3800,-8.7688,6.9216,2.1578,-0.0003,-0.0037,2.1146,0.4170,-0.5830,0.4170,-0.5830,0,0
877,0,4.3850,-8.7698,6.9232,2.1577,-0.0002,-0.0036,2.1247,0.4170,-0.5830,0.4170,-0.5830,0,0
878,0,4.3900,-8.7709,6.9249,2.1577,-0.0002,-0.0035,2.1295,-0.5830,0.4170,-0.5830,0.4170,0,0
879,0,4.3950,-8.7719,6.9265,2.1576,-0.0001,-0.0033,2.1293,-0.5830,0.4170,-0.5830,0.4170,0,0
880,0,4.4000,-8.7729,6.9281,2.1576,-0.0000,-0.0033,2.1239,-0.5830,0.4088,-0.5830,0.4170,0,0
