entry_id,network,instance,dispatch_id,op,name,core_kind,hart,worker_kind_idx,predicted_start_ms,predicted_duration_ms,actual_start_ms,actual_end_ms,actual_duration_ms
0,dronet,0,0,conv2d_s8,conv_modules.0,rvv,1,1,0.000000,1.495032,0.017000,1.533000,1.516000
1,mlp_control,0,0,linear,mlp.0,gemmini_q31,0,0,0.000000,0.050170,0.019000,0.072000,0.053000
2,mlp_control,0,1,elu,mlp.1,gemmini_q31,0,0,0.050170,0.025003,0.073000,0.099000,0.026000
3,mlp_control,0,2,linear,mlp.2,gemmini_q31,0,0,0.075173,0.341696,0.100000,0.448000,0.348000
4,mlp_control,0,3,elu,mlp.3,gemmini_q31,0,0,0.416869,0.015066,0.449000,0.465000,0.016000
5,mlp_control,0,4,linear,mlp.4,gemmini_q31,0,0,0.431935,0.086760,0.465000,0.554000,0.089000
6,mlp_control,0,5,elu,mlp.5,gemmini_q31,0,0,0.518695,0.006353,0.555000,0.562000,0.007000
7,mlp_control,0,6,linear,mlp.6,gemmini_q31,0,0,0.525048,0.002814,0.562000,0.566000,0.004000
8,dronet,0,1,maxpool2d_s8,maxpool1,rvv,1,1,1.495032,0.218024,1.535000,1.775000,0.240000
9,dronet,0,2,batchnorm2d_s8,bn_modules.0,rvv,1,1,1.713056,0.031082,1.776000,1.806000,0.030000
10,dronet,0,3,conv2d_s8,conv_modules.1,gemmini_q31,0,0,1.744138,0.673936,1.813000,2.438000,0.625000
11,dronet,0,5,conv2d_s8,conv_modules.3,rvv,1,1,1.744138,0.177518,1.809000,1.992000,0.183000
12,dronet,0,4,conv2d_s8,conv_modules.2,gemmini_q31,0,0,2.418074,0.520618,2.440000,2.920000,0.480000
13,dronet,0,6,add_s8,add,rvv,1,1,2.938692,0.011577,2.927000,2.939000,0.012000
14,dronet,0,7,batchnorm2d_s8,bn_modules.2,rvv,1,1,2.950269,0.009146,2.940000,2.949000,0.009000
15,dronet,0,10,conv2d_s8,conv_modules.6,rvv,1,1,2.959415,0.112011,2.951000,3.066000,0.115000
16,dronet,0,8,conv2d_s8,conv_modules.4,gemmini_q31,0,0,2.959415,0.242144,2.953000,3.180000,0.227000
17,dronet,0,9,conv2d_s8,conv_modules.5,gemmini_q31,0,0,3.201559,0.240469,3.181000,3.398000,0.217000
18,dronet,0,11,add_s8,add_1,rvv,1,1,3.442028,0.005781,3.404000,3.410000,0.006000
19,dronet,0,12,batchnorm2d_s8,bn_modules.4,rvv,1,1,3.447809,0.005419,3.411000,3.417000,0.006000
20,dronet,0,13,conv2d_s8,conv_modules.7,gemmini_q31,0,0,3.453228,0.143299,3.421000,3.556000,0.135000
21,dronet,0,15,conv2d_s8,conv_modules.9,rvv,1,1,3.453228,0.090931,3.418000,3.513000,0.095000
22,dronet,0,14,conv2d_s8,conv_modules.8,gemmini_q31,0,0,3.596527,0.160929,3.557000,3.711000,0.154000
23,dronet,0,16,add_s8,add_2,rvv,1,1,3.757456,0.003916,3.718000,3.723000,0.005000
24,dronet,0,17,relu_s8,relu_modules.6,rvv,1,1,3.761372,0.000407,3.723000,3.724000,0.001000
25,dronet,0,19,linear_s8,linear2,rvv,1,1,3.761779,0.002167,3.725000,3.728000,0.003000
26,dronet,0,18,linear_s8,linear1,rvv,1,1,3.763946,0.002529,3.729000,3.732000,0.003000
27,dronet,0,20,sigmoid_s8,sigmoid1,gemmini_q31,0,0,3.763946,0.000655,3.732000,3.733000,0.001000
28,yolov8_nano,0,0,conv2d_s8,l0.conv,rvv,1,1,3.766475,2.582709,3.766000,6.332000,2.566000
29,yolov8_nano,0,1,silu_s8,l0.act,rvv,1,1,6.349184,0.162342,6.334000,6.495000,0.161000
30,yolov8_nano,0,2,conv2d_s8,l1.conv,rvv,1,1,6.511526,2.737774,6.497000,9.203000,2.706000
31,yolov8_nano,0,3,silu_s8,l1.act,rvv,1,1,9.249300,0.094797,9.205000,9.301000,0.096000
32,yolov8_nano,0,4,conv2d_s8,l2.cv1.conv,rvv,1,1,9.344097,1.286908,9.302000,10.593000,1.291000
33,mlp_control,1,0,linear,mlp.0,gemmini_q31,0,0,10.000000,0.050170,10.000000,10.050000,0.050000
34,mlp_control,1,1,elu,mlp.1,gemmini_q31,0,0,10.050170,0.025003,10.052000,10.077000,0.025000
35,mlp_control,1,2,linear,mlp.2,gemmini_q31,0,0,10.075173,0.341696,10.078000,10.422000,0.344000
36,mlp_control,1,3,elu,mlp.3,gemmini_q31,0,0,10.416869,0.015066,10.423000,10.438000,0.015000
37,mlp_control,1,4,linear,mlp.4,gemmini_q31,0,0,10.431935,0.086760,10.439000,10.527000,0.088000
38,mlp_control,1,5,elu,mlp.5,gemmini_q31,0,0,10.518695,0.006353,10.528000,10.534000,0.006000
39,mlp_control,1,6,linear,mlp.6,gemmini_q31,0,0,10.525048,0.002814,10.535000,10.538000,0.003000
40,yolov8_nano,0,5,silu_s8,l2.cv1.act,rvv,1,1,10.631005,0.099061,10.595000,10.695000,0.100000
41,yolov8_nano,0,-1,chunk2_c1,chunk,gemmini_q31,0,0,10.730066,0.000000,0.000000,0.000000,0.000000
42,yolov8_nano,0,6,conv2d_s8,l2.m0.cv1.conv,gemmini_q31,0,0,10.730066,2.782299,10.703000,13.444000,2.741000
43,yolov8_nano,0,7,silu_s8,l2.m0.cv1.act,rvv,1,1,13.512365,0.096212,13.451000,13.549000,0.098000
44,yolov8_nano,0,8,conv2d_s8,l2.m0.cv2.conv,gemmini_q31,0,0,13.608577,2.768733,13.554000,16.260000,2.706000
45,yolov8_nano,0,9,silu_s8,l2.m0.cv2.act,rvv,1,1,16.377310,0.096222,16.266000,16.363000,0.097000
46,yolov8_nano,0,10,add_s8,add,rvv,1,1,16.473532,0.046891,16.365000,16.412000,0.047000
47,yolov8_nano,0,11,cat3_c1_s8,cat,rvv,1,1,16.520424,0.124282,16.414000,16.539000,0.125000
48,yolov8_nano,0,12,conv2d_s8,l2.cv2.conv,rvv,1,1,16.644705,1.764984,16.540000,18.304000,1.764000
49,yolov8_nano,0,13,silu_s8,l2.cv2.act,rvv,1,1,18.409689,0.122103,18.306000,18.428000,0.122000
50,yolov8_nano,0,14,conv2d_s8,l3.conv,rvv,1,1,18.531792,2.787949,18.430000,21.195000,2.765000
51,mlp_control,2,0,linear,mlp.0,gemmini_q31,0,0,20.000000,0.050170,20.000000,20.049000,0.049000
52,mlp_control,2,1,elu,mlp.1,gemmini_q31,0,0,20.050171,0.025003,20.050000,20.076000,0.026000
53,mlp_control,2,2,linear,mlp.2,gemmini_q31,0,0,20.075172,0.341696,20.077000,20.402000,0.325000
54,mlp_control,2,3,elu,mlp.3,gemmini_q31,0,0,20.416868,0.015066,20.403000,20.419000,0.016000
55,mlp_control,2,4,linear,mlp.4,gemmini_q31,0,0,20.431934,0.086760,20.420000,20.502000,0.082000
56,mlp_control,2,5,elu,mlp.5,gemmini_q31,0,0,20.518696,0.006353,20.503000,20.510000,0.007000
57,mlp_control,2,6,linear,mlp.6,gemmini_q31,0,0,20.525047,0.002814,20.510000,20.513000,0.003000
58,yolov8_nano,0,15,silu_s8,l3.act,rvv,1,1,21.319740,0.096546,21.197000,21.294000,0.097000
59,yolov8_nano,0,16,conv2d_s8,l4.cv1.conv,rvv,1,1,21.416286,1.120145,21.295000,22.416000,1.121000
60,yolov8_nano,0,17,silu_s8,l4.cv1.act,rvv,1,1,22.536432,0.096232,22.417000,22.514000,0.097000
61,yolov8_nano,0,-1,chunk2_c1,chunk_1,gemmini_q31,0,0,22.632664,0.000000,0.000000,0.000000,0.000000
62,yolov8_nano,0,18,conv2d_s8,l4.m0.cv1.conv,gemmini_q31,0,0,22.632664,1.059718,22.522000,23.511000,0.989000
63,yolov8_nano,0,19,silu_s8,l4.m0.cv1.act,rvv,1,1,23.692383,0.083170,23.518000,23.602000,0.084000
64,yolov8_nano,0,20,conv2d_s8,l4.m0.cv2.conv,gemmini_q31,0,0,23.775553,1.056169,23.606000,24.579000,0.973000
65,yolov8_nano,0,21,silu_s8,l4.m0.cv2.act,rvv,1,1,24.831720,0.082582,24.584000,24.667000,0.083000
66,yolov8_nano,0,22,add_s8,add_1,rvv,1,1,24.914303,0.023759,24.669000,24.692000,0.023000
67,yolov8_nano,0,23,conv2d_s8,l4.m1.cv1.conv,gemmini_q31,0,0,24.938063,1.074589,24.697000,25.690000,0.993000
68,yolov8_nano,0,24,silu_s8,l4.m1.cv1.act,rvv,1,1,26.012651,0.082838,25.695000,25.779000,0.084000
69,yolov8_nano,0,25,conv2d_s8,l4.m1.cv2.conv,gemmini_q31,0,0,26.095490,1.051248,25.783000,26.754000,0.971000
70,yolov8_nano,0,26,silu_s8,l4.m1.cv2.act,rvv,1,1,27.146736,0.082898,26.759000,26.842000,0.083000
71,yolov8_nano,0,27,add_s8,add_2,rvv,1,1,27.229635,0.023693,26.843000,26.867000,0.024000
72,yolov8_nano,0,28,cat4_c1_s8,cat_1,rvv,1,1,27.253328,0.095172,26.869000,26.960000,0.091000
73,dronet,1,0,conv2d_s8,conv_modules.0,rvv,1,1,27.348499,1.495032,27.348000,28.868000,1.520000
74,yolov8_nano,0,29,conv2d_s8,l4.cv2.conv,gemmini_q31,0,0,27.348499,1.529018,26.965000,28.480000,1.515000
75,yolov8_nano,0,30,silu_s8,l4.cv2.act,rvv,1,1,28.877518,0.096164,28.870000,28.966000,0.096000
76,dronet,1,1,maxpool2d_s8,maxpool1,rvv,1,1,28.973682,0.218024,28.968000,29.212000,0.244000
77,yolov8_nano,0,31,conv2d_s8,l5.conv,gemmini_q31,0,0,28.973682,0.919516,28.971000,29.826000,0.855000
78,dronet,1,2,batchnorm2d_s8,bn_modules.0,rvv,1,1,29.191706,0.031082,29.213000,29.244000,0.031000
79,dronet,1,5,conv2d_s8,conv_modules.3,rvv,1,1,29.222788,0.177518,29.245000,29.429000,0.184000
80,yolov8_nano,0,32,silu_s8,l5.act,rvv,1,1,29.893198,0.083402,29.834000,29.918000,0.084000
81,dronet,1,3,conv2d_s8,conv_modules.1,rvv,1,1,29.976601,0.838614,29.920000,30.770000,0.850000
82,mlp_control,3,0,linear,mlp.0,gemmini_q31,0,0,30.000000,0.050170,30.000000,30.050000,0.050000
83,mlp_control,3,1,elu,mlp.1,gemmini_q31,0,0,30.050171,0.025003,30.051000,30.076000,0.025000
84,mlp_control,3,2,linear,mlp.2,gemmini_q31,0,0,30.075172,0.341696,30.077000,30.413000,0.336000
85,mlp_control,3,3,elu,mlp.3,gemmini_q31,0,0,30.416868,0.015066,30.414000,30.430000,0.016000
86,mlp_control,3,4,linear,mlp.4,gemmini_q31,0,0,30.431934,0.086760,30.431000,30.516000,0.085000
87,mlp_control,3,5,elu,mlp.5,gemmini_q31,0,0,30.518696,0.006353,30.518000,30.524000,0.006000
88,mlp_control,3,6,linear,mlp.6,gemmini_q31,0,0,30.525047,0.002814,30.525000,30.528000,0.003000
89,yolov8_nano,0,33,conv2d_s8,l6.cv1.conv,gemmini_q31,0,0,30.527863,0.655861,30.529000,31.190000,0.661000
90,yolov8_nano,0,34,silu_s8,l6.cv1.act,rvv,1,1,31.183723,0.083323,31.196000,31.281000,0.085000
91,yolov8_nano,0,-1,chunk2_c1,chunk_2,gemmini_q31,0,0,31.267046,0.000000,0.000000,0.000000,0.000000
92,yolov8_nano,0,35,conv2d_s8,l6.m0.cv1.conv,gemmini_q31,0,0,31.267046,0.479556,31.287000,31.724000,0.437000
93,dronet,1,4,conv2d_s8,conv_modules.2,gemmini_q31,0,0,31.746601,0.520618,31.727000,32.219000,0.492000
94,yolov8_nano,0,36,silu_s8,l6.m0.cv1.act,rvv,1,1,31.746601,0.076809,31.729000,31.807000,0.078000
95,dronet,1,6,add_s8,add,rvv,1,1,32.267220,0.011577,32.225000,32.237000,0.012000
96,dronet,1,7,batchnorm2d_s8,bn_modules.2,rvv,1,1,32.278797,0.009146,32.238000,32.247000,0.009000
97,dronet,1,10,conv2d_s8,conv_modules.6,rvv,1,1,32.287945,0.112011,32.249000,32.364000,0.115000
98,dronet,1,8,conv2d_s8,conv_modules.4,gemmini_q31,0,0,32.287945,0.242144,32.252000,32.479000,0.227000
99,dronet,1,9,conv2d_s8,conv_modules.5,gemmini_q31,0,0,32.530087,0.240469,32.481000,32.698000,0.217000
100,dronet,1,11,add_s8,add_1,rvv,1,1,32.770557,0.005781,32.704000,32.710000,0.006000
101,dronet,1,12,batchnorm2d_s8,bn_modules.4,rvv,1,1,32.776337,0.005419,32.711000,32.717000,0.006000
102,dronet,1,13,conv2d_s8,conv_modules.7,gemmini_q31,0,0,32.781757,0.143299,32.721000,32.856000,0.135000
103,dronet,1,15,conv2d_s8,conv_modules.9,rvv,1,1,32.781757,0.090931,32.719000,32.814000,0.095000
104,dronet,1,14,conv2d_s8,conv_modules.8,gemmini_q31,0,0,32.925056,0.160929,32.857000,33.012000,0.155000
105,dronet,1,16,add_s8,add_2,rvv,1,1,33.085983,0.003916,33.019000,33.023000,0.004000
106,dronet,1,17,relu_s8,relu_modules.6,rvv,1,1,33.089901,0.000407,33.024000,33.025000,0.001000
107,dronet,1,19,linear_s8,linear2,rvv,1,1,33.090305,0.002167,33.026000,33.028000,0.002000
108,dronet,1,18,linear_s8,linear1,rvv,1,1,33.092476,0.002529,33.030000,33.033000,0.003000
109,dronet,1,20,sigmoid_s8,sigmoid1,gemmini_q31,0,0,33.092476,0.000655,33.033000,33.034000,0.001000
110,yolov8_nano,0,37,conv2d_s8,l6.m0.cv2.conv,gemmini_q31,0,0,33.093128,0.467556,33.036000,33.466000,0.430000
111,yolov8_nano,0,38,silu_s8,l6.m0.cv2.act,rvv,1,1,33.560684,0.075692,33.472000,33.549000,0.077000
112,yolov8_nano,0,39,add_s8,add_3,rvv,1,1,33.636375,0.011903,33.550000,33.562000,0.012000
113,yolov8_nano,0,40,conv2d_s8,l6.m1.cv1.conv,gemmini_q31,0,0,33.648281,0.478718,33.567000,34.005000,0.438000
114,yolov8_nano,0,41,silu_s8,l6.m1.cv1.act,rvv,1,1,34.126999,0.076198,34.011000,34.088000,0.077000
115,yolov8_nano,0,42,conv2d_s8,l6.m1.cv2.conv,gemmini_q31,0,0,34.203197,0.465075,34.093000,34.515000,0.422000
116,yolov8_nano,0,43,silu_s8,l6.m1.cv2.act,rvv,1,1,34.668270,0.076203,34.520000,34.597000,0.077000
117,yolov8_nano,0,44,add_s8,add_4,rvv,1,1,34.744473,0.012084,34.598000,34.610000,0.012000
118,yolov8_nano,0,45,cat4_c1_s8,cat_2,rvv,1,1,34.756557,0.045407,34.611000,34.657000,0.046000
119,yolov8_nano,0,46,conv2d_s8,l6.cv2.conv,gemmini_q31,0,0,34.801964,0.940338,34.662000,35.603000,0.941000
120,yolov8_nano,0,47,silu_s8,l6.cv2.act,rvv,1,1,35.742302,0.083020,35.609000,35.693000,0.084000
121,yolov8_nano,0,48,conv2d_s8,l7.conv,gemmini_q31,0,0,35.825321,0.494493,35.698000,36.170000,0.472000
122,yolov8_nano,0,49,silu_s8,l7.act,rvv,1,1,36.319817,0.077286,36.177000,36.255000,0.078000
123,yolov8_nano,0,50,conv2d_s8,l8.cv1.conv,gemmini_q31,0,0,36.397102,0.327022,36.260000,36.586000,0.326000
124,yolov8_nano,0,51,silu_s8,l8.cv1.act,rvv,1,1,36.724125,0.076722,36.592000,36.669000,0.077000
125,yolov8_nano,0,-1,chunk2_c1,chunk_3,gemmini_q31,0,0,36.800846,0.000000,0.000000,0.000000,0.000000
126,yolov8_nano,0,52,conv2d_s8,l8.m0.cv1.conv,gemmini_q31,0,0,36.800846,0.246736,36.675000,36.910000,0.235000
127,yolov8_nano,0,53,silu_s8,l8.m0.cv1.act,rvv,1,1,37.047581,0.073455,36.917000,36.991000,0.074000
128,yolov8_nano,0,54,conv2d_s8,l8.m0.cv2.conv,gemmini_q31,0,0,37.121037,0.233418,36.996000,37.221000,0.225000
129,yolov8_nano,0,55,silu_s8,l8.m0.cv2.act,rvv,1,1,37.354454,0.073760,37.227000,37.302000,0.075000
130,yolov8_nano,0,56,add_s8,add_5,rvv,1,1,37.428215,0.006074,37.303000,37.309000,0.006000
131,yolov8_nano,0,57,cat3_c1_s8,cat_3,rvv,1,1,37.434288,0.020439,37.310000,37.331000,0.021000
132,yolov8_nano,0,58,conv2d_s8,l8.cv2.conv,gemmini_q31,0,0,37.454727,0.360450,37.336000,37.695000,0.359000
133,yolov8_nano,0,59,silu_s8,l8.cv2.act,rvv,1,1,37.815178,0.076646,37.701000,37.778000,0.077000
134,yolov8_nano,0,60,conv2d_s8,l9.cv1.conv,gemmini_q31,0,0,37.891823,0.177341,37.783000,37.961000,0.178000
135,yolov8_nano,0,61,silu_s8,l9.cv1.act,rvv,1,1,38.069164,0.073345,37.967000,38.042000,0.075000
136,yolov8_nano,0,62,maxpool2d_s8,l9.m1,rvv,1,1,38.142509,1.245771,38.043000,39.262000,1.219000
137,yolov8_nano,0,63,maxpool2d_s8,l9.m2,rvv,1,1,39.388283,1.221340,39.263000,40.466000,1.203000
138,mlp_control,4,0,linear,mlp.0,gemmini_q31,0,0,40.000000,0.050170,40.000000,40.051000,0.051000
139,mlp_control,4,1,elu,mlp.1,gemmini_q31,0,0,40.050171,0.025003,40.052000,40.078000,0.026000
140,mlp_control,4,2,linear,mlp.2,gemmini_q31,0,0,40.075172,0.341696,40.079000,40.424000,0.345000
141,mlp_control,4,3,elu,mlp.3,gemmini_q31,0,0,40.416870,0.015066,40.425000,40.441000,0.016000
142,mlp_control,4,4,linear,mlp.4,gemmini_q31,0,0,40.431934,0.086760,40.442000,40.529000,0.087000
143,mlp_control,4,5,elu,mlp.5,gemmini_q31,0,0,40.518696,0.006353,40.530000,40.537000,0.007000
144,mlp_control,4,6,linear,mlp.6,gemmini_q31,0,0,40.525047,0.002814,40.538000,40.541000,0.003000
145,yolov8_nano,0,64,maxpool2d_s8,l9.m3,gemmini_q31,0,0,40.609619,1.155260,40.542000,41.701000,1.159000
146,yolov8_nano,0,65,cat4_c1_s8,cat_4,rvv,1,1,41.764881,0.022758,41.707000,41.730000,0.023000
147,yolov8_nano,0,66,conv2d_s8,l9.cv2.conv,gemmini_q31,0,0,41.787640,0.397999,41.735000,42.138000,0.403000
148,yolov8_nano,0,67,silu_s8,l9.cv2.act,rvv,1,1,42.185638,0.076780,42.145000,42.223000,0.078000
149,yolov8_nano,0,68,upsample_nearest_s8,l10,rvv,1,1,42.262417,0.158105,42.223000,42.385000,0.162000
150,yolov8_nano,0,69,cat2_c1_s8,cat_5,rvv,1,1,42.420525,0.060791,42.386000,42.448000,0.062000
151,yolov8_nano,0,70,conv2d_s8,l12.cv1.conv,gemmini_q31,0,0,42.481316,1.220380,42.454000,43.680000,1.226000
152,yolov8_nano,0,71,silu_s8,l12.cv1.act,rvv,1,1,43.701694,0.082990,43.686000,43.769000,0.083000
153,yolov8_nano,0,-1,chunk2_c1,chunk_4,gemmini_q31,0,0,43.784683,0.000000,0.000000,0.000000,0.000000
154,yolov8_nano,0,72,conv2d_s8,l12.m0.cv1.conv,gemmini_q31,0,0,43.784683,0.480515,43.776000,44.214000,0.438000
155,yolov8_nano,0,73,silu_s8,l12.m0.cv1.act,rvv,1,1,44.265198,0.076793,44.219000,44.297000,0.078000
156,yolov8_nano,0,74,conv2d_s8,l12.m0.cv2.conv,gemmini_q31,0,0,44.341991,0.475043,44.301000,44.733000,0.432000
157,yolov8_nano,0,75,silu_s8,l12.m0.cv2.act,rvv,1,1,44.817036,0.075615,44.739000,44.815000,0.076000
158,yolov8_nano,0,76,cat3_c1_s8,cat_6,rvv,1,1,44.892651,0.032673,44.816000,44.849000,0.033000
159,yolov8_nano,0,77,conv2d_s8,l12.cv2.conv,gemmini_q31,0,0,44.925323,0.770361,44.854000,45.618000,0.764000
160,yolov8_nano,0,78,silu_s8,l12.cv2.act,rvv,1,1,45.695683,0.082716,45.624000,45.707000,0.083000
161,yolov8_nano,0,79,upsample_nearest_s8,l13,rvv,1,1,45.778400,0.273337,45.708000,45.985000,0.277000
162,yolov8_nano,0,80,cat2_c1_s8,cat_7,rvv,1,1,46.051739,0.118408,45.986000,46.104000,0.118000
163,dronet,2,0,conv2d_s8,conv_modules.0,rvv,1,1,46.170143,1.495032,46.170000,47.695000,1.525000
164,yolov8_nano,0,81,conv2d_s8,l15.cv1.conv,gemmini_q31,0,0,46.170143,1.762569,46.110000,47.886000,1.776000
165,dronet,2,1,maxpool2d_s8,maxpool1,rvv,1,1,47.665176,0.218024,47.697000,47.937000,0.240000
166,dronet,2,2,batchnorm2d_s8,bn_modules.0,rvv,1,1,47.883202,0.031082,47.938000,47.968000,0.030000
167,yolov8_nano,0,82,silu_s8,l15.cv1.act,rvv,1,1,47.932713,0.096061,47.979000,48.076000,0.097000
168,dronet,2,3,conv2d_s8,conv_modules.1,gemmini_q31,0,0,48.028774,0.673936,47.976000,48.603000,0.627000
169,dronet,2,5,conv2d_s8,conv_modules.3,rvv,1,1,48.028774,0.177518,48.077000,48.263000,0.186000
170,yolov8_nano,0,-1,chunk2_c1,chunk_5,gemmini_q31,0,0,48.028774,0.000000,0.000000,0.000000,0.000000
171,dronet,2,4,conv2d_s8,conv_modules.2,gemmini_q31,0,0,48.702709,0.520618,48.605000,49.086000,0.481000
172,dronet,2,6,add_s8,add,rvv,1,1,49.223328,0.011577,49.092000,49.104000,0.012000
173,dronet,2,7,batchnorm2d_s8,bn_modules.2,rvv,1,1,49.234905,0.009146,49.105000,49.115000,0.010000
174,dronet,2,10,conv2d_s8,conv_modules.6,rvv,1,1,49.244053,0.112011,49.117000,49.232000,0.115000
175,dronet,2,8,conv2d_s8,conv_modules.4,gemmini_q31,0,0,49.244053,0.242144,49.119000,49.346000,0.227000
176,dronet,2,9,conv2d_s8,conv_modules.5,gemmini_q31,0,0,49.486195,0.240469,49.347000,49.564000,0.217000
177,dronet,2,11,add_s8,add_1,rvv,1,1,49.726665,0.005781,49.570000,49.577000,0.007000
178,dronet,2,12,batchnorm2d_s8,bn_modules.4,rvv,1,1,49.732445,0.005419,49.577000,49.583000,0.006000
179,dronet,2,13,conv2d_s8,conv_modules.7,gemmini_q31,0,0,49.737865,0.143299,49.588000,49.723000,0.135000
180,dronet,2,15,conv2d_s8,conv_modules.9,rvv,1,1,49.737865,0.090931,49.585000,49.681000,0.096000
181,dronet,2,14,conv2d_s8,conv_modules.8,gemmini_q31,0,0,49.881165,0.160929,49.724000,49.878000,0.154000
182,dronet,2,16,add_s8,add_2,rvv,1,1,50.042091,0.003916,49.885000,49.889000,0.004000
183,dronet,2,17,relu_s8,relu_modules.6,rvv,1,1,50.046009,0.000407,49.890000,49.891000,0.001000
184,dronet,2,19,linear_s8,linear2,rvv,1,1,50.046417,0.002167,49.891000,49.894000,0.003000
185,dronet,2,18,linear_s8,linear1,rvv,1,1,50.048584,0.002529,49.896000,49.898000,0.002000
186,dronet,2,20,sigmoid_s8,sigmoid1,gemmini_q31,0,0,50.048584,0.000655,49.899000,49.900000,0.001000
187,mlp_control,5,0,linear,mlp.0,gemmini_q31,0,0,50.049236,0.050170,50.049000,50.100000,0.051000
188,mlp_control,5,1,elu,mlp.1,gemmini_q31,0,0,50.099407,0.025003,50.100000,50.126000,0.026000
189,mlp_control,5,2,linear,mlp.2,gemmini_q31,0,0,50.124413,0.341696,50.127000,50.471000,0.344000
190,mlp_control,5,3,elu,mlp.3,gemmini_q31,0,0,50.466106,0.015066,50.473000,50.488000,0.015000
191,mlp_control,5,4,linear,mlp.4,gemmini_q31,0,0,50.481174,0.086760,50.489000,50.577000,0.088000
192,mlp_control,5,5,elu,mlp.5,gemmini_q31,0,0,50.567932,0.006353,50.577000,50.584000,0.007000
193,mlp_control,5,6,linear,mlp.6,gemmini_q31,0,0,50.574287,0.002814,50.585000,50.588000,0.003000
194,yolov8_nano,0,83,conv2d_s8,l15.m0.cv1.conv,gemmini_q31,0,0,50.577099,1.074332,50.589000,51.600000,1.011000
195,yolov8_nano,0,84,silu_s8,l15.m0.cv1.act,rvv,1,1,51.651432,0.082742,51.607000,51.692000,0.085000
196,yolov8_nano,0,85,conv2d_s8,l15.m0.cv2.conv,gemmini_q31,0,0,51.734173,1.054123,51.697000,52.671000,0.974000
197,yolov8_nano,0,86,silu_s8,l15.m0.cv2.act,rvv,1,1,52.788296,0.082611,52.677000,52.761000,0.084000
198,yolov8_nano,0,87,cat3_c1_s8,cat_8,rvv,1,1,52.870907,0.063580,52.762000,52.826000,0.064000
199,yolov8_nano,0,88,conv2d_s8,l15.cv2.conv,gemmini_q31,0,0,52.934486,1.401777,52.831000,54.237000,1.406000
200,yolov8_nano,0,89,silu_s8,l15.cv2.act,rvv,1,1,54.336266,0.095936,54.243000,54.339000,0.096000
201,yolov8_nano,0,90,conv2d_s8,l16.conv,gemmini_q31,0,0,54.432201,0.606874,54.344000,54.895000,0.551000
202,yolov8_nano,0,91,silu_s8,l16.act,rvv,1,1,55.039074,0.076351,54.901000,54.978000,0.077000
203,yolov8_nano,0,92,cat2_c1_s8,cat_9,rvv,1,1,55.115425,0.031015,54.979000,55.012000,0.033000
204,yolov8_nano,0,93,conv2d_s8,l18.cv1.conv,gemmini_q31,0,0,55.146442,0.772744,55.017000,55.788000,0.771000
205,yolov8_nano,0,94,silu_s8,l18.cv1.act,rvv,1,1,55.919186,0.082964,55.794000,55.878000,0.084000
206,yolov8_nano,0,-1,chunk2_c1,chunk_6,gemmini_q31,0,0,56.002148,0.000000,0.000000,0.000000,0.000000
207,yolov8_nano,0,95,conv2d_s8,l18.m0.cv1.conv,gemmini_q31,0,0,56.002148,0.480120,55.883000,56.320000,0.437000
208,yolov8_nano,0,96,silu_s8,l18.m0.cv1.act,rvv,1,1,56.482269,0.076480,56.325000,56.403000,0.078000
209,yolov8_nano,0,97,conv2d_s8,l18.m0.cv2.conv,gemmini_q31,0,0,56.558750,0.470148,56.407000,56.834000,0.427000
210,yolov8_nano,0,98,silu_s8,l18.m0.cv2.act,rvv,1,1,57.028896,0.076656,56.840000,56.917000,0.077000
211,yolov8_nano,0,99,cat3_c1_s8,cat_10,rvv,1,1,57.105553,0.032741,56.918000,56.951000,0.033000
212,yolov8_nano,0,100,conv2d_s8,l18.cv2.conv,gemmini_q31,0,0,57.138294,0.783642,56.956000,57.731000,0.775000
213,yolov8_nano,0,101,silu_s8,l18.cv2.act,rvv,1,1,57.921936,0.083583,57.736000,57.820000,0.084000
214,yolov8_nano,0,102,conv2d_s8,l19.conv,gemmini_q31,0,0,58.005520,0.313435,57.825000,58.126000,0.301000
215,yolov8_nano,0,103,silu_s8,l19.act,rvv,1,1,58.318954,0.074080,58.132000,58.207000,0.075000
216,yolov8_nano,0,104,cat2_c1_s8,cat_11,rvv,1,1,58.393036,0.020905,58.208000,58.229000,0.021000
217,yolov8_nano,0,105,conv2d_s8,l21.cv1.conv,gemmini_q31,0,0,58.413940,0.355468,58.234000,58.588000,0.354000
218,yolov8_nano,0,106,silu_s8,l21.cv1.act,rvv,1,1,58.769405,0.076770,58.594000,58.672000,0.078000
219,yolov8_nano,0,-1,chunk2_c1,chunk_7,gemmini_q31,0,0,58.846176,0.000000,0.000000,0.000000,0.000000
220,yolov8_nano,0,107,conv2d_s8,l21.m0.cv1.conv,gemmini_q31,0,0,58.846176,0.246127,58.677000,58.913000,0.236000
221,yolov8_nano,0,108,silu_s8,l21.m0.cv1.act,rvv,1,1,59.092304,0.073933,58.919000,58.994000,0.075000
222,yolov8_nano,0,109,conv2d_s8,l21.m0.cv2.conv,gemmini_q31,0,0,59.166237,0.240414,58.998000,59.231000,0.233000
223,yolov8_nano,0,110,silu_s8,l21.m0.cv2.act,rvv,1,1,59.406651,0.074016,59.237000,59.312000,0.075000
224,yolov8_nano,0,111,cat3_c1_s8,cat_12,rvv,1,1,59.480667,0.020280,59.313000,59.334000,0.021000
225,yolov8_nano,0,112,conv2d_s8,l21.cv2.conv,gemmini_q31,0,0,59.500946,0.359489,59.339000,59.698000,0.359000
226,yolov8_nano,0,113,silu_s8,l21.cv2.act,rvv,1,1,59.860435,0.076953,59.705000,59.782000,0.077000
227,mlp_control,6,0,linear,mlp.0,gemmini_q31,0,0,60.000000,0.050170,60.000000,60.050000,0.050000
228,mlp_control,6,1,elu,mlp.1,gemmini_q31,0,0,60.050171,0.025003,60.051000,60.077000,0.026000
229,yolov8_nano,0,136,conv2d_s8,detect.cv2_2_0.conv,gemmini_q31,0,0,60.075172,0.243619,60.078000,60.316000,0.238000
230,yolov8_nano,0,137,silu_s8,detect.cv2_2_0.act,rvv,1,1,60.318790,0.072145,60.322000,60.395000,0.073000
231,yolov8_nano,0,138,conv2d_s8,detect.cv2_2_1.conv,gemmini_q31,0,0,60.390938,0.119603,60.400000,60.513000,0.113000
232,yolov8_nano,0,139,silu_s8,detect.cv2_2_1.act,rvv,1,1,60.510540,0.072163,60.518000,60.591000,0.073000
233,mlp_control,6,2,linear,mlp.2,rvv,1,1,60.582703,0.376602,60.593000,60.984000,0.391000
234,yolov8_nano,0,140,conv2d_s8,detect.cv2_2_2,gemmini_q31,0,0,60.582703,0.083068,60.595000,60.678000,0.083000
235,yolov8_nano,0,141,conv2d_s8,detect.cv3_2_0.conv,gemmini_q31,0,0,60.665771,0.261161,60.680000,60.943000,0.263000
236,mlp_control,6,3,elu,mlp.3,gemmini_q31,0,0,60.959305,0.015066,60.989000,61.005000,0.016000
237,yolov8_nano,0,142,silu_s8,detect.cv3_2_0.act,rvv,1,1,60.959305,0.072741,60.987000,61.060000,0.073000
238,mlp_control,6,4,linear,mlp.4,gemmini_q31,0,0,60.974373,0.086760,61.006000,61.094000,0.088000
239,mlp_control,6,5,elu,mlp.5,gemmini_q31,0,0,61.061131,0.006353,61.096000,61.102000,0.006000
240,mlp_control,6,6,linear,mlp.6,gemmini_q31,0,0,61.067486,0.002814,61.103000,61.106000,0.003000
241,yolov8_nano,0,143,conv2d_s8,detect.cv3_2_1.conv,gemmini_q31,0,0,61.070297,0.140810,61.107000,61.255000,0.148000
242,yolov8_nano,0,144,silu_s8,detect.cv3_2_1.act,rvv,1,1,61.211109,0.071735,61.262000,61.334000,0.072000
243,yolov8_nano,0,145,conv2d_s8,detect.cv3_2_2,gemmini_q31,0,0,61.282845,0.105554,61.340000,61.448000,0.108000
244,yolov8_nano,0,125,conv2d_s8,detect.cv2_1_0.conv,gemmini_q31,0,0,61.388397,0.613481,61.450000,62.035000,0.585000
245,yolov8_nano,0,146,cat2_c1_s8,cat_15,rvv,1,1,61.388397,0.007240,61.452000,61.460000,0.008000
246,yolov8_nano,0,126,silu_s8,detect.cv2_1_0.act,rvv,1,1,62.001877,0.076926,62.040000,62.118000,0.078000
247,yolov8_nano,0,127,conv2d_s8,detect.cv2_1_1.conv,gemmini_q31,0,0,62.078804,0.466344,62.123000,62.548000,0.425000
248,yolov8_nano,0,128,silu_s8,detect.cv2_1_1.act,rvv,1,1,62.545147,0.076798,62.553000,62.631000,0.078000
249,yolov8_nano,0,130,conv2d_s8,detect.cv3_1_0.conv,gemmini_q31,0,0,62.545147,0.682024,62.552000,63.206000,0.654000
250,yolov8_nano,0,129,conv2d_s8,detect.cv2_1_2,rvv,1,1,62.621944,0.316722,62.632000,62.961000,0.329000
251,yolov8_nano,0,131,silu_s8,detect.cv3_1_0.act,rvv,1,1,63.227173,0.078881,63.212000,63.291000,0.079000
252,yolov8_nano,0,132,conv2d_s8,detect.cv3_1_1.conv,gemmini_q31,0,0,63.306053,0.541131,63.297000,63.856000,0.559000
253,yolov8_nano,0,133,silu_s8,detect.cv3_1_1.act,rvv,1,1,63.847183,0.078006,63.862000,63.940000,0.078000
254,yolov8_nano,0,134,conv2d_s8,detect.cv3_1_2,gemmini_q31,0,0,63.925190,0.424782,63.946000,64.371000,0.425000
255,yolov8_nano,0,114,conv2d_s8,detect.cv2_0_0.conv,gemmini_q31,0,0,64.349976,1.892723,64.375000,66.087000,1.712000
256,yolov8_nano,0,135,cat2_c1_s8,cat_14,rvv,1,1,64.349976,0.022623,64.376000,64.399000,0.023000
257,dronet,3,0,conv2d_s8,conv_modules.0,rvv,1,1,64.372597,1.495032,64.399000,65.943000,1.544000
258,dronet,3,1,maxpool2d_s8,maxpool1,rvv,1,1,65.867630,0.218024,65.945000,66.186000,0.241000
259,dronet,3,2,batchnorm2d_s8,bn_modules.0,rvv,1,1,66.085648,0.031082,66.187000,66.217000,0.030000
260,dronet,3,5,conv2d_s8,conv_modules.3,rvv,1,1,66.116730,0.177518,66.220000,66.402000,0.182000
261,dronet,3,3,conv2d_s8,conv_modules.1,gemmini_q31,0,0,66.242699,0.673936,66.223000,66.847000,0.624000
262,yolov8_nano,0,115,silu_s8,detect.cv2_0_0.act,rvv,1,1,66.294250,0.096295,66.403000,66.501000,0.098000
263,dronet,3,4,conv2d_s8,conv_modules.2,gemmini_q31,0,0,66.916634,0.520618,66.849000,67.329000,0.480000
264,dronet,3,6,add_s8,add,rvv,1,1,67.437248,0.011577,67.336000,67.348000,0.012000
265,dronet,3,7,batchnorm2d_s8,bn_modules.2,rvv,1,1,67.448830,0.009146,67.349000,67.358000,0.009000
266,dronet,3,10,conv2d_s8,conv_modules.6,rvv,1,1,67.457970,0.112011,67.360000,67.475000,0.115000
267,dronet,3,8,conv2d_s8,conv_modules.4,gemmini_q31,0,0,67.457970,0.242144,67.363000,67.589000,0.226000
268,dronet,3,9,conv2d_s8,conv_modules.5,gemmini_q31,0,0,67.700119,0.240469,67.590000,67.808000,0.218000
269,dronet,3,11,add_s8,add_1,rvv,1,1,67.940582,0.005781,67.814000,67.820000,0.006000
270,dronet,3,12,batchnorm2d_s8,bn_modules.4,rvv,1,1,67.946365,0.005419,67.821000,67.827000,0.006000
271,dronet,3,13,conv2d_s8,conv_modules.7,gemmini_q31,0,0,67.951782,0.143299,67.832000,67.967000,0.135000
272,dronet,3,15,conv2d_s8,conv_modules.9,rvv,1,1,67.951782,0.090931,67.829000,67.925000,0.096000
273,dronet,3,14,conv2d_s8,conv_modules.8,gemmini_q31,0,0,68.095085,0.160929,67.968000,68.122000,0.154000
274,dronet,3,16,add_s8,add_2,rvv,1,1,68.256012,0.003916,68.129000,68.134000,0.005000
275,dronet,3,17,relu_s8,relu_modules.6,rvv,1,1,68.259926,0.000407,68.134000,68.135000,0.001000
276,dronet,3,19,linear_s8,linear2,rvv,1,1,68.260338,0.002167,68.136000,68.139000,0.003000
277,dronet,3,18,linear_s8,linear1,rvv,1,1,68.262505,0.002529,68.140000,68.143000,0.003000
278,dronet,3,20,sigmoid_s8,sigmoid1,gemmini_q31,0,0,68.262505,0.000655,68.144000,68.145000,0.001000
279,mlp_control,7,0,linear,mlp.0,gemmini_q31,0,0,70.000000,0.050170,70.000000,70.051000,0.051000
280,mlp_control,7,1,elu,mlp.1,gemmini_q31,0,0,70.050171,0.025003,70.052000,70.077000,0.025000
281,mlp_control,7,2,linear,mlp.2,gemmini_q31,0,0,70.075172,0.341696,70.078000,70.423000,0.345000
282,mlp_control,7,3,elu,mlp.3,gemmini_q31,0,0,70.416870,0.015066,70.424000,70.439000,0.015000
283,mlp_control,7,4,linear,mlp.4,gemmini_q31,0,0,70.431938,0.086760,70.440000,70.527000,0.087000
284,mlp_control,7,5,elu,mlp.5,gemmini_q31,0,0,70.518692,0.006353,70.528000,70.535000,0.007000
285,mlp_control,7,6,linear,mlp.6,gemmini_q31,0,0,70.525047,0.002814,70.536000,70.539000,0.003000
286,yolov8_nano,0,116,conv2d_s8,detect.cv2_0_1.conv,gemmini_q31,0,0,70.527863,1.838253,70.540000,72.214000,1.674000
287,yolov8_nano,0,117,silu_s8,detect.cv2_0_1.act,rvv,1,1,72.366112,0.096094,72.220000,72.317000,0.097000
288,yolov8_nano,0,119,conv2d_s8,detect.cv3_0_0.conv,gemmini_q31,0,0,72.366112,2.156500,72.217000,74.198000,1.981000
289,yolov8_nano,0,118,conv2d_s8,detect.cv2_0_2,rvv,1,1,72.462212,1.121203,72.318000,73.450000,1.132000
290,yolov8_nano,0,120,silu_s8,detect.cv3_0_0.act,rvv,1,1,74.522614,0.102303,74.205000,74.308000,0.103000
291,yolov8_nano,0,121,conv2d_s8,detect.cv3_0_1.conv,gemmini_q31,0,0,74.624916,2.128469,74.313000,76.501000,2.188000
292,yolov8_nano,0,122,silu_s8,detect.cv3_0_1.act,rvv,1,1,76.753387,0.102837,76.507000,76.610000,0.103000
293,yolov8_nano,0,123,conv2d_s8,detect.cv3_0_2,gemmini_q31,0,0,76.856224,1.686528,76.615000,78.301000,1.686000
294,yolov8_nano,0,124,cat2_c1_s8,cat_13,rvv,1,1,78.542755,0.088146,78.306000,78.397000,0.091000
