count,mean,netvar,bb
1, 23, 0, 0x80006872-0x80006876
1, 37, 0, 0x800073b2-0x800073d6
125, 62.024, 2628, 0x800029f6-0x80002a56
1, 120, 0, 0x80000374-0x800003bc
5184, 4.736496913580247, 3818, 0x80002f36-0x80002f42
28902, 1.0974673033008095, 2817, 0x80002054-0x80002054
2, 18, 14, 0x80000072-0x80000084
1, 5, 0, 0x80007290-0x80007294
1, 33, 0, 0x800075a0-0x800075b8
1000, 643.158, 22158, 0x80001e46-0x80001ef6
3, 1, 0, 0x8000299c-0x8000299c
1, 133, 0, 0x8000138e-0x8000140c
1, 68, 0, 0x80007538-0x8000754e
2282, 3.4132340052585453, 3225, 0x800021fc-0x800021fe
864, 15.217592592592593, 188, 0x80002e9e-0x80002ebe
16735, 4.003406035255453, 57, 0x800020ce-0x800020d4
1, 9, 0, 0x80006652-0x80006662
1, 3, 0, 0x80009a2a-0x80009a32
1, 4, 0, 0x80006f82-0x80006f82
1, 11, 0, 0x8000019a-0x800001b4
17, 67.70588235294117, 369, 0x80001ca8-0x80001d0c
192, 4.34375, 450, 0x8000277e-0x80002780
1, 79, 0, 0x80002fa4-0x80002fd0
5120, 16.524609375, 7806, 0x8000267a-0x8000269e
4480, 2, 0, 0x80002792-0x80002794
162, 34.17283950617284, 190, 0x80001d10-0x80001d64
7680, 1.7350260416666667, 5645, 0x8000264e-0x8000264e
3, 6.333333333333333, 4, 0x80002a6a-0x80002a72
4608, 7.013237847222222, 61, 0x800023b8-0x800023c8
1000, 25.399, 399, 0x80001e12-0x80001e3c
1, 217, 0, 0x8000164e-0x800016ca
1, 5, 0, 0x800074c4-0x800074ca
3, 6, 0, 0x800029e2-0x800029e8
31, 4.193548387096774, 6, 0x80002d94-0x80002d9a
1, 219, 0, 0x80000e7e-0x80000ee6
1, 116, 0, 0x80001720-0x8000179e
1, 213, 0, 0x80001058-0x800010c4
1, 227, 0, 0x80002c82-0x80002d06
14, 11.357142857142858, 33, 0x80001fae-0x80001fbc
1, 26, 0, 0x80006f24-0x80006f2e
1, 4, 0, 0x80004720-0x8000472a
1, 75, 0, 0x80003c0a-0x80003c12
32, 10, 0, 0x80002f4e-0x80002f5a
2, 7, 0, 0x80003d8a-0x80003d92
1, 77, 0, 0x800000f4-0x80000102
1, 8, 0, 0x8000701e-0x8000702a
1, 9, 0, 0x80006386-0x80006394
1, 162, 0, 0x800012a4-0x80001320
1, 196, 0, 0x80000b1e-0x80000b6a
1, 58, 0, 0x80000238-0x800033a8
3, 185, 48, 0x800029f0-0x80002a56
10, 14.8, 38, 0x80001b52-0x80001b56
1, 24, 0, 0x80000208-0x80000212
2, 34.5, 57, 0x80004834-0x8000483c
1, 164, 0, 0x8000140e-0x80001476
3, 7, 0, 0x80002952-0x8000295a
176, 116.05113636363636, 3001, 0x800028f6-0x8000294c
17, 2, 0, 0x80001c5e-0x80001c5e
1, 37, 0, 0x80006fa8-0x80006fc4
3000, 12.028333333333334, 85, 0x80006f6a-0x80006f72
1, 214, 0, 0x800014fa-0x80001562
1, 4, 0, 0x80003026-0x8000302e
974, 37.41067761806981, 400, 0x80001d68-0x80001db6
3, 25.333333333333332, 22, 0x80003804-0x8000380a
2592, 1, 0, 0x80002e2c-0x80002e2c
1, 63, 0, 0x80009c7a-0x80009c8a
2, 8, 0, 0x8000340e-0x80003418
14449, 1.002214686137449, 32, 0x8000205e-0x8000205e
145, 2.1655172413793102, 24, 0x80002626-0x80002628
2, 95, 0, 0x80003df0-0x80003e1c
11584, 1.0497237569060773, 576, 0x80002798-0x80002798
1, 39, 0, 0x800075c8-0x800075f8
1, 1, 0, 0x800073e0-0x800073e0
1, 5, 0, 0x800072f2-0x800072fc
42, 14, 0, 0x800027f4-0x8000280a
3, 3, 3, 0x800028e8-0x800028ec
1, 1, 0, 0x80002f9e-0x80002f9e
10, 42.2, 142, 0x80001c08-0x80001c4e
2, 28.5, 15, 0x80000216-0x80000234
4608, 22.2421875, 1116, 0x800023ce-0x800023f8
1, 3, 0, 0x80001a4a-0x80001a4c
1, 99, 0, 0x80000d8e-0x80000dfa
1, 1, 0, 0x80009c76-0x80009c76
3, 11.666666666666666, 17, 0x8000513e-0x80005142
35679, 23.825415510524397, 29450, 0x80002196-0x800021d4
1, 63, 0, 0x8000483e-0x80004868
1, 57, 0, 0x800003d6-0x80000408
2, 14.5, 15, 0x80003b78-0x80003b7e
84, 34.107142857142854, 93, 0x80002426-0x8000245c
1792, 13.0390625, 3654, 0x800027dc-0x800027f0
4480, 3.3761160714285716, 6165, 0x800023a2-0x800023a4
84, 7, 0, 0x80001fce-0x80001fd8
1, 30, 0, 0x8000705e-0x8000706e
14449, 25.082151013910998, 30085, 0x80002078-0x800020c6
1, 6, 0, 0x80000088-0x80000094
7680, 3.0010416666666666, 8, 0x80002652-0x8000265a
1, 64, 0, 0x800047e2-0x80004832
1, 11, 0, 0x800074d2-0x800074ec
3, 6, 0, 0x8000295c-0x80002964
1000, 8.089, 4089, 0x80001dba-0x80001dc4
1, 120, 0, 0x80000c3e-0x80000cbc
3, 3, 0, 0x8000298c-0x80002990
84, 11.333333333333334, 28, 0x80001fbe-0x80001fca
1, 3, 0, 0x80000098-0x800000a0
1, 10, 0, 0x80002f5e-0x80002f6c
84, 2, 0, 0x80002460-0x80002462
1, 55, 0, 0x8000034c-0x80000366
1, 33, 0, 0x80004764-0x80004796
3, 5, 6, 0x80002a74-0x80002a7c
1, 5, 0, 0x80007456-0x8000745e
1, 5, 0, 0x800066a0-0x800066a8
1, 163, 0, 0x80000238-0x800018c4
2, 14, 0, 0x8000005c-0x8000006e
1, 154, 0, 0x800017a0-0x800017f0
1, 0, 0, 0x800002f6-0x800002f6
1, 35, 0, 0x80003c16-0x80003c1a
1, 15, 0, 0x80002d6a-0x80002d8a
43359, 1.0000691897875873, 3, 0x8000215c-0x8000215c
1, 2, 0, 0x80003af8-0x80003afc
1, 157, 0, 0x80000bee-0x80000c3a
1, 5, 0, 0x8000744e-0x80007454
2, 14, 0, 0x80002c5c-0x80002c76
1, 267, 0, 0x80009b26-0x80009b9e
1, 45, 0, 0x800075ba-0x800075c4
1000, 2.06, 60, 0x80001e40-0x80001e42
17, 17.058823529411764, 103, 0x8000285a-0x80002872
2, 29.5, 17, 0x80003dc6-0x80003dec
4, 3.75, 3, 0x80003a4a-0x80003a50
12272, 18.011000651890484, 24679, 0x800020d8-0x800020f2
11584, 3.0002589779005526, 3, 0x8000279c-0x800027a4
42, 20, 0, 0x80002596-0x800025b6
1, 26, 0, 0x80003ad2-0x80003ada
1, 4, 0, 0x800074cc-0x800074d0
14449, 7, 0, 0x80002062-0x80002072
1, 54, 0, 0x80007464-0x8000748c
10, 8.8, 58, 0x80001bfe-0x80001c04
1, 170, 0, 0x80000d0e-0x80000d8c
1, 1, 0, 0x80009a36-0x80009a36
6016, 9.038563829787234, 232, 0x800026a2-0x800026b2
28, 20.714285714285715, 20, 0x8000254a-0x8000256a
1, 68, 0, 0x80009c60-0x80009c72
1, 4, 0, 0x80007432-0x8000743c
6, 3.3333333333333335, 8, 0x80001b62-0x80001b66
1, 41, 0, 0x80003b26-0x80003b52
1, 6, 0, 0x800073e2-0x800073e6
1, 72, 0, 0x80001a0a-0x80001a26
1, 6, 0, 0x80005d68-0x80005d74
448, 3.4799107142857144, 663, 0x800026c4-0x800026c6
1, 69, 0, 0x80002f7a-0x80002f9a
1, 159, 0, 0x80001948-0x80001988
1, 110, 0, 0x80000dfe-0x80000e7c
43359, 10.015244816531746, 661, 0x8000217c-0x8000218e
1, 23, 0, 0x80005f12-0x80005f20
3, 53, 114, 0x80002966-0x80002980
1, 4, 0, 0x80002d0c-0x80002d0c
1, 61, 0, 0x80006fc8-0x80006fe8
2282, 2.090709903593339, 207, 0x8000211e-0x80002122
7, 6, 0, 0x80001c46-0x80001c4e
14453, 3.093890541756037, 1357, 0x8000211c-0x80002122
1, 61, 0, 0x80009b1e-0x80009b22
1, 164, 0, 0x80001566-0x800015e2
864, 12.034722222222221, 30, 0x80002e88-0x80002e9a
1, 69, 0, 0x80009a08-0x80009a1e
4608, 1.001953125, 9, 0x800023b4-0x800023b4
1, 71, 0, 0x80001a2a-0x80001a44
1, 1, 0, 0x80007298-0x80007298
4, 36.5, 26, 0x80003da2-0x80003db2
1, 109, 0, 0x800037ee-0x8000380a
70, 16.428571428571427, 30, 0x800024c6-0x800024e6
70, 23.5, 105, 0x80001f4c-0x80001f7e
16, 22.625, 74, 0x8000722e-0x8000723e
1, 68, 0, 0x80002d8c-0x80002d9a
1, 40, 0, 0x8000752a-0x80007534
2, 26, 34, 0x80005124-0x80005130
1, 39, 0, 0x800076a2-0x800076c4
1, 5, 0, 0x80002f76-0x80002f76
134, 9.305970149253731, 175, 0x80002612-0x80002622
9152, 17.071569055944057, 655, 0x800027a8-0x800027ca
1, 25, 0, 0x80007014-0x8000701c
3, 5, 0, 0x80003810-0x80003812
1, 122, 0, 0x80000eea-0x80000f68
1, 253, 0, 0x80000322-0x80000348
2, 61.5, 111, 0x80002c3e-0x80002c48
3, 32, 0, 0x800028c8-0x800028d4
1, 19, 0, 0x80005680-0x80005684
1, 28, 0, 0x8000709c-0x800070b4
1, 224, 0, 0x80001322-0x8000138a
2592, 2.025462962962963, 66, 0x80002f08-0x80002f0c
1, 7, 0, 0x80003b1a-0x80003b22
3, 3, 0, 0x800028e0-0x800028e4
1, 136, 0, 0x80007722-0x8000774a
3, 4, 0, 0x80002950-0x80002950
9, 23.77777777777778, 142, 0x80002876-0x8000287e
3, 27.666666666666668, 20, 0x80006f76-0x80006f80
1, 8, 0, 0x80000268-0x80000272
1, 149, 0, 0x800018c8-0x80001946
3, 9.333333333333334, 4, 0x800029d4-0x800029e0
2, 19, 12, 0x80003db4-0x80003dc4
1, 19, 0, 0x80002fd4-0x80002ff8
1, 3, 0, 0x80003c30-0x80003c34
28, 27.464285714285715, 69, 0x80002502-0x80002546
1, 82, 0, 0x80002d1e-0x80002d52
2, 15, 0, 0x80002ade-0x80002afc
1, 129, 0, 0x80005284-0x800052a4
16735, 6.71616372871228, 28720, 0x800021f0-0x800021fa
1, 1, 0, 0x80005d2e-0x80005d2e
145, 3.2551724137931033, 37, 0x80001d08-0x80001d0c
1, 24, 0, 0x800074b4-0x800074c0
1, 4, 0, 0x800038be-0x800038be
6846, 6.258983347940403, 8619, 0x800021e6-0x800021ee
3052, 16.08453473132372, 258, 0x80002380-0x800023a4
1, 68, 0, 0x800046e0-0x80004708
11272, 15.26277501774308, 2962, 0x8000202a-0x8000204a
2, 8, 0, 0x80003d08-0x80003d10
1, 40, 0, 0x800001b8-0x800001cc
2, 43, 52, 0x80002c0c-0x80002c1c
1, 5, 0, 0x80003a54-0x80003a5c
1, 25, 0, 0x8000767a-0x80007688
2592, 4.042438271604938, 110, 0x80002e7c-0x80002e84
1, 6, 0, 0x8000771c-0x80007720
7424, 26.068292025862068, 507, 0x800023ca-0x800023f8
1, 153, 0, 0x800008c4-0x8000091c
2592, 1.0030864197530864, 8, 0x80002e2e-0x80002e2e
1, 31, 0, 0x80005c1a-0x80005c24
2688, 3.3582589285714284, 3651, 0x80002774-0x80002776
3, 32.333333333333336, 76, 0x80003e38-0x80003e40
1, 7, 0, 0x80002d10-0x80002d1a
3, 2, 0, 0x800028d8-0x800028dc
10, 17.7, 7, 0x80001bd8-0x80001bfa
92, 4.434782608695652, 132, 0x800024fc-0x800024fe
7, 5.428571428571429, 3, 0x80001c62-0x80001c6e
1, 78, 0, 0x800047a6-0x800047ca
1, 2, 0, 0x80007050-0x80007054
1, 42, 0, 0x80006678-0x80006686
1, 1, 0, 0x80005d78-0x80005d78
1, 24, 0, 0x80007424-0x8000742e
3, 23, 51, 0x80003a3a-0x80003a46
42, 166.92857142857142, 81, 0x800025c0-0x800025ec
1, 49, 0, 0x80005d32-0x80005d44
1, 135, 0, 0x80000a76-0x80000a9a
1, 140, 0, 0x8000080c-0x80000840
2, 6, 0, 0x80003404-0x8000340c
1, 1, 0, 0x80002f70-0x80002f70
1, 7, 0, 0x80006696-0x8000669c
16735, 8.005138930385419, 86, 0x80002126-0x80002138
1, 22, 0, 0x80006568-0x8000656e
3, 7, 0, 0x80003e2c-0x80003e34
1344, 3.345982142857143, 465, 0x800026b6-0x800026ba
125, 2.024, 3, 0x80002a64-0x80002a68
2, 8, 0, 0x80003b82-0x80003b8a
4480, 4.000669642857143, 3, 0x80002784-0x8000278c
10, 56, 190, 0x80002a7e-0x80002ac2
2, 69, 64, 0x80002bfa-0x80002c08
1, 79, 0, 0x80003032-0x8000304a
1, 3, 0, 0x8000380e-0x80003812
8064, 4.073288690476191, 591, 0x8000278e-0x80002794
3008, 3.011968085106383, 36, 0x800026bc-0x800026c2
70, 12.042857142857143, 3, 0x800024ea-0x800024fe
1, 127, 0, 0x80000fd8-0x80001056
1, 51, 0, 0x80003cee-0x80003d06
1, 72, 0, 0x80003a26-0x80003a46
1, 6, 0, 0x800038b4-0x800038ba
1, 51, 0, 0x80003436-0x80003442
1, 101, 0, 0x800074fc-0x80007520
1, 186, 0, 0x80000b6e-0x80000bec
4288, 3.1203358208955225, 516, 0x8000277a-0x80002780
1, 81, 0, 0x80003872-0x800038a6
1000, 36.342, 342, 0x80001ff2-0x8000204a
1, 8, 0, 0x800001d0-0x800001da
1, 17, 0, 0x8000634a-0x80006364
14453, 2.093267833667751, 1348, 0x80002156-0x80002158
17, 22.352941176470587, 57, 0x80002836-0x80002856
2, 14, 0, 0x80002ac6-0x80002ada
2, 96, 126, 0x80002b68-0x80002bc0
2, 8.5, 3, 0x80002c4c-0x80002c58
1, 32, 0, 0x8000765c-0x80007666
43359, 1.0000922530501164, 4, 0x80002192-0x80002192
42, 22.642857142857142, 69, 0x8000274c-0x80002776
2, 91, 114, 0x80002b1c-0x80002b64
1, 104, 0, 0x800009f6-0x80000a74
7360, 1.0028532608695653, 21, 0x800023a8-0x800023a8
1, 34, 0, 0x8000472e-0x8000475c
3, 75.66666666666667, 62, 0x800028f4-0x8000294c
1, 5, 0, 0x80007714-0x80007718
1, 20, 0, 0x8000637e-0x80006382
1, 23, 0, 0x80007490-0x800074a6
4, 3.75, 7, 0x80001b66-0x80001b66
1, 97, 0, 0x800016cc-0x8000171c
2, 28.5, 35, 0x80007256-0x80007266
1, 6, 0, 0x80001a52-0x80001a56
3, 4, 6, 0x80000526-0x80000526
1, 46, 0, 0x80005e06-0x80005e1e
84, 334.1547619047619, 685, 0x80002466-0x800024c2
2, 73, 40, 0x80003d14-0x80003d6e
1, 8, 0, 0x8000011c-0x80000124
1, 5, 0, 0x8000743e-0x8000744a
14526, 17.516797466611592, 36559, 0x800021a6-0x800021d4
42, 3, 0, 0x80002582-0x80002584
1, 31, 0, 0x80006688-0x80006692
1, 52, 0, 0x800077aa-0x800077c4
1, 215, 0, 0x80000cbe-0x80000d0a
1000, 15.589, 1589, 0x80001dc8-0x80001de0
1, 22, 0, 0x80007602-0x8000760e
3, 2, 0, 0x80002994-0x80002998
832, 2.1117788461538463, 93, 0x80002ec2-0x80002ec4
10, 5.2, 2, 0x80001b5a-0x80001b5e
1, 1, 0, 0x80005d66-0x80005d66
1, 1, 0, 0x80007678-0x80007678
1, 3, 0, 0x800001de-0x800001e4
18912, 3.4579631979695433, 27573, 0x80002048-0x8000204a
1, 281, 0, 0x80000488-0x80000500
42, 2, 0, 0x800025ba-0x800025bc
1, 78, 0, 0x80000538-0x80000568
1, 24, 0, 0x80005678-0x8000567c
1, 88, 0, 0x80003b00-0x80003b04
3136, 14.966836734693878, 6168, 0x8000240a-0x80002422
1, 24, 0, 0x80007300-0x80007310
3, 16.666666666666668, 5, 0x8000052a-0x80000534
1, 225, 0, 0x800015e4-0x8000164a
1, 6, 0, 0x8000301e-0x80003022
1, 30, 0, 0x80000106-0x80000118
1, 5, 0, 0x80007058-0x8000705a
4608, 5.004557291666667, 21, 0x800023fc-0x80002406
1, 4, 0, 0x80003ae6-0x80003ae6
1, 145, 0, 0x800010c8-0x80001146
162, 16.265432098765434, 529, 0x80001f28-0x80001f48
1, 94, 0, 0x800039c0-0x800039d8
1, 23, 0, 0x80007762-0x80007768
1, 219, 0, 0x80000f6a-0x80000fd4
3008, 4.02094414893617, 63, 0x80002400-0x80002406
1000, 16.063, 3063, 0x800020f6-0x8000211a
1, 30, 0, 0x8000707e-0x8000708e
1, 4, 0, 0x80003852-0x80003858
2592, 6.96875, 7695, 0x80002f3a-0x80002f42
1, 5, 0, 0x80007616-0x80007622
1, 5, 0, 0x80003c1c-0x80003c24
2, 6, 0, 0x80002bc4-0x80002bc8
84, 37.42857142857143, 288, 0x8000235e-0x800023a4
16735, 3.03824320286824, 640, 0x800021dc-0x800021e4
1, 5, 0, 0x8000636e-0x8000637a
42, 14.380952380952381, 58, 0x8000256c-0x8000257e
3392, 12.409198113207546, 1388, 0x800027b2-0x800027ca
62, 60.935483870967744, 1794, 0x80002b72-0x80002bc0
1, 51, 0, 0x80006f3c-0x80006f60
43359, 10.464632486911599, 20146, 0x80002160-0x80002174
1, 4, 0, 0x80007036-0x80007036
7168, 1.0803571428571428, 576, 0x800023ac-0x800023ac
4480, 5.175, 784, 0x800027ce-0x800027d8
3, 5, 0, 0x80001c76-0x80001c78
1, 4, 0, 0x80002fa0-0x80002fa0
1, 6, 0, 0x8000020c-0x80000212
2, 4, 0, 0x80003b96-0x80003b9a
2, 18.5, 25, 0x80003b8c-0x80003b92
1, 39, 0, 0x80006630-0x8000664e
1, 1, 0, 0x8000766a-0x8000766a
1, 1, 0, 0x80007038-0x80007038
1, 7, 0, 0x8000768c-0x8000769e
26, 12, 0, 0x80001da6-0x80001db6
28, 11.214285714285714, 6, 0x8000260c-0x80002622
1, 116, 0, 0x80000920-0x8000099e
7, 42.57142857142857, 221, 0x80002f7c-0x80002f9a
10, 1.8, 8, 0x80001b6a-0x80001b6a
61495, 5.008325880152858, 512, 0x8000033c-0x80000348
1, 65, 0, 0x80009a3a-0x80009a42
3, 7.333333333333333, 4, 0x8000511c-0x80005122
1, 179, 0, 0x80000a9e-0x80000b1c
3, 2, 0, 0x800029a0-0x800029a4
3008, 8.074135638297872, 223, 0x80002636-0x8000264a
864, 18.06365740740741, 55, 0x80002df6-0x80002e24
1, 113, 0, 0x80000844-0x800008c2
2, 6.5, 3, 0x80002c20-0x80002c2e
3, 20.333333333333332, 34, 0x80003e1e-0x80003e26
70, 31.114285714285714, 8, 0x80001f82-0x80001fbc
32, 32.78125, 57, 0x80002db2-0x80002df2
3904, 10.95107581967213, 7617, 0x80002684-0x8000269e
10, 57.9, 179, 0x80001b6e-0x80001bd4
1, 6, 0, 0x80007092-0x80007098
1, 33, 0, 0x80007272-0x8000728c
43359, 2.2049401508337367, 8886, 0x8000213a-0x8000213c
1, 4, 0, 0x8000766e-0x80007676
1, 109, 0, 0x8000198c-0x80001a08
1, 49, 0, 0x8000729c-0x800072e8
1, 8, 0, 0x80005c28-0x80005c32
3, 1, 0, 0x800028f0-0x800028f0
2560, 3.021484375, 55, 0x8000262c-0x80002632
1, 97, 0, 0x800017f4-0x80001872
5184, 8.991512345679013, 5140, 0x80002f1e-0x80002f32
10, 9.3, 73, 0x800028bc-0x800028be
1, 21, 0, 0x800003c0-0x800003c6
1, 2, 0, 0x80009a22-0x80009a26
3, 2, 0, 0x80002984-0x80002988
2592, 1.001543209876543, 4, 0x80002e32-0x80002e32
3, 13.666666666666666, 17, 0x80003cd8-0x80003ce0
1, 10, 0, 0x800033ac-0x800033bc
974, 18.56365503080082, 549, 0x80001efa-0x80001f24
1, 7, 0, 0x800003ca-0x800003d2
1, 155, 0, 0x80001874-0x80000058
28906, 10.035840309970249, 1036, 0x80002144-0x80002158
3, 28.666666666666668, 50, 0x80006f62-0x80006f66
1, 70, 0, 0x80003a0a-0x80003a10
1, 6, 0, 0x800001fa-0x800001fe
1, 29, 0, 0x80007624-0x80007642
1, 26, 0, 0x80005d7c-0x80005d8a
1, 47, 0, 0x80006332-0x80006346
1728, 2.501736111111111, 2595, 0x80002e24-0x80002e24
3, 6, 3, 0x80003ce4-0x80003cec
1, 13, 0, 0x80000224-0x80000234
10, 19.3, 53, 0x80001c7a-0x80001ca6
832, 25.006009615384617, 5, 0x80002db8-0x80002df2
28906, 1.0314467584584515, 909, 0x80002140-0x80002140
28, 12.607142857142858, 45, 0x800025f0-0x80002608
4, 4, 4, 0x80001c72-0x80001c78
1, 17, 0, 0x800074aa-0x800074b2
1, 73, 0, 0x80003816-0x8000384e
1, 49, 0, 0x80007042-0x8000704c
2, 16.5, 17, 0x80003d70-0x80003d78
20, 20.5, 330, 0x80001a46-0x80001a4c
1, 22, 0, 0x800073d8-0x800073dc
1, 146, 0, 0x800009a0-0x800009f2
1750, 11.072, 126, 0x80002762-0x80002776
2592, 4.637345679012346, 6836, 0x80002e36-0x80002e3a
23266, 27.139946703343934, 3256, 0x80002074-0x800020c6
7168, 1, 0, 0x800023b0-0x800023b0
1, 173, 0, 0x8000147a-0x800014f8
1, 75, 0, 0x80000504-0x80000526
1, 54, 0, 0x8000385c-0x80003870
14449, 5.076406671741989, 1104, 0x800020ca-0x800020d4
2592, 12, 0, 0x80002f10-0x80002f32
1, 167, 0, 0x80001148-0x800011b0
1, 26, 0, 0x80005d20-0x80005d2a
2, 13, 12, 0x80003d7e-0x80003d86
7680, 3.0010416666666666, 8, 0x8000266e-0x80002676
128, 5.265625, 162, 0x80002a5a-0x80002a60
1, 6, 0, 0x800001e8-0x800001f6
29990, 3.0125708569523173, 377, 0x8000204e-0x80002050
14, 9.642857142857142, 9, 0x8000255a-0x8000256a
1, 8, 0, 0x80003010-0x80003018
1, 9, 0, 0x80003ae8-0x80003af4
1, 10, 0, 0x80009c8c-0x80009ca0
1, 4, 0, 0x800047d4-0x800047de
7680, 7.015625, 120, 0x8000265e-0x8000266a
1, 26, 0, 0x80006528-0x80006532
1, 189, 0, 0x80000238-0x80000058
1, 44, 0, 0x8000018a-0x80000196
1, 109, 0, 0x800011b4-0x80001232
2, 49.5, 69, 0x80003b56-0x80003b74
3, 43.333333333333336, 58, 0x80005110-0x80005118
1, 7, 0, 0x800038ac-0x800038b2
1, 1, 0, 0x80007612-0x80007612
4, 13, 28, 0x80003d96-0x80003d9e
1, 231, 0, 0x80001234-0x800012a0
1, 67, 0, 0x80001a5a-0x80001a70
1, 4, 0, 0x80007754-0x8000775e
448, 2.0200892857142856, 9, 0x8000262e-0x80002632
1, 6, 0, 0x80004712-0x8000471c
2592, 4.979166666666667, 5130, 0x80002f46-0x80002f4c
10, 138.5, 745, 0x80001a9a-0x80001b4e
14449, 3.039033843172538, 564, 0x80002058-0x8000205a
33470, 8.030594562294592, 34494, 0x800021d8-0x800021e4
448, 77.02455357142857, 4939, 0x80002a10-0x80002a56
1, 6, 0, 0x8000702e-0x80007032
43359, 1.0002075693627621, 9, 0x80002178-0x80002178
812, 3.3694581280788176, 300, 0x80001d62-0x80001d64
2592, 1, 0, 0x80002e28-0x80002e28
2, 6, 0, 0x80002c34-0x80002c38
1, 6, 0, 0x80000530-0x80000534
3, 32, 60, 0x800029a8-0x800029c6
2, 1, 0, 0x80007268-0x80007268
1, 92, 0, 0x80002ffc-0x8000300c
21, 4.904761904761905, 82, 0x80001a4e-0x80001a4e
