cell_id,family,pair,arm,solver,ok,solver_status,timed_out,returncode,makespan_pred_ms,num_operations,num_periodic_operations,total_busy_ms,wall_s,build_s,solve_s,mosek_time_s,mip_rel_gap,mip_best_obj,mip_best_bound,num_period_misses,worst_late_ms,util_CPU_P,util_CPU_E,busy_CPU_P_ms,busy_CPU_E_ms,n_CPU_P,n_CPU_E,hw_CPU_P,hw_CPU_E,failure_reason,error
base__networks_bimodal_gempair__greedy,bimodal,gempair,base,greedy,True,heuristic,,0,3627.6066590000005,379,224,3662.979604999973,4.291011333465576,,,,,,,0,0.0,0.5048755211527982,,3662.979604999973,,2,0,gemmini_q31,V256D128_rvv,,
base__networks_bimodal_gempair__greedy_periodic,bimodal,gempair,base,greedy_periodic,True,heuristic,,0,3627.6066590000005,379,224,3662.979604999973,4.352144479751587,,,,,,,0,0.0,0.5048755211527982,,3662.979604999973,,2,0,gemmini_q31,V256D128_rvv,,
base__networks_bimodal_gempair__decomposed,bimodal,gempair,base,decomposed,True,heuristic,,0,3627.6066590000005,379,224,3662.979604999973,3.6336331367492676,,,,,,,0,0.0,0.5048755211527982,,3662.979604999973,,2,0,gemmini_q31,V256D128_rvv,,
base__networks_bimodal_gempair__milp,bimodal,gempair,base,milp,False,,False,1,,,,,695.6072471141815,,,,,,,,,,,,,0,0,,,out_of_memory_model_build,run failed (rc=1) or no schedule json
base__networks_bimodal_hetero__greedy,bimodal,hetero,base,greedy,False,heuristic,,1,,,,,0.8930680751800537,,,,,,,,,,,,,0,0,,,missing_profile_data,run failed (rc=1) or no schedule json
base__networks_bimodal_hetero__greedy_periodic,bimodal,hetero,base,greedy_periodic,False,heuristic,,1,,,,,1.386988878250122,,,,,,,,,,,,,0,0,,,missing_profile_data,run failed (rc=1) or no schedule json
base__networks_bimodal_hetero__decomposed,bimodal,hetero,base,decomposed,False,heuristic,,1,,,,,0.777843713760376,,,,,,,,,,,,,0,0,,,missing_profile_data,run failed (rc=1) or no schedule json
base__networks_bimodal_hetero__milp,bimodal,hetero,base,milp,False,,,,,,,,,,,,,,,,,,,,,0,0,,,not_attempted_budget,not_attempted_budget
base__networks_bimodal_quad__greedy,bimodal,quad,base,greedy,False,heuristic,,1,,,,,0.563244104385376,,,,,,,,,,,,,0,0,,,missing_profile_data,run failed (rc=1) or no schedule json
base__networks_bimodal_quad__greedy_periodic,bimodal,quad,base,greedy_periodic,False,heuristic,,1,,,,,1.2807903289794922,,,,,,,,,,,,,0,0,,,missing_profile_data,run failed (rc=1) or no schedule json
base__networks_bimodal_quad__decomposed,bimodal,quad,base,decomposed,False,heuristic,,1,,,,,1.0718629360198975,,,,,,,,,,,,,0,0,,,missing_profile_data,run failed (rc=1) or no schedule json
base__networks_bimodal_quad__milp,bimodal,quad,base,milp,False,,,,,,,,,,,,,,,,,,,,,0,0,,,not_attempted_budget,not_attempted_budget
base__networks_bimodal_rvvpair__greedy,bimodal,rvvpair,base,greedy,False,heuristic,,1,,,,,0.6283683776855469,,,,,,,,,,,,,0,0,,,missing_profile_data,run failed (rc=1) or no schedule json
base__networks_bimodal_rvvpair__greedy_periodic,bimodal,rvvpair,base,greedy_periodic,False,heuristic,,1,,,,,0.8324134349822998,,,,,,,,,,,,,0,0,,,missing_profile_data,run failed (rc=1) or no schedule json
base__networks_bimodal_rvvpair__decomposed,bimodal,rvvpair,base,decomposed,False,heuristic,,1,,,,,2.5046184062957764,,,,,,,,,,,,,0,0,,,missing_profile_data,run failed (rc=1) or no schedule json
base__networks_bimodal_rvvpair__milp,bimodal,rvvpair,base,milp,False,,,,,,,,,,,,,,,,,,,,,0,0,,,not_attempted_budget,not_attempted_budget
base__networks_control_mix_gempair__greedy,control_mix,gempair,base,greedy,True,heuristic,,0,62.769885999999985,274,119,78.61497999999996,3.856358289718628,,,,,,,0,0.0,0.6262157302627568,,78.61497999999997,,2,0,gemmini_q31,V256D128_rvv,,
base__networks_control_mix_gempair__greedy_periodic,control_mix,gempair,base,greedy_periodic,True,heuristic,,0,62.84480400000005,274,119,78.61497999999996,4.360100746154785,,,,,,,5,27.476774999999986,0.6254692114243837,,78.61497999999997,,2,0,gemmini_q31,V256D128_rvv,,
base__networks_control_mix_gempair__decomposed,control_mix,gempair,base,decomposed,True,heuristic,,0,62.397633000000035,274,119,78.61497999999996,2.2945556640625,,,,,,,0,0.0,0.6299516201199484,,78.61497999999996,,2,0,gemmini_q31,V256D128_rvv,,
base__networks_control_mix_gempair__milp,control_mix,gempair,base,milp,False,,True,-9,,,,,1200.7946934700012,,,,,,,,,,,,,0,0,,,wall_clock_timeout,run failed (rc=-9) or no schedule json
base__networks_control_mix_hetero__greedy,control_mix,hetero,base,greedy,True,heuristic,,0,47.98636100000001,253,98,48.768330000000006,2.6113524436950684,,,,,,,0,0.0,0.6477718325004889,0.36852381867422684,31.084212999999995,17.684116999999993,1,1,gemmini_q31,V256D128_rvv,,
base__networks_control_mix_hetero__greedy_periodic,control_mix,hetero,base,greedy_periodic,True,heuristic,,0,45.99820400000002,253,98,49.273758,2.5693564414978027,,,,,,,7,4.686975,0.7309984537657161,0.3402120221911269,33.624615999999996,15.649141999999989,1,1,gemmini_q31,V256D128_rvv,,
base__networks_control_mix_hetero__decomposed,control_mix,hetero,base,decomposed,True,heuristic,,0,46.03685800000002,253,98,51.12496,2.4615490436553955,,,,,,,0,0.0,0.7739916568589451,0.3365306989456141,35.632144,15.49281599999999,1,1,gemmini_q31,V256D128_rvv,,
base__networks_control_mix_hetero__milp,control_mix,hetero,base,milp,True,optimal_inaccurate,False,0,126.56552200000158,295,140,76.62209699999998,975.6664936542511,800.7,120.5,120.38,0.042692179628508915,126.565522,121.162164,0,0.0,0.3129517610649092,0.2924429450857838,39.608903,37.01319400000002,1,1,gemmini_q31,V256D128_rvv,,
base__networks_control_mix_quad__greedy,control_mix,quad,base,greedy,True,heuristic,,0,39.159679,232,77,46.033535000000015,3.9564552307128906,,,,,,,0,0.0,0.36520139759061876,0.22256561398268868,28.602339000000004,17.431196,2,2,gemmini_q31,V256D128_rvv,,
base__networks_control_mix_quad__greedy_periodic,control_mix,quad,base,greedy_periodic,True,heuristic,,0,37.038920000000005,232,77,47.00046400000001,5.92618727684021,,,,,,,8,27.24936799999999,0.38320796070727764,0.25126604663418894,28.387218000000004,18.61324599999999,2,2,gemmini_q31,V256D128_rvv,,
base__networks_control_mix_quad__decomposed,control_mix,quad,base,decomposed,True,heuristic,,0,37.283029000000006,232,77,46.033535000000015,2.4340786933898926,,,,,,,0,0.0,0.38358389550376926,0.2337685063088623,28.602339000000004,17.431195999999996,2,2,gemmini_q31,V256D128_rvv,,
base__networks_control_mix_quad__milp,control_mix,quad,base,milp,False,,False,1,,,,,701.0234441757202,,,,,,,,,,,,,0,0,,,other,run failed (rc=1) or no schedule json
base__networks_control_mix_rvvpair__greedy,control_mix,rvvpair,base,greedy,True,heuristic,,0,111.150797,274,119,134.11948400000003,2.6816039085388184,,,,,,,0,0.0,,0.6033221876042868,,134.119484,0,2,gemmini_q31,V256D128_rvv,,
base__networks_control_mix_rvvpair__greedy_periodic,control_mix,rvvpair,base,greedy_periodic,True,heuristic,,0,104.59515800000001,274,119,134.11948400000003,3.2836737632751465,,,,,,,9,54.211064000000015,,0.6411361986756597,,134.11948400000006,0,2,gemmini_q31,V256D128_rvv,,
base__networks_control_mix_rvvpair__decomposed,control_mix,rvvpair,base,decomposed,True,heuristic,,0,109.603719,274,119,134.11948400000003,2.7580463886260986,,,,,,,0,0.0,,0.6118381986655034,,134.119484,0,2,gemmini_q31,V256D128_rvv,,
base__networks_control_mix_rvvpair__milp,control_mix,rvvpair,base,milp,False,,True,-9,,,,,1200.7840144634247,,,,,,,,,,,,,0,0,,,wall_clock_timeout,run failed (rc=-9) or no schedule json
base__networks_depth_chain_gempair__greedy,depth_chain,gempair,base,greedy,True,heuristic,,0,592.4161089999999,270,270,476.56674000000015,1.9378712177276611,,,,,,,0,0.0,0.40222297533776225,,476.56674000000004,,2,0,gemmini_q31,V256D128_rvv,,
base__networks_depth_chain_gempair__greedy_periodic,depth_chain,gempair,base,greedy_periodic,True,heuristic,,0,592.4161089999999,270,270,476.56674000000015,2.280694007873535,,,,,,,0,0.0,0.40222297533776225,,476.56674000000004,,2,0,gemmini_q31,V256D128_rvv,,
base__networks_depth_chain_gempair__decomposed,depth_chain,gempair,base,decomposed,True,heuristic,,0,592.4161089999999,270,270,476.56674000000015,2.4304418563842773,,,,,,,0,0.0,0.40222297533776236,,476.56674000000015,,2,0,gemmini_q31,V256D128_rvv,,
base__networks_depth_chain_gempair__milp,depth_chain,gempair,base,milp,True,optimal,False,0,592.4260800000006,270,270,476.56674000000015,6.5233800411224365,3.453,0.1357,0.1,1.6830791784099775e-05,592.42608,592.416109,0,0.0,0.402216205606613,,476.56674,,2,0,gemmini_q31,V256D128_rvv,,
base__networks_depth_chain_hetero__greedy,depth_chain,hetero,base,greedy,True,heuristic,,0,430.7280079999998,270,270,141.97618800000006,3.9974682331085205,,,,,,,0,0.0,0.07383750629004839,0.25578161613302847,31.803881999999998,110.17230599999996,1,1,gemmini_q31,V256D128_rvv,,
base__networks_depth_chain_hetero__greedy_periodic,depth_chain,hetero,base,greedy_periodic,True,heuristic,,0,430.7280079999998,270,270,141.97618800000006,2.490467071533203,,,,,,,0,0.0,0.07383750629004839,0.25578161613302847,31.803881999999998,110.17230599999996,1,1,gemmini_q31,V256D128_rvv,,
base__networks_depth_chain_hetero__decomposed,depth_chain,hetero,base,decomposed,True,heuristic,,0,430.5871559999998,270,270,142.05241600000014,3.046576738357544,,,,,,,0,0.0,0.07312762947346253,0.25677634936235766,31.487817999999994,110.56459799999996,1,1,gemmini_q31,V256D128_rvv,,
base__networks_depth_chain_hetero__milp,depth_chain,hetero,base,milp,True,optimal,False,0,430.5847039999998,270,270,143.2031270000001,3.5555827617645264,1.089,0.175,0.14,0.0,430.584704,430.584704,0,0.0,0.07639035872486544,0.25618793695003156,32.89251999999999,110.31060699999996,1,1,gemmini_q31,V256D128_rvv,,
base__networks_depth_chain_quad__greedy,depth_chain,quad,base,greedy,True,heuristic,,0,430.5847039999998,270,270,141.97618800000006,3.405661106109619,,,,,,,0,0.0,0.036931040169973166,0.1279333717344497,31.803881999999998,110.17230599999995,2,2,gemmini_q31,V256D128_rvv,,
base__networks_depth_chain_quad__greedy_periodic,depth_chain,quad,base,greedy_periodic,True,heuristic,,0,430.5847039999998,270,270,141.97618800000006,3.087679147720337,,,,,,,0,0.0,0.036931040169973166,0.1279333717344497,31.803881999999998,110.17230599999995,2,2,gemmini_q31,V256D128_rvv,,
base__networks_depth_chain_quad__decomposed,depth_chain,quad,base,decomposed,True,heuristic,,0,430.5847039999998,270,270,141.97618800000006,3.9011104106903076,,,,,,,0,0.0,0.036931040169973166,0.1279333717344497,31.803881999999994,110.17230599999995,2,2,gemmini_q31,V256D128_rvv,,
base__networks_depth_chain_quad__milp,depth_chain,quad,base,milp,True,optimal,False,0,430.58470400000004,270,270,147.5872720000001,6.485541582107544,3.95,0.1113,0.08,0.0,430.584704,430.584704,0,0.0,0.035965333547937635,0.1354147347974534,30.972244999999997,116.61502699999996,2,2,gemmini_q31,V256D128_rvv,,
base__networks_depth_chain_rvvpair__greedy,depth_chain,rvvpair,base,greedy,True,heuristic,,0,222.84635900000004,270,270,178.16572600000018,2.1801862716674805,,,,,,,0,0.0,,0.3997501390632998,,178.1657260000001,0,2,gemmini_q31,V256D128_rvv,,
base__networks_depth_chain_rvvpair__greedy_periodic,depth_chain,rvvpair,base,greedy_periodic,True,heuristic,,0,222.84635900000004,270,270,178.16572600000018,3.774822235107422,,,,,,,0,0.0,,0.3997501390632998,,178.1657260000001,0,2,gemmini_q31,V256D128_rvv,,
base__networks_depth_chain_rvvpair__decomposed,depth_chain,rvvpair,base,decomposed,True,heuristic,,0,222.84635900000004,270,270,178.16572600000018,2.633512020111084,,,,,,,0,0.0,,0.3997501390632998,,178.1657260000001,0,2,gemmini_q31,V256D128_rvv,,
base__networks_depth_chain_rvvpair__milp,depth_chain,rvvpair,base,milp,True,optimal,False,0,222.84635900000015,270,270,178.16572600000018,4.8303422927856445,2.287,0.283,0.25,0.0,222.846359,222.846359,0,0.0,,0.3997501390632997,,178.16572600000015,0,2,gemmini_q31,V256D128_rvv,,
base__networks_depth_contended_gempair__greedy,depth_contended,gempair,base,greedy,True,heuristic,,0,248.225543,290,135,298.0167429999996,3.809641122817993,,,,,,,0,0.0,0.60029427148841,,298.01674299999996,,2,0,gemmini_q31,V256D128_rvv,,
base__networks_depth_contended_gempair__greedy_periodic,depth_contended,gempair,base,greedy_periodic,True,heuristic,,0,288.11728400000015,290,135,298.0167429999996,4.5083839893341064,,,,,,,0,0.0,0.5171795646248,,298.01674299999985,,2,0,gemmini_q31,V256D128_rvv,,
base__networks_depth_contended_gempair__decomposed,depth_contended,gempair,base,decomposed,True,heuristic,,0,237.794109,290,135,298.0167429999996,2.1941654682159424,,,,,,,0,0.0,0.6266276827740925,,298.01674299999996,,2,0,gemmini_q31,V256D128_rvv,,
base__networks_depth_contended_gempair__milp,depth_contended,gempair,base,milp,False,,False,1,,,,,593.9832372665405,,,,,,,,,,,,,0,0,,,other,run failed (rc=1) or no schedule json
base__networks_depth_contended_hetero__greedy,depth_contended,hetero,base,greedy,True,heuristic,,0,109.80817899999998,290,135,112.96642100000005,2.4301602840423584,,,,,,,0,0.0,0.3895438062040898,0.6392176396987697,42.775096,70.19132499999999,1,1,gemmini_q31,V256D128_rvv,,
base__networks_depth_contended_hetero__greedy_periodic,depth_contended,hetero,base,greedy_periodic,True,heuristic,,0,111.54977799999998,290,135,112.96642100000005,4.416713714599609,,,,,,,0,0.0,0.3834619554330266,0.6292376933282647,42.775096,70.19132499999999,1,1,gemmini_q31,V256D128_rvv,,
base__networks_depth_contended_hetero__decomposed,depth_contended,hetero,base,decomposed,True,heuristic,,0,79.306301,290,135,126.78375200000009,2.912647008895874,,,,,,,0,0.0,0.7967892109858961,0.8018700430877488,63.190404999999984,63.59334699999998,1,1,gemmini_q31,V256D128_rvv,,
base__networks_depth_contended_hetero__milp,depth_contended,hetero,base,milp,False,,True,-9,,,,,1200.5332942008972,,,,,,,,,,,,,0,0,,,wall_clock_timeout,run failed (rc=-9) or no schedule json
base__networks_depth_contended_quad__greedy,depth_contended,quad,base,greedy,True,heuristic,,0,81.166472,290,135,113.16696800000003,5.033257484436035,,,,,,,0,0.0,0.2709508366952305,0.4261779482050176,43.984246999999996,69.18272100000002,2,2,gemmini_q31,V256D128_rvv,,
base__networks_depth_contended_quad__greedy_periodic,depth_contended,quad,base,greedy_periodic,True,heuristic,,0,104.10273399999997,290,135,113.72714700000004,4.179492950439453,,,,,,,0,0.0,0.2002005682194668,0.3460249852804057,41.682853,72.04429399999997,2,2,gemmini_q31,V256D128_rvv,,
base__networks_depth_contended_quad__decomposed,depth_contended,quad,base,decomposed,True,heuristic,,0,70.612704,290,135,113.02700800000004,2.411008358001709,,,,,,,0,0.0,0.30948309244750066,0.4908474543051062,43.706875999999994,69.32013199999997,2,2,gemmini_q31,V256D128_rvv,,
base__networks_depth_contended_quad__milp,depth_contended,quad,base,milp,False,,False,1,,,,,421.1734218597412,,,,,,,,,,,,,0,0,,,other,run failed (rc=1) or no schedule json
base__networks_depth_contended_rvvpair__greedy,depth_contended,rvvpair,base,greedy,True,heuristic,,0,119.01740399999997,290,135,198.476053,2.8365089893341064,,,,,,,0,0.0,,0.8338110491806731,,198.476053,0,2,gemmini_q31,V256D128_rvv,,
base__networks_depth_contended_rvvpair__greedy_periodic,depth_contended,rvvpair,base,greedy_periodic,True,heuristic,,0,174.53762399999997,290,135,198.476053,2.82610821723938,,,,,,,2,40.36062399999997,,0.568576701261844,,198.47605300000006,0,2,gemmini_q31,V256D128_rvv,,
base__networks_depth_contended_rvvpair__decomposed,depth_contended,rvvpair,base,decomposed,True,heuristic,,0,111.69827199999997,290,135,198.476053,2.086289882659912,,,,,,,0,0.0,,0.8884472850215624,,198.47605299999998,0,2,gemmini_q31,V256D128_rvv,,
base__networks_depth_contended_rvvpair__milp,depth_contended,rvvpair,base,milp,False,,False,1,,,,,587.1776568889618,,,,,,,,,,,,,0,0,,,other,run failed (rc=1) or no schedule json
base__networks_depth_nav_gempair__greedy,depth_nav,gempair,base,greedy,True,heuristic,,0,592.4161089999999,382,382,484.7595720000008,2.742410898208618,,,,,,,0,0.0,0.40913773666475417,,484.7595720000005,,2,0,gemmini_q31,V256D128_rvv,,
base__networks_depth_nav_gempair__greedy_periodic,depth_nav,gempair,base,greedy_periodic,True,heuristic,,0,592.4161089999999,382,382,484.7595720000008,2.797553062438965,,,,,,,0,0.0,0.40913773666475417,,484.7595720000005,,2,0,gemmini_q31,V256D128_rvv,,
base__networks_depth_nav_gempair__decomposed,depth_nav,gempair,base,decomposed,True,heuristic,,0,592.4161089999999,382,382,484.7595720000008,2.753812074661255,,,,,,,0,0.0,0.4091377366647543,,484.7595720000006,,2,0,gemmini_q31,V256D128_rvv,,
base__networks_depth_nav_gempair__milp,depth_nav,gempair,base,milp,False,,,,,,,,,,,,,,,,,,,,,0,0,,,not_attempted_budget,not_attempted_budget
base__networks_depth_nav_hetero__greedy,depth_nav,hetero,base,greedy,True,heuristic,,0,430.7280079999998,382,382,152.1047040000006,2.805593490600586,,,,,,,0,0.0,0.09942299364010714,0.25371100548446307,42.824268,109.28043599999981,1,1,gemmini_q31,V256D128_rvv,,
base__networks_depth_nav_hetero__greedy_periodic,depth_nav,hetero,base,greedy_periodic,True,heuristic,,0,430.7280079999998,382,382,152.1047040000006,2.804288864135742,,,,,,,0,0.0,0.09942299364010714,0.25371100548446307,42.824268,109.28043599999981,1,1,gemmini_q31,V256D128_rvv,,
base__networks_depth_nav_hetero__decomposed,depth_nav,hetero,base,decomposed,True,heuristic,,0,430.5871559999998,382,382,163.52766600000064,2.6030678749084473,,,,,,,0,0.0,0.12736167402076443,0.2524166443088234,54.84030100000002,108.6873649999998,1,1,gemmini_q31,V256D128_rvv,,
base__networks_depth_nav_hetero__milp,depth_nav,hetero,base,milp,True,optimal,False,0,430.5847039999997,382,382,165.0637999999999,709.3286790847778,672.8,1.29,1.18,0.0,430.584704,430.584704,0,0.0,0.06972161277702985,0.3136264218061963,30.021059999999995,135.0427400000001,1,1,gemmini_q31,V256D128_rvv,,
base__networks_depth_nav_quad__greedy,depth_nav,quad,base,greedy,True,heuristic,,0,430.5847039999998,382,382,144.3450360000006,4.433814287185669,,,,,,,0,0.0,0.036931040169973166,0.13068410576888476,31.803881999999998,112.54115399999982,2,2,gemmini_q31,V256D128_rvv,,
base__networks_depth_nav_quad__greedy_periodic,depth_nav,quad,base,greedy_periodic,True,heuristic,,0,430.5847039999998,382,382,144.3450360000006,4.442288160324097,,,,,,,0,0.0,0.036931040169973166,0.13068410576888476,31.803881999999998,112.54115399999982,2,2,gemmini_q31,V256D128_rvv,,
base__networks_depth_nav_quad__decomposed,depth_nav,quad,base,decomposed,True,heuristic,,0,430.5847039999998,382,382,144.3450360000006,3.379964590072632,,,,,,,0,0.0,0.036931040169973166,0.13068410576888476,31.803881999999994,112.54115399999982,2,2,gemmini_q31,V256D128_rvv,,
base__networks_depth_nav_quad__milp,depth_nav,quad,base,milp,False,,False,1,,,,,539.4868972301483,,,,,,,,,,,,,0,0,,,out_of_memory_model_build,run failed (rc=1) or no schedule json
base__networks_depth_nav_rvvpair__greedy,depth_nav,rvvpair,base,greedy,True,heuristic,,0,222.84635900000004,382,382,180.5345740000007,3.2557358741760254,,,,,,,0,0.0,,0.405065119327349,,180.53457400000053,0,2,gemmini_q31,V256D128_rvv,,
base__networks_depth_nav_rvvpair__greedy_periodic,depth_nav,rvvpair,base,greedy_periodic,True,heuristic,,0,222.84635900000004,382,382,180.5345740000007,3.2527668476104736,,,,,,,0,0.0,,0.405065119327349,,180.53457400000053,0,2,gemmini_q31,V256D128_rvv,,
base__networks_depth_nav_rvvpair__decomposed,depth_nav,rvvpair,base,decomposed,True,heuristic,,0,222.84635900000004,382,382,180.5345740000007,2.7968554496765137,,,,,,,0,0.0,,0.40506511932734895,,180.5345740000005,0,2,gemmini_q31,V256D128_rvv,,
base__networks_depth_nav_rvvpair__milp,depth_nav,rvvpair,base,milp,False,,,,,,,,,,,,,,,,,,,,,0,0,,,not_attempted_budget,not_attempted_budget
base__networks_perception_heavy_gempair__greedy,perception_heavy,gempair,base,greedy,False,heuristic,,1,,,,,0.4165318012237549,,,,,,,,,,,,,0,0,,,missing_profile_data,run failed (rc=1) or no schedule json
base__networks_perception_heavy_gempair__greedy_periodic,perception_heavy,gempair,base,greedy_periodic,False,heuristic,,1,,,,,0.4196138381958008,,,,,,,,,,,,,0,0,,,missing_profile_data,run failed (rc=1) or no schedule json
base__networks_perception_heavy_gempair__decomposed,perception_heavy,gempair,base,decomposed,False,heuristic,,1,,,,,0.41596007347106934,,,,,,,,,,,,,0,0,,,missing_profile_data,run failed (rc=1) or no schedule json
base__networks_perception_heavy_gempair__milp,perception_heavy,gempair,base,milp,False,,,,,,,,,,,,,,,,,,,,,0,0,,,not_attempted_budget,not_attempted_budget
base__networks_perception_heavy_hetero__greedy,perception_heavy,hetero,base,greedy,False,heuristic,,1,,,,,0.41815996170043945,,,,,,,,,,,,,0,0,,,missing_profile_data,run failed (rc=1) or no schedule json
base__networks_perception_heavy_hetero__greedy_periodic,perception_heavy,hetero,base,greedy_periodic,False,heuristic,,1,,,,,0.4233832359313965,,,,,,,,,,,,,0,0,,,missing_profile_data,run failed (rc=1) or no schedule json
base__networks_perception_heavy_hetero__decomposed,perception_heavy,hetero,base,decomposed,False,heuristic,,1,,,,,0.42847609519958496,,,,,,,,,,,,,0,0,,,missing_profile_data,run failed (rc=1) or no schedule json
base__networks_perception_heavy_hetero__milp,perception_heavy,hetero,base,milp,False,,,,,,,,,,,,,,,,,,,,,0,0,,,not_attempted_budget,not_attempted_budget
base__networks_perception_heavy_quad__greedy,perception_heavy,quad,base,greedy,False,heuristic,,1,,,,,0.4146697521209717,,,,,,,,,,,,,0,0,,,missing_profile_data,run failed (rc=1) or no schedule json
base__networks_perception_heavy_quad__greedy_periodic,perception_heavy,quad,base,greedy_periodic,False,heuristic,,1,,,,,0.41991400718688965,,,,,,,,,,,,,0,0,,,missing_profile_data,run failed (rc=1) or no schedule json
base__networks_perception_heavy_quad__decomposed,perception_heavy,quad,base,decomposed,False,heuristic,,1,,,,,0.41777753829956055,,,,,,,,,,,,,0,0,,,missing_profile_data,run failed (rc=1) or no schedule json
base__networks_perception_heavy_quad__milp,perception_heavy,quad,base,milp,False,,,,,,,,,,,,,,,,,,,,,0,0,,,not_attempted_budget,not_attempted_budget
base__networks_perception_heavy_rvvpair__greedy,perception_heavy,rvvpair,base,greedy,False,heuristic,,1,,,,,0.4226248264312744,,,,,,,,,,,,,0,0,,,missing_profile_data,run failed (rc=1) or no schedule json
base__networks_perception_heavy_rvvpair__greedy_periodic,perception_heavy,rvvpair,base,greedy_periodic,False,heuristic,,1,,,,,0.41933488845825195,,,,,,,,,,,,,0,0,,,missing_profile_data,run failed (rc=1) or no schedule json
base__networks_perception_heavy_rvvpair__decomposed,perception_heavy,rvvpair,base,decomposed,False,heuristic,,1,,,,,0.41913723945617676,,,,,,,,,,,,,0,0,,,missing_profile_data,run failed (rc=1) or no schedule json
base__networks_perception_heavy_rvvpair__milp,perception_heavy,rvvpair,base,milp,False,,,,,,,,,,,,,,,,,,,,,0,0,,,not_attempted_budget,not_attempted_budget
base__networks_saturation_gempair__greedy,saturation,gempair,base,greedy,True,heuristic,,0,170.99422399999997,393,238,208.624247,3.7969768047332764,,,,,,,2,2.360155999999982,0.610033023688567,,208.62424700000025,,2,0,gemmini_q31,V256D128_rvv,,
base__networks_saturation_gempair__greedy_periodic,saturation,gempair,base,greedy_periodic,True,heuristic,,0,160.72823700000006,393,238,208.624247,4.5727379322052,,,,,,,13,102.20220799999998,0.6489968747681844,,208.6242470000002,,2,0,gemmini_q31,V256D128_rvv,,
base__networks_saturation_gempair__decomposed,saturation,gempair,base,decomposed,True,heuristic,,0,169.92730399999996,393,238,208.624247,3.153542995452881,,,,,,,0,0.0,0.6138632288310776,,208.6242470000001,,2,0,gemmini_q31,V256D128_rvv,,
base__networks_saturation_gempair__milp,saturation,gempair,base,milp,False,,,,,,,,,,,,,,,,,,,,,0,0,,,not_attempted_budget,not_attempted_budget
base__networks_saturation_hetero__greedy,saturation,hetero,base,greedy,True,heuristic,,0,120.806969,393,238,127.30851799999971,3.571065664291382,,,,,,,0,0.0,0.7099234150970215,0.34389425000804424,85.76369600000001,41.544822000000046,1,1,gemmini_q31,V256D128_rvv,,
base__networks_saturation_hetero__greedy_periodic,saturation,hetero,base,greedy_periodic,True,heuristic,,0,111.90778900000001,393,238,124.62604099999962,3.872905731201172,,,,,,,17,39.465066,0.6498054929849428,0.46384389740735543,72.71829599999997,51.907744999999984,1,1,gemmini_q31,V256D128_rvv,,
base__networks_saturation_hetero__decomposed,saturation,hetero,base,decomposed,True,heuristic,,0,136.65840199999997,393,238,140.21744599999988,2.7925941944122314,,,,,,,0,0.0,0.6757792470015859,0.35026411328884166,92.350912,47.86653400000005,1,1,gemmini_q31,V256D128_rvv,,
base__networks_saturation_hetero__milp,saturation,hetero,base,milp,False,,,,,,,,,,,,,,,,,,,,,0,0,,,not_attempted_budget,not_attempted_budget
base__networks_saturation_quad__greedy,saturation,quad,base,greedy,True,heuristic,,0,92.43968900000002,372,217,118.03733899999972,6.333898305892944,,,,,,,0,0.0,0.3361596662230224,0.30229628422916943,62.148990000000005,55.88834900000006,2,2,gemmini_q31,V256D128_rvv,,
base__networks_saturation_quad__greedy_periodic,saturation,quad,base,greedy_periodic,True,heuristic,,0,92.75808099999998,372,217,122.72966299999965,9.941136360168457,,,,,,,19,62.23151700000001,0.36980346758143906,0.2917543270434844,68.60451999999998,54.12514300000002,2,2,gemmini_q31,V256D128_rvv,,
base__networks_saturation_quad__decomposed,saturation,quad,base,decomposed,True,heuristic,,0,90.561864,372,217,117.68821799999972,3.678945541381836,,,,,,,0,0.0,0.3525387684158092,0.29722821297052854,63.85313600000002,53.835082000000085,2,2,gemmini_q31,V256D128_rvv,,
base__networks_saturation_quad__milp,saturation,quad,base,milp,False,,False,1,,,,,426.07279920578003,,,,,,,,,,,,,0,0,,,other,run failed (rc=1) or no schedule json
base__networks_saturation_rvvpair__greedy,saturation,rvvpair,base,greedy,True,heuristic,,0,248.06685299999998,393,238,290.5508850000004,4.0226311683654785,,,,,,,0,0.0,,0.5856302071119508,,290.5508849999997,0,2,gemmini_q31,V256D128_rvv,,
base__networks_saturation_rvvpair__greedy_periodic,saturation,rvvpair,base,greedy_periodic,True,heuristic,,0,221.59879300000006,393,238,290.5508850000004,5.241703510284424,,,,,,,10,85.29333299999999,,0.6555786723080204,,290.55088499999977,0,2,gemmini_q31,V256D128_rvv,,
base__networks_saturation_rvvpair__decomposed,saturation,rvvpair,base,decomposed,True,heuristic,,0,248.06685299999998,393,238,290.5508850000004,3.148461103439331,,,,,,,0,0.0,,0.5856302071119512,,290.5508849999999,0,2,gemmini_q31,V256D128_rvv,,
base__networks_saturation_rvvpair__milp,saturation,rvvpair,base,milp,False,,,,,,,,,,,,,,,,,,,,,0,0,,,not_attempted_budget,not_attempted_budget
base__networks_scale_ladder_gempair__greedy,scale_ladder,gempair,base,greedy,True,heuristic,,0,128.845742,126,0,138.89655499999998,1.5245647430419922,,,,,,,0,0.0,0.5390032795961547,,138.89655500000003,,2,0,gemmini_q31,V256D128_rvv,,
base__networks_scale_ladder_gempair__greedy_periodic,scale_ladder,gempair,base,greedy_periodic,True,heuristic,,0,128.845742,126,0,138.89655499999998,1.5376384258270264,,,,,,,0,0.0,0.5390032795961547,,138.89655500000003,,2,0,gemmini_q31,V256D128_rvv,,
base__networks_scale_ladder_gempair__decomposed,scale_ladder,gempair,base,decomposed,True,heuristic,,0,128.845742,126,0,138.89655499999998,1.41505765914917,,,,,,,0,0.0,0.5390032795961547,,138.89655500000003,,2,0,gemmini_q31,V256D128_rvv,,
base__networks_scale_ladder_gempair__milp,scale_ladder,gempair,base,milp,True,optimal_inaccurate,False,0,130.56081299999735,126,0,138.89655499999998,524.0202624797821,358.0,121.1,120.99,0.244880743810932,130.560813,98.588984,0,0.0,0.5319228327721996,,138.89655500000003,,2,0,gemmini_q31,V256D128_rvv,,
base__networks_scale_ladder_hetero__greedy,scale_ladder,hetero,base,greedy,True,heuristic,,0,111.349229,126,0,118.457824,1.4944767951965332,,,,,,,0,0.0,0.38579713919707526,0.6780434016296603,42.958214000000005,75.49961,1,1,gemmini_q31,V256D128_rvv,,
base__networks_scale_ladder_hetero__greedy_periodic,scale_ladder,hetero,base,greedy_periodic,True,heuristic,,0,111.349229,126,0,118.457824,1.507049322128296,,,,,,,0,0.0,0.38579713919707526,0.6780434016296603,42.958214000000005,75.49961,1,1,gemmini_q31,V256D128_rvv,,
base__networks_scale_ladder_hetero__decomposed,scale_ladder,hetero,base,decomposed,True,heuristic,,0,111.349229,126,0,118.457824,1.4247503280639648,,,,,,,0,0.0,0.38579713919707526,0.6780434016296603,42.958214000000005,75.49961,1,1,gemmini_q31,V256D128_rvv,,
base__networks_scale_ladder_hetero__milp,scale_ladder,hetero,base,milp,True,optimal,False,0,97.17012999999977,126,0,136.58783799999995,86.33601975440979,69.8,1.679,1.64,6.964074247915913e-05,97.17013,97.163363,0,0.0,0.5138738108099692,0.8917828246190491,49.933184999999995,86.654653,1,1,gemmini_q31,V256D128_rvv,,
base__networks_scale_ladder_quad__greedy,scale_ladder,quad,base,greedy,True,heuristic,,0,109.634598,126,0,118.457824,1.6424744129180908,,,,,,,0,0.0,0.19591540801745813,0.34432383288348434,42.958214,75.49960999999998,2,2,gemmini_q31,V256D128_rvv,,
base__networks_scale_ladder_quad__greedy_periodic,scale_ladder,quad,base,greedy_periodic,True,heuristic,,0,109.634598,126,0,118.457824,1.6538450717926025,,,,,,,0,0.0,0.19591540801745813,0.34432383288348434,42.958214,75.49960999999998,2,2,gemmini_q31,V256D128_rvv,,
base__networks_scale_ladder_quad__decomposed,scale_ladder,quad,base,decomposed,True,heuristic,,0,109.634598,126,0,118.457824,1.4251012802124023,,,,,,,0,0.0,0.19591540801745813,0.34432383288348434,42.958214,75.49960999999998,2,2,gemmini_q31,V256D128_rvv,,
base__networks_scale_ladder_quad__milp,scale_ladder,quad,base,milp,False,,True,-9,,,,,1200.5997879505157,,,,,,,,,,,,,0,0,,,wall_clock_timeout,run failed (rc=-9) or no schedule json
base__networks_scale_ladder_rvvpair__greedy,scale_ladder,rvvpair,base,greedy,True,heuristic,,0,132.65391600000004,126,0,139.23220999999992,1.5303149223327637,,,,,,,0,0.0,,0.5247949483828277,,139.23220999999995,0,2,gemmini_q31,V256D128_rvv,,
base__networks_scale_ladder_rvvpair__greedy_periodic,scale_ladder,rvvpair,base,greedy_periodic,True,heuristic,,0,132.65391600000004,126,0,139.23220999999992,1.5357160568237305,,,,,,,0,0.0,,0.5247949483828277,,139.23220999999995,0,2,gemmini_q31,V256D128_rvv,,
base__networks_scale_ladder_rvvpair__decomposed,scale_ladder,rvvpair,base,decomposed,True,heuristic,,0,132.65391600000004,126,0,139.23220999999992,1.4304070472717285,,,,,,,0,0.0,,0.5247949483828277,,139.23220999999995,0,2,gemmini_q31,V256D128_rvv,,
base__networks_scale_ladder_rvvpair__milp,scale_ladder,rvvpair,base,milp,True,optimal_inaccurate,False,0,118.20223200001685,126,0,139.23220999999992,524.4017560482025,359.5,120.5,120.41,0.17623953158515646,118.202232,97.370326,0,0.0,,0.5889576179914273,,139.23220999999998,0,2,gemmini_q31,V256D128_rvv,,
base__networks_tight_loop_gempair__greedy,tight_loop,gempair,base,greedy,True,heuristic,,0,98.40299499999996,252,252,148.61166400000005,2.837008476257324,,,,,,,4,89.27899499999997,0.7551175855978777,,148.611664,,2,0,gemmini_q31,V256D128_rvv,,
base__networks_tight_loop_gempair__greedy_periodic,tight_loop,gempair,base,greedy_periodic,True,heuristic,,0,98.40299499999996,252,252,148.61166400000005,2.778623342514038,,,,,,,4,89.27899499999997,0.7551175855978777,,148.611664,,2,0,gemmini_q31,V256D128_rvv,,
base__networks_tight_loop_gempair__decomposed,tight_loop,gempair,base,decomposed,True,heuristic,,0,93.88345399999997,252,252,148.61166400000005,3.9729931354522705,,,,,,,28,84.75945399999998,0.7914688779984597,,148.61166399999996,,2,0,gemmini_q31,V256D128_rvv,,
base__networks_tight_loop_gempair__milp,tight_loop,gempair,base,milp,False,infeasible,False,1,,,,,495.5496509075165,456.4,0.1974,0.1,,,,,,,,,,0,0,,,milp_proved_infeasible,run failed (rc=1) or no schedule json
base__networks_tight_loop_hetero__greedy,tight_loop,hetero,base,greedy,True,heuristic,,0,102.03749799999999,252,252,147.69221299999995,2.420548677444458,,,,,,,4,87.56549799999999,0.8765445424779036,0.5708862147913507,89.440412,58.25180100000001,1,1,gemmini_q31,V256D128_rvv,,
base__networks_tight_loop_hetero__greedy_periodic,tight_loop,hetero,base,greedy_periodic,True,heuristic,,0,102.03749799999999,252,252,147.69221299999995,2.4342563152313232,,,,,,,4,87.56549799999999,0.8765445424779036,0.5708862147913507,89.440412,58.25180100000001,1,1,gemmini_q31,V256D128_rvv,,
base__networks_tight_loop_hetero__decomposed,tight_loop,hetero,base,decomposed,True,heuristic,,0,106.924806,252,252,147.47196299999993,3.1112186908721924,,,,,,,28,92.45280600000001,0.6702261026314136,0.7089857801565711,71.66379599999999,75.80816700000001,1,1,gemmini_q31,V256D128_rvv,,
base__networks_tight_loop_hetero__milp,tight_loop,hetero,base,milp,False,infeasible,False,1,,,,,126.34895324707031,113.8,0.1851,0.11,,,,,,,,,,0,0,,,milp_proved_infeasible,run failed (rc=1) or no schedule json
base__networks_tight_loop_quad__greedy,tight_loop,quad,base,greedy,True,heuristic,,0,84.337813,252,252,146.92974799999993,3.7558786869049072,,,,,,,4,69.865813,0.3530985561600939,0.5179801615201951,59.55911999999999,87.37062800000001,2,2,gemmini_q31,V256D128_rvv,,
base__networks_tight_loop_quad__greedy_periodic,tight_loop,quad,base,greedy_periodic,True,heuristic,,0,84.337813,252,252,146.92974799999993,3.819066286087036,,,,,,,4,69.865813,0.3530985561600939,0.5179801615201951,59.55911999999999,87.37062800000001,2,2,gemmini_q31,V256D128_rvv,,
base__networks_tight_loop_quad__decomposed,tight_loop,quad,base,decomposed,True,heuristic,,0,64.26777999999999,252,252,147.51572899999996,5.922063827514648,,,,,,,28,50.357156999999994,0.554062198818755,0.5936025330266583,71.21669499999999,76.299034,2,2,gemmini_q31,V256D128_rvv,,
base__networks_tight_loop_quad__milp,tight_loop,quad,base,milp,False,infeasible,False,1,,,,,1146.907687664032,1054.0,0.3714,0.19,,,,,,,,,,0,0,,,milp_proved_infeasible,run failed (rc=1) or no schedule json
base__networks_tight_loop_rvvpair__greedy,tight_loop,rvvpair,base,greedy,True,heuristic,,0,89.921403,252,252,147.38149199999992,2.7822883129119873,,,,,,,4,79.066756,,0.8195017375340552,,147.381492,0,2,gemmini_q31,V256D128_rvv,,
base__networks_tight_loop_rvvpair__greedy_periodic,tight_loop,rvvpair,base,greedy_periodic,True,heuristic,,0,89.921403,252,252,147.38149199999992,2.7832083702087402,,,,,,,4,79.066756,,0.8195017375340552,,147.381492,0,2,gemmini_q31,V256D128_rvv,,
base__networks_tight_loop_rvvpair__decomposed,tight_loop,rvvpair,base,decomposed,True,heuristic,,0,95.50718999999987,252,252,147.38149199999992,3.8493075370788574,,,,,,,28,81.03518999999987,,0.7715727580300512,,147.38149200000004,0,2,gemmini_q31,V256D128_rvv,,
base__networks_tight_loop_rvvpair__milp,tight_loop,rvvpair,base,milp,False,infeasible,False,1,,,,,467.35225558280945,422.1,0.1944,0.1,,,,,,,,,,0,0,,,milp_proved_infeasible,run failed (rc=1) or no schedule json
base__networks_vint_intro_gempair__greedy,vint_intro,gempair,base,greedy,True,heuristic,,0,4074.9441970000003,661,56,5270.672611000005,4.700625658035278,,,,,,,0,0.0,0.646717151964965,,5270.672611000004,,2,0,gemmini_q31,V256D128_rvv,,
base__networks_vint_intro_gempair__greedy_periodic,vint_intro,gempair,base,greedy_periodic,True,heuristic,,0,4074.6698070000007,661,56,5270.672611000005,4.73391056060791,,,,,,,1,1.8957999999999977,0.6467607021733826,,5270.672611000004,,2,0,gemmini_q31,V256D128_rvv,,
base__networks_vint_intro_gempair__decomposed,vint_intro,gempair,base,decomposed,True,heuristic,,0,4074.3677300000004,661,56,5270.672611000005,3.3242383003234863,,,,,,,0,0.0,0.6468086535478234,,5270.672611000004,,2,0,gemmini_q31,V256D128_rvv,,
base__networks_vint_intro_gempair__milp,vint_intro,gempair,base,milp,False,,,,,,,,,,,,,,,,,,,,,0,0,,,not_attempted_budget,not_attempted_budget
base__networks_vint_intro_hetero__greedy,vint_intro,hetero,base,greedy,True,heuristic,,0,4472.2742219999955,661,56,5195.784015999997,4.1633522510528564,,,,,,,0,0.0,0.9814908167766652,0.18028588967861395,4389.4960790000005,806.2879370000002,1,1,gemmini_q31,V256D128_rvv,,
base__networks_vint_intro_hetero__greedy_periodic,vint_intro,hetero,base,greedy_periodic,True,heuristic,,0,4472.374208999996,661,56,5195.818658999997,4.212334156036377,,,,,,,0,0.0,0.9814912305787344,0.18026724851815745,4389.596066,806.2225930000002,1,1,gemmini_q31,V256D128_rvv,,
base__networks_vint_intro_hetero__decomposed,vint_intro,hetero,base,decomposed,True,heuristic,,0,4472.2742219999955,661,56,5195.784015999997,3.346066951751709,,,,,,,0,0.0,0.9814908167766652,0.18028588967861395,4389.4960790000005,806.2879370000002,1,1,gemmini_q31,V256D128_rvv,,
base__networks_vint_intro_hetero__milp,vint_intro,hetero,base,milp,False,,,,,,,,,,,,,,,,,,,,,0,0,,,not_attempted_budget,not_attempted_budget
base__networks_vint_intro_quad__greedy,vint_intro,quad,base,greedy,True,heuristic,,0,3844.6859930000014,661,56,5098.174853999996,5.942086219787598,,,,,,,0,0.0,0.5894512429951779,0.07356452256828039,4532.509875000002,565.6649790000002,2,2,gemmini_q31,V256D128_rvv,,
base__networks_vint_intro_quad__greedy_periodic,vint_intro,quad,base,greedy_periodic,True,heuristic,,0,3844.6859930000014,661,56,5098.174853999996,5.879696369171143,,,,,,,0,0.0,0.5894512429951779,0.07356452256828037,4532.509875000002,565.6649790000001,2,2,gemmini_q31,V256D128_rvv,,
base__networks_vint_intro_quad__decomposed,vint_intro,quad,base,decomposed,True,heuristic,,0,3844.6859930000014,661,56,5098.174853999996,3.3276302814483643,,,,,,,0,0.0,0.5894512429951779,0.07356452256828039,4532.509875000002,565.6649790000002,2,2,gemmini_q31,V256D128_rvv,,
base__networks_vint_intro_quad__milp,vint_intro,quad,base,milp,False,,,,,,,,,,,,,,,,,,,,,0,0,,,not_attempted_budget,not_attempted_budget
base__networks_vint_intro_rvvpair__greedy,vint_intro,rvvpair,base,greedy,True,heuristic,,0,12149.204616999992,661,56,17023.304315999943,4.830602407455444,,,,,,,0,0.0,,0.7005933660949223,,17023.30431599999,0,2,gemmini_q31,V256D128_rvv,,
base__networks_vint_intro_rvvpair__greedy_periodic,vint_intro,rvvpair,base,greedy_periodic,True,heuristic,,0,12141.930165999991,661,56,17023.304315999943,4.909045219421387,,,,,,,0,0.0,,0.7010131043114092,,17023.304315999994,0,2,gemmini_q31,V256D128_rvv,,
base__networks_vint_intro_rvvpair__decomposed,vint_intro,rvvpair,base,decomposed,True,heuristic,,0,12149.204616999992,661,56,17023.304315999943,3.320300817489624,,,,,,,0,0.0,,0.7005933660949223,,17023.30431599999,0,2,gemmini_q31,V256D128_rvv,,
base__networks_vint_intro_rvvpair__milp,vint_intro,rvvpair,base,milp,False,,,,,,,,,,,,,,,,,,,,,0,0,,,not_attempted_budget,not_attempted_budget
base__networks_vint_multi_gempair__greedy,vint_multi,gempair,base,greedy,True,heuristic,,0,4107.657025000001,745,140,5279.316215000017,5.631302833557129,,,,,,,0,0.0,0.6426189166803675,,5279.316215000004,,2,0,gemmini_q31,V256D128_rvv,,
base__networks_vint_multi_gempair__greedy_periodic,vint_multi,gempair,base,greedy_periodic,True,heuristic,,0,4107.657025000001,745,140,5279.316215000017,5.570969343185425,,,,,,,3,6.497405999999998,0.6426189166803676,,5279.316215000005,,2,0,gemmini_q31,V256D128_rvv,,
base__networks_vint_multi_gempair__decomposed,vint_multi,gempair,base,decomposed,True,heuristic,,0,4107.657025000001,745,140,5279.316215000017,3.7242603302001953,,,,,,,0,0.0,0.6426189166803673,,5279.316215000003,,2,0,gemmini_q31,V256D128_rvv,,
base__networks_vint_multi_gempair__milp,vint_multi,gempair,base,milp,False,,,,,,,,,,,,,,,,,,,,,0,0,,,not_attempted_budget,not_attempted_budget
base__networks_vint_multi_hetero__greedy,vint_multi,hetero,base,greedy,True,heuristic,,0,4546.387975999996,745,140,5204.79046099999,4.868716478347778,,,,,,,0,0.0,0.9669661597750108,0.17785264769933037,4396.203322,808.5871389999991,1,1,gemmini_q31,V256D128_rvv,,
base__networks_vint_multi_hetero__greedy_periodic,vint_multi,hetero,base,greedy_periodic,True,heuristic,,0,4546.387975999996,745,140,5207.772821999997,4.865946531295776,,,,,,,7,101.44220599999998,0.9672233764943441,0.17825141569044128,4397.372729000003,810.4000929999994,1,1,gemmini_q31,V256D128_rvv,,
base__networks_vint_multi_hetero__decomposed,vint_multi,hetero,base,decomposed,True,heuristic,,0,4546.275169999996,745,140,5208.5704029999915,3.7421226501464844,,,,,,,0,0.0,0.9675009550730744,0.17817769574207276,4398.525569,810.0448339999995,1,1,gemmini_q31,V256D128_rvv,,
base__networks_vint_multi_hetero__milp,vint_multi,hetero,base,milp,False,,,,,,,,,,,,,,,,,,,,,0,0,,,not_attempted_budget,not_attempted_budget
base__networks_vint_multi_quad__greedy,vint_multi,quad,base,greedy,True,heuristic,,0,4012.8136910000026,745,140,5101.930286999988,7.3155837059021,,,,,,,0,0.0,0.5678537293198246,0.06785112516204277,4557.382439000004,544.5478479999999,2,2,gemmini_q31,V256D128_rvv,,
base__networks_vint_multi_quad__greedy_periodic,vint_multi,quad,base,greedy_periodic,True,heuristic,,0,4012.8136910000026,745,140,5106.631056999989,7.254406690597534,,,,,,,0,0.0,0.5677527519181302,0.0685378225051515,4556.572032000002,550.0590250000001,2,2,gemmini_q31,V256D128_rvv,,
base__networks_vint_multi_quad__decomposed,vint_multi,quad,base,decomposed,True,heuristic,,0,4012.7857770000032,745,140,5101.5720219999885,3.8772687911987305,,,,,,,0,0.0,0.5680016199877993,0.06766301619095869,4558.537644000004,543.034378,2,2,gemmini_q31,V256D128_rvv,,
base__networks_vint_multi_quad__milp,vint_multi,quad,base,milp,False,,,,,,,,,,,,,,,,,,,,,0,0,,,not_attempted_budget,not_attempted_budget
base__networks_vint_multi_rvvpair__greedy,vint_multi,rvvpair,base,greedy,True,heuristic,,0,12337.001418999993,745,140,17052.188635999984,5.896799564361572,,,,,,,0,0.0,,0.6910994032041786,,17052.188636,0,2,gemmini_q31,V256D128_rvv,,
base__networks_vint_multi_rvvpair__greedy_periodic,vint_multi,rvvpair,base,greedy_periodic,True,heuristic,,0,12337.001418999993,745,140,17052.188635999984,5.821153402328491,,,,,,,0,0.0,,0.6910994032041783,,17052.18863599999,0,2,gemmini_q31,V256D128_rvv,,
base__networks_vint_multi_rvvpair__decomposed,vint_multi,rvvpair,base,decomposed,True,heuristic,,0,12337.001418999993,745,140,17052.188635999984,3.759735584259033,,,,,,,0,0.0,,0.6910994032041784,,17052.188635999995,0,2,gemmini_q31,V256D128_rvv,,
base__networks_vint_multi_rvvpair__milp,vint_multi,rvvpair,base,milp,False,,,,,,,,,,,,,,,,,,,,,0,0,,,not_attempted_budget,not_attempted_budget
shard__networks_bimodal_gempair__greedy,bimodal,gempair,shard,greedy,True,heuristic,,0,263.199548,442,224,416.201227999999,5.1036906242370605,,,,,,,0,0.0,0.790657186083008,,416.20122799999916,,2,0,gemmini_q31,V256D128_rvv,,
shard__networks_bimodal_gempair__greedy_periodic,bimodal,gempair,shard,greedy_periodic,True,heuristic,,0,263.199548,442,224,416.201227999999,5.125985383987427,,,,,,,0,0.0,0.790657186083008,,416.20122799999916,,2,0,gemmini_q31,V256D128_rvv,,
shard__networks_bimodal_gempair__decomposed,bimodal,gempair,shard,decomposed,True,heuristic,,0,263.199548,442,224,416.201227999999,3.6865594387054443,,,,,,,0,0.0,0.790657186083008,,416.20122799999916,,2,0,gemmini_q31,V256D128_rvv,,
shard__networks_bimodal_gempair__milp,bimodal,gempair,shard,milp,False,,,,,,,,,,,,,,,,,,,,,0,0,,,not_attempted_budget,not_attempted_budget
shard__networks_bimodal_hetero__greedy,bimodal,hetero,shard,greedy,True,heuristic,,0,252.61608800000002,442,224,330.55086699999833,4.194907188415527,,,,,,,0,0.0,0.8116935648215733,0.49681718608515557,205.04685300000028,125.50401400000004,1,1,gemmini_q31,V256D128_rvv,,
shard__networks_bimodal_hetero__greedy_periodic,bimodal,hetero,shard,greedy_periodic,True,heuristic,,0,252.61608800000002,442,224,330.55086699999833,4.306219577789307,,,,,,,0,0.0,0.8116935648215733,0.49681718608515557,205.04685300000028,125.50401400000004,1,1,gemmini_q31,V256D128_rvv,,
shard__networks_bimodal_hetero__decomposed,bimodal,hetero,shard,decomposed,True,heuristic,,0,252.61608800000002,442,224,330.55086699999833,3.292755603790283,,,,,,,0,0.0,0.8116935648215733,0.49681718608515557,205.04685300000028,125.50401400000004,1,1,gemmini_q31,V256D128_rvv,,
shard__networks_bimodal_hetero__milp,bimodal,hetero,shard,milp,False,,,,,,,,,,,,,,,,,,,,,0,0,,,not_attempted_budget,not_attempted_budget
shard__networks_bimodal_quad__greedy,bimodal,quad,shard,greedy,True,heuristic,,0,161.2314650000001,442,224,313.8907389999983,7.721375465393066,,,,,,,0,0.0,0.5272335955019689,0.4461829116295629,170.0132899999998,143.877449,2,2,gemmini_q31,V256D128_rvv,,
shard__networks_bimodal_quad__greedy_periodic,bimodal,quad,shard,greedy_periodic,True,heuristic,,0,161.2314650000001,442,224,313.8907389999983,7.579538822174072,,,,,,,0,0.0,0.5272335955019689,0.4461829116295629,170.0132899999998,143.877449,2,2,gemmini_q31,V256D128_rvv,,
shard__networks_bimodal_quad__decomposed,bimodal,quad,shard,decomposed,True,heuristic,,0,161.2314650000001,442,224,313.8907389999983,4.8340983390808105,,,,,,,0,0.0,0.5272335955019689,0.4461829116295629,170.0132899999998,143.877449,2,2,gemmini_q31,V256D128_rvv,,
shard__networks_bimodal_quad__milp,bimodal,quad,shard,milp,False,,,,,,,,,,,,,,,,,,,,,0,0,,,not_attempted_budget,not_attempted_budget
shard__networks_bimodal_rvvpair__greedy,bimodal,rvvpair,shard,greedy,True,heuristic,,0,280.910443,442,224,525.1584680000004,5.171141147613525,,,,,,,0,0.0,,0.9347435830286995,,525.1584679999985,0,2,gemmini_q31,V256D128_rvv,,
shard__networks_bimodal_rvvpair__greedy_periodic,bimodal,rvvpair,shard,greedy_periodic,True,heuristic,,0,280.910443,442,224,525.1584680000004,5.167224884033203,,,,,,,0,0.0,,0.9347435830286995,,525.1584679999985,0,2,gemmini_q31,V256D128_rvv,,
shard__networks_bimodal_rvvpair__decomposed,bimodal,rvvpair,shard,decomposed,True,heuristic,,0,280.910443,442,224,525.1584680000004,3.7739322185516357,,,,,,,0,0.0,,0.9347435830286995,,525.1584679999985,0,2,gemmini_q31,V256D128_rvv,,
shard__networks_bimodal_rvvpair__milp,bimodal,rvvpair,shard,milp,False,,,,,,,,,,,,,,,,,,,,,0,0,,,not_attempted_budget,not_attempted_budget
shard__networks_control_mix_gempair__greedy,control_mix,gempair,shard,greedy,True,heuristic,,0,48.00887599999997,407,126,82.67309099999996,6.177928447723389,,,,,,,0,0.0,0.8610188145208817,,82.67309099999997,,2,0,gemmini_q31,V256D128_rvv,,
shard__networks_control_mix_gempair__greedy_periodic,control_mix,gempair,shard,greedy_periodic,True,heuristic,,0,46.03727699999998,407,126,82.67309099999996,6.74731969833374,,,,,,,5,2.7255089999999953,0.8978929292451426,,82.67309100000003,,2,0,gemmini_q31,V256D128_rvv,,
shard__networks_control_mix_gempair__decomposed,control_mix,gempair,shard,decomposed,True,heuristic,,0,54.259657999999995,442,161,88.49131799999992,2.958102226257324,,,,,,,0,0.0,0.8154430129286845,,88.49131799999999,,2,0,gemmini_q31,V256D128_rvv,,
shard__networks_control_mix_gempair__milp,control_mix,gempair,shard,milp,False,,,,,,,,,,,,,,,,,,,,,0,0,,,not_attempted_budget,not_attempted_budget
shard__networks_control_mix_hetero__greedy,control_mix,hetero,shard,greedy,True,heuristic,,0,47.478809999999974,407,126,62.920302000000014,5.169261455535889,,,,,,,0,0.0,0.8178681605541503,0.5073609679770829,38.83140699999998,24.088894999999987,1,1,gemmini_q31,V256D128_rvv,,
shard__networks_control_mix_hetero__greedy_periodic,control_mix,hetero,shard,greedy_periodic,True,heuristic,,0,48.60681499999998,407,126,63.33640900000002,5.565010070800781,,,,,,,5,2.4035880000000014,0.8010950110596627,0.5019405612155414,38.93867699999997,24.39773199999999,1,1,gemmini_q31,V256D128_rvv,,
shard__networks_control_mix_hetero__decomposed,control_mix,hetero,shard,decomposed,True,heuristic,,0,46.44745900000001,407,126,64.69920900000001,2.746710777282715,,,,,,,0,0.0,0.8414856451027809,0.5514691126591013,39.084869999999974,25.614338999999994,1,1,gemmini_q31,V256D128_rvv,,
shard__networks_control_mix_hetero__milp,control_mix,hetero,shard,milp,False,,,,,,,,,,,,,,,,,,,,,0,0,,,not_attempted_budget,not_attempted_budget
shard__networks_control_mix_quad__greedy,control_mix,quad,shard,greedy,True,heuristic,,0,29.70857299999999,372,91,54.828157,10.370962381362915,,,,,,,0,0.0,0.6568273407140763,0.2659392458870374,39.02680600000001,15.801350999999993,2,2,gemmini_q31,V256D128_rvv,,
shard__networks_control_mix_quad__greedy_periodic,control_mix,quad,shard,greedy_periodic,True,heuristic,,0,28.565012999999986,372,91,55.92056000000001,11.667631387710571,,,,,,,5,2.357852999999995,0.6825844784317098,0.29624511285886695,38.996069,16.924490999999996,2,2,gemmini_q31,V256D128_rvv,,
shard__networks_control_mix_quad__decomposed,control_mix,quad,shard,decomposed,True,heuristic,,0,28.288863999999993,372,91,54.845507,3.168067216873169,,,,,,,0,0.0,0.6923464123550527,0.27703692873633945,39.171387,15.674119999999993,2,2,gemmini_q31,V256D128_rvv,,
shard__networks_control_mix_quad__milp,control_mix,quad,shard,milp,False,,False,1,,,,,537.1745018959045,,,,,,,,,,,,,0,0,,,other,run failed (rc=1) or no schedule json
shard__networks_control_mix_rvvpair__greedy,control_mix,rvvpair,shard,greedy,True,heuristic,,0,61.38442099999999,407,126,110.66034200000004,7.289653539657593,,,,,,,1,6.856277999999982,,0.9013715548445104,,110.66034200000001,0,2,gemmini_q31,V256D128_rvv,,
shard__networks_control_mix_rvvpair__greedy_periodic,control_mix,rvvpair,shard,greedy_periodic,True,heuristic,,0,58.384786,407,126,110.66034200000004,7.218700885772705,,,,,,,5,3.856049999999989,,0.9476813188970157,,110.66034200000003,0,2,gemmini_q31,V256D128_rvv,,
shard__networks_control_mix_rvvpair__decomposed,control_mix,rvvpair,shard,decomposed,True,heuristic,,0,59.343434000000016,407,126,110.66034200000004,2.849456548690796,,,,,,,0,0.0,,0.9323722486298989,,110.66034200000001,0,2,gemmini_q31,V256D128_rvv,,
shard__networks_control_mix_rvvpair__milp,control_mix,rvvpair,shard,milp,False,,,,,,,,,,,,,,,,,,,,,0,0,,,not_attempted_budget,not_attempted_budget
shard__networks_depth_chain_gempair__greedy,depth_chain,gempair,shard,greedy,True,heuristic,,0,590.1500289999999,298,298,478.8085639999999,2.205308198928833,,,,,,,0,0.0,0.4056668139213122,,478.80856399999993,,2,0,gemmini_q31,V256D128_rvv,,
shard__networks_depth_chain_gempair__greedy_periodic,depth_chain,gempair,shard,greedy_periodic,True,heuristic,,0,590.1500289999999,298,298,478.8085639999999,2.195944309234619,,,,,,,0,0.0,0.4056668139213122,,478.80856399999993,,2,0,gemmini_q31,V256D128_rvv,,
shard__networks_depth_chain_gempair__decomposed,depth_chain,gempair,shard,decomposed,True,heuristic,,0,590.1583069999998,298,298,478.8085639999999,2.26747727394104,,,,,,,0,0.0,0.4056611237364148,,478.80856399999993,,2,0,gemmini_q31,V256D128_rvv,,
shard__networks_depth_chain_gempair__milp,depth_chain,gempair,shard,milp,True,optimal,False,0,589.7923299999994,298,298,478.8085639999999,26.859432458877563,11.88,10.47,10.42,9.566757166881553e-05,589.79233,589.735906,0,0.0,0.4059128439327113,,478.8085639999999,,2,0,gemmini_q31,V256D128_rvv,,
shard__networks_depth_chain_hetero__greedy,depth_chain,hetero,shard,greedy,True,heuristic,,0,431.27555499999977,298,298,145.72952199999995,2.140493154525757,,,,,,,0,0.0,0.07542708048917822,0.26247642531003185,32.52985599999999,113.19966599999998,1,1,gemmini_q31,V256D128_rvv,,
shard__networks_depth_chain_hetero__greedy_periodic,depth_chain,hetero,shard,greedy_periodic,True,heuristic,,0,431.27555499999977,298,298,145.72952199999995,2.131725311279297,,,,,,,0,0.0,0.07542708048917822,0.26247642531003185,32.52985599999999,113.19966599999998,1,1,gemmini_q31,V256D128_rvv,,
shard__networks_depth_chain_hetero__decomposed,depth_chain,hetero,shard,decomposed,True,heuristic,,0,430.9120559999997,298,298,145.48041199999992,2.142794370651245,,,,,,,0,0.0,0.07354121927839496,0.26406922808397837,31.689797999999993,113.79061399999998,1,1,gemmini_q31,V256D128_rvv,,
shard__networks_depth_chain_hetero__milp,depth_chain,hetero,shard,milp,True,optimal,False,0,430.8628789999976,298,298,152.30584199999993,17.739028215408325,4.262,8.807,8.76,9.455152946708438e-05,430.862879,430.8221402558,0,0.0,0.06861992397353905,0.2848703612733384,29.56577799999999,122.740064,1,1,gemmini_q31,V256D128_rvv,,
shard__networks_depth_chain_quad__greedy,depth_chain,quad,shard,greedy,True,heuristic,,0,429.50886699999967,298,298,144.14011199999996,2.493859052658081,,,,,,,0,0.0,0.038952562532312066,0.12884387087636087,33.46094199999999,110.67917000000001,2,2,gemmini_q31,V256D128_rvv,,
shard__networks_depth_chain_quad__greedy_periodic,depth_chain,quad,shard,greedy_periodic,True,heuristic,,0,429.50886699999967,298,298,144.14011199999996,2.5067286491394043,,,,,,,0,0.0,0.038952562532312066,0.12884387087636087,33.46094199999999,110.67917000000001,2,2,gemmini_q31,V256D128_rvv,,
shard__networks_depth_chain_quad__decomposed,depth_chain,quad,shard,decomposed,True,heuristic,,0,429.46864399999964,298,298,144.14305999999996,2.5478296279907227,,,,,,,0,0.0,0.03874527566208072,0.12907030530498997,33.27976199999999,110.86329800000001,2,2,gemmini_q31,V256D128_rvv,,
shard__networks_depth_chain_quad__milp,depth_chain,quad,shard,milp,True,optimal,False,0,429.4686439999999,298,298,147.20492299999992,26.518695831298828,20.71,1.646,1.6,0.0,429.468644,429.468644,0,0.0,0.041597825009082615,0.12978246672648816,35.72992299999999,111.47499999999997,2,2,gemmini_q31,V256D128_rvv,,
shard__networks_depth_chain_rvvpair__greedy,depth_chain,rvvpair,shard,greedy,True,heuristic,,0,220.47534400000006,298,298,185.45836000000003,2.2349960803985596,,,,,,,0,0.0,,0.4205875283723334,,185.45835999999997,0,2,gemmini_q31,V256D128_rvv,,
shard__networks_depth_chain_rvvpair__greedy_periodic,depth_chain,rvvpair,shard,greedy_periodic,True,heuristic,,0,220.47534400000006,298,298,185.45836000000003,2.256355047225952,,,,,,,0,0.0,,0.4205875283723334,,185.45835999999997,0,2,gemmini_q31,V256D128_rvv,,
shard__networks_depth_chain_rvvpair__decomposed,depth_chain,rvvpair,shard,decomposed,True,heuristic,,0,220.47534400000006,298,298,185.45836000000003,2.2933785915374756,,,,,,,0,0.0,,0.42058752837233343,,185.45836,0,2,gemmini_q31,V256D128_rvv,,
shard__networks_depth_chain_rvvpair__milp,depth_chain,rvvpair,shard,milp,True,optimal_inaccurate,False,0,220.46115500000033,298,298,185.45836000000003,138.0915126800537,10.42,124.9,124.82,0.0011446914536938795,220.461155,220.208795,0,0.0,,0.420614597614713,,185.45836000000003,0,2,gemmini_q31,V256D128_rvv,,
shard__networks_depth_contended_gempair__greedy,depth_contended,gempair,shard,greedy,True,heuristic,,0,270.95629599999995,430,149,306.3445029999999,4.620093107223511,,,,,,,0,0.0,0.5653024261152433,,306.3445029999999,,2,0,gemmini_q31,V256D128_rvv,,
shard__networks_depth_contended_gempair__greedy_periodic,depth_contended,gempair,shard,greedy_periodic,True,heuristic,,0,270.95629599999995,430,149,306.3445029999999,4.778219938278198,,,,,,,0,0.0,0.5653024261152438,,306.3445030000002,,2,0,gemmini_q31,V256D128_rvv,,
shard__networks_depth_contended_gempair__decomposed,depth_contended,gempair,shard,decomposed,True,heuristic,,0,235.53630700000002,430,149,306.3445029999999,2.8130433559417725,,,,,,,0,0.0,0.6503126989250111,,306.344503,,2,0,gemmini_q31,V256D128_rvv,,
shard__networks_depth_contended_gempair__milp,depth_contended,gempair,shard,milp,False,,,,,,,,,,,,,,,,,,,,,0,0,,,not_attempted_budget,not_attempted_budget
shard__networks_depth_contended_hetero__greedy,depth_contended,hetero,shard,greedy,True,heuristic,,0,111.32749899999997,430,149,127.10294100000007,3.9725770950317383,,,,,,,0,0.0,0.43717247254427244,0.7045305401139031,48.669318000000004,78.433623,1,1,gemmini_q31,V256D128_rvv,,
shard__networks_depth_contended_hetero__greedy_periodic,depth_contended,hetero,shard,greedy_periodic,True,heuristic,,0,112.90865399999996,430,149,127.10294100000007,3.968757152557373,,,,,,,0,0.0,0.4310503781224779,0.6946644054405257,48.669318000000004,78.433623,1,1,gemmini_q31,V256D128_rvv,,
shard__networks_depth_contended_hetero__decomposed,depth_contended,hetero,shard,decomposed,True,heuristic,,0,82.83789999999998,430,149,135.54399700000008,2.7755722999572754,,,,,,,0,0.0,0.8568229880284265,0.779432844145011,70.97741699999997,64.56657999999999,1,1,gemmini_q31,V256D128_rvv,,
shard__networks_depth_contended_hetero__milp,depth_contended,hetero,shard,milp,False,,,,,,,,,,,,,,,,,,,,,0,0,,,not_attempted_budget,not_attempted_budget
shard__networks_depth_contended_quad__greedy,depth_contended,quad,shard,greedy,True,heuristic,,0,94.673811,430,149,122.34089000000016,6.554462909698486,,,,,,,0,0.0,0.28743284137996733,0.3586850697285228,54.42472500000001,67.91616499999998,2,2,gemmini_q31,V256D128_rvv,,
shard__networks_depth_contended_quad__greedy_periodic,depth_contended,quad,shard,greedy_periodic,True,heuristic,,0,96.3575,430,149,122.01621000000016,6.490756273269653,,,,,,,0,0.0,0.27505739563604287,0.3580858988662013,53.00768600000001,69.00852399999998,2,2,gemmini_q31,V256D128_rvv,,
shard__networks_depth_contended_quad__decomposed,depth_contended,quad,shard,decomposed,True,heuristic,,0,69.49664400000003,430,149,123.38910200000011,3.0967509746551514,,,,,,,0,0.0,0.382801635716395,0.5049326122855656,53.206858,70.182244,2,2,gemmini_q31,V256D128_rvv,,
shard__networks_depth_contended_quad__milp,depth_contended,quad,shard,milp,False,,,,,,,,,,,,,,,,,,,,,0,0,,,not_attempted_budget,not_attempted_budget
shard__networks_depth_contended_rvvpair__greedy,depth_contended,rvvpair,shard,greedy,True,heuristic,,0,129.31404600000005,430,149,180.919048,4.753524303436279,,,,,,,0,0.0,,0.6995336299352972,,180.91904800000006,0,2,gemmini_q31,V256D128_rvv,,
shard__networks_depth_contended_rvvpair__greedy_periodic,depth_contended,rvvpair,shard,greedy_periodic,True,heuristic,,0,133.03778500000004,430,149,180.919048,4.6765265464782715,,,,,,,0,0.0,,0.6799536237017176,,180.9190480000001,0,2,gemmini_q31,V256D128_rvv,,
shard__networks_depth_contended_rvvpair__decomposed,depth_contended,rvvpair,shard,decomposed,True,heuristic,,0,92.250336,430,149,180.919048,2.808401346206665,,,,,,,0,0.0,,0.9805874744998222,,180.91904800000006,0,2,gemmini_q31,V256D128_rvv,,
shard__networks_depth_contended_rvvpair__milp,depth_contended,rvvpair,shard,milp,False,,,,,,,,,,,,,,,,,,,,,0,0,,,not_attempted_budget,not_attempted_budget
shard__networks_depth_nav_gempair__greedy,depth_nav,gempair,shard,greedy,True,heuristic,,0,590.1500289999999,410,410,487.0013960000005,3.0335607528686523,,,,,,,0,0.0,0.41260812680566733,,487.0013960000004,,2,0,gemmini_q31,V256D128_rvv,,
shard__networks_depth_nav_gempair__greedy_periodic,depth_nav,gempair,shard,greedy_periodic,True,heuristic,,0,590.1500289999999,410,410,487.0013960000005,3.071497678756714,,,,,,,0,0.0,0.41260812680566733,,487.0013960000004,,2,0,gemmini_q31,V256D128_rvv,,
shard__networks_depth_nav_gempair__decomposed,depth_nav,gempair,shard,decomposed,True,heuristic,,0,590.1583069999998,410,410,487.0013960000005,3.0678067207336426,,,,,,,0,0.0,0.412602339256745,,487.0013960000004,,2,0,gemmini_q31,V256D128_rvv,,
shard__networks_depth_nav_gempair__milp,depth_nav,gempair,shard,milp,False,,,,,,,,,,,,,,,,,,,,,0,0,,,not_attempted_budget,not_attempted_budget
shard__networks_depth_nav_hetero__greedy,depth_nav,hetero,shard,greedy,True,heuristic,,0,431.27555499999977,410,410,155.85803800000048,3.03212308883667,,,,,,,0,0.0,0.1009800845308749,0.2604084435066112,43.55024199999996,112.30779599999983,1,1,gemmini_q31,V256D128_rvv,,
shard__networks_depth_nav_hetero__greedy_periodic,depth_nav,hetero,shard,greedy_periodic,True,heuristic,,0,431.27555499999977,410,410,155.85803800000048,3.0012619495391846,,,,,,,0,0.0,0.1009800845308749,0.2604084435066112,43.55024199999996,112.30779599999983,1,1,gemmini_q31,V256D128_rvv,,
shard__networks_depth_nav_hetero__decomposed,depth_nav,hetero,shard,decomposed,True,heuristic,,0,430.9120559999997,410,410,166.95566200000042,2.785020112991333,,,,,,,0,0.0,0.12773437232398996,0.25971281017024944,55.04228099999998,111.91338099999982,1,1,gemmini_q31,V256D128_rvv,,
shard__networks_depth_nav_hetero__milp,depth_nav,hetero,shard,milp,False,,,,,,,,,,,,,,,,,,,,,0,0,,,not_attempted_budget,not_attempted_budget
shard__networks_depth_nav_quad__greedy,depth_nav,quad,shard,greedy,True,heuristic,,0,429.50886699999967,410,410,146.50896000000049,4.766395807266235,,,,,,,0,0.0,0.038952562532312066,0.1316014949698349,33.46094199999999,113.04801799999987,2,2,gemmini_q31,V256D128_rvv,,
shard__networks_depth_nav_quad__greedy_periodic,depth_nav,quad,shard,greedy_periodic,True,heuristic,,0,429.50886699999967,410,410,146.50896000000049,4.7069737911224365,,,,,,,0,0.0,0.038952562532312066,0.1316014949698349,33.46094199999999,113.04801799999987,2,2,gemmini_q31,V256D128_rvv,,
shard__networks_depth_nav_quad__decomposed,depth_nav,quad,shard,decomposed,True,heuristic,,0,429.46864399999964,410,410,146.5119080000005,3.793177604675293,,,,,,,0,0.0,0.03874527566208072,0.13182818767090243,33.27976199999999,113.23214599999987,2,2,gemmini_q31,V256D128_rvv,,
shard__networks_depth_nav_quad__milp,depth_nav,quad,shard,milp,False,,,,,,,,,,,,,,,,,,,,,0,0,,,not_attempted_budget,not_attempted_budget
shard__networks_depth_nav_rvvpair__greedy,depth_nav,rvvpair,shard,greedy,True,heuristic,,0,220.47534400000006,410,410,187.82720800000055,3.4888033866882324,,,,,,,0,0.0,,0.4259596664922323,,187.82720800000044,0,2,gemmini_q31,V256D128_rvv,,
shard__networks_depth_nav_rvvpair__greedy_periodic,depth_nav,rvvpair,shard,greedy_periodic,True,heuristic,,0,220.47534400000006,410,410,187.82720800000055,3.4629745483398438,,,,,,,0,0.0,,0.4259596664922323,,187.82720800000044,0,2,gemmini_q31,V256D128_rvv,,
shard__networks_depth_nav_rvvpair__decomposed,depth_nav,rvvpair,shard,decomposed,True,heuristic,,0,220.47534400000006,410,410,187.82720800000055,3.0492560863494873,,,,,,,0,0.0,,0.4259596664922309,,187.8272079999998,0,2,gemmini_q31,V256D128_rvv,,
shard__networks_depth_nav_rvvpair__milp,depth_nav,rvvpair,shard,milp,False,,,,,,,,,,,,,,,,,,,,,0,0,,,not_attempted_budget,not_attempted_budget
shard__networks_perception_heavy_gempair__greedy,perception_heavy,gempair,shard,greedy,True,heuristic,,0,132.729981,228,28,197.33964399999974,2.177452802658081,,,,,,,0,0.0,0.7433875998219269,,197.33964399999994,,2,0,gemmini_q31,V256D128_rvv,,
shard__networks_perception_heavy_gempair__greedy_periodic,perception_heavy,gempair,shard,greedy_periodic,True,heuristic,,0,132.729981,228,28,197.33964399999974,2.1900579929351807,,,,,,,0,0.0,0.7433875998219269,,197.33964399999994,,2,0,gemmini_q31,V256D128_rvv,,
shard__networks_perception_heavy_gempair__decomposed,perception_heavy,gempair,shard,decomposed,True,heuristic,,0,132.729981,228,28,197.33964399999974,1.7815699577331543,,,,,,,0,0.0,0.7433875998219269,,197.33964399999994,,2,0,gemmini_q31,V256D128_rvv,,
shard__networks_perception_heavy_gempair__milp,perception_heavy,gempair,shard,milp,False,,False,1,,,,,875.6037225723267,,,116.41,,,,,,,,,,0,0,,,out_of_memory_mosek_solve,run failed (rc=1) or no schedule json
shard__networks_perception_heavy_hetero__greedy,perception_heavy,hetero,shard,greedy,True,heuristic,,0,122.88301000000004,228,28,160.0332520000001,2.100128173828125,,,,,,,0,0.0,0.8150247865835967,0.48729725126362045,100.15269900000001,59.880553000000006,1,1,gemmini_q31,V256D128_rvv,,
shard__networks_perception_heavy_hetero__greedy_periodic,perception_heavy,hetero,shard,greedy_periodic,True,heuristic,,0,129.924741,228,28,165.32062500000004,2.0872299671173096,,,,,,,0,0.0,0.8201182636954416,0.45231548316113246,106.55365299999997,58.766972,1,1,gemmini_q31,V256D128_rvv,,
shard__networks_perception_heavy_hetero__decomposed,perception_heavy,hetero,shard,decomposed,True,heuristic,,0,122.88301000000004,228,28,160.0332520000001,1.8256444931030273,,,,,,,0,0.0,0.8150247865835967,0.48729725126362045,100.15269900000001,59.880553000000006,1,1,gemmini_q31,V256D128_rvv,,
shard__networks_perception_heavy_hetero__milp,perception_heavy,hetero,shard,milp,True,optimal_inaccurate,False,0,133.6100978755132,228,28,155.4318860000001,258.9034209251404,125.4,120.2,120.15,0.42202912326284364,133.6100978755,77.22274541004,0,0.0,0.8773678551543366,0.2859565377730493,117.22520499999999,38.206681,1,1,gemmini_q31,V256D128_rvv,,
shard__networks_perception_heavy_quad__greedy,perception_heavy,quad,shard,greedy,True,heuristic,,0,83.01467900000003,228,28,150.42991500000016,2.481578826904297,,,,,,,0,0.0,0.5752835893035253,0.3307604791196022,95.51396500000001,54.91594999999998,2,2,gemmini_q31,V256D128_rvv,,
shard__networks_perception_heavy_quad__greedy_periodic,perception_heavy,quad,shard,greedy_periodic,True,heuristic,,0,82.01294600000003,228,28,150.27325200000007,2.525115728378296,,,,,,,3,4.565823000000002,0.5631627718872579,0.35299290431537456,92.37327600000003,57.89997599999998,2,2,gemmini_q31,V256D128_rvv,,
shard__networks_perception_heavy_quad__decomposed,perception_heavy,quad,shard,decomposed,True,heuristic,,0,83.01467900000003,228,28,150.42991500000016,1.7887616157531738,,,,,,,0,0.0,0.5752835893035253,0.3307604791196022,95.51396500000001,54.91594999999998,2,2,gemmini_q31,V256D128_rvv,,
shard__networks_perception_heavy_quad__milp,perception_heavy,quad,shard,milp,False,,True,-9,,,,,1200.5611515045166,,,,,,,,,,,,,0,0,,,wall_clock_timeout,run failed (rc=-9) or no schedule json
shard__networks_perception_heavy_rvvpair__greedy,perception_heavy,rvvpair,shard,greedy,True,heuristic,,0,182.21574600000002,228,28,293.93892100000005,2.140881061553955,,,,,,,0,0.0,,0.8065683878933276,,293.93892100000016,0,2,gemmini_q31,V256D128_rvv,,
shard__networks_perception_heavy_rvvpair__greedy_periodic,perception_heavy,rvvpair,shard,greedy_periodic,True,heuristic,,0,178.87938600000007,228,28,293.93892100000005,2.14282488822937,,,,,,,0,0.0,,0.8216120581943409,,293.93892100000005,0,2,gemmini_q31,V256D128_rvv,,
shard__networks_perception_heavy_rvvpair__decomposed,perception_heavy,rvvpair,shard,decomposed,True,heuristic,,0,182.21574600000002,228,28,293.93892100000005,1.7876403331756592,,,,,,,0,0.0,,0.8065683878933276,,293.93892100000016,0,2,gemmini_q31,V256D128_rvv,,
shard__networks_perception_heavy_rvvpair__milp,perception_heavy,rvvpair,shard,milp,False,,False,1,,,,,903.8510494232178,,,120.2,,,145.918506,,,,,,,0,0,,,other,run failed (rc=1) or no schedule json
shard__networks_saturation_gempair__greedy,saturation,gempair,shard,greedy,True,heuristic,,0,138.84204699999998,619,338,231.03731699999966,7.92960262298584,,,,,,,0,0.0,0.832014947892551,,231.0373170000002,,2,0,gemmini_q31,V256D128_rvv,,
shard__networks_saturation_gempair__greedy_periodic,saturation,gempair,shard,greedy_periodic,True,heuristic,,0,123.89171700000014,619,338,231.03731699999966,17.36674976348877,,,,,,,22,88.7070040000001,0.9324163172264368,,231.03731700000014,,2,0,gemmini_q31,V256D128_rvv,,
shard__networks_saturation_gempair__decomposed,saturation,gempair,shard,decomposed,True,heuristic,,0,140.13265199999995,619,338,231.03731699999966,5.493853569030762,,,,,,,9,2.575000000000003,0.824352189523967,,231.03731700000017,,2,0,gemmini_q31,V256D128_rvv,,
shard__networks_saturation_gempair__milp,saturation,gempair,shard,milp,False,,,,,,,,,,,,,,,,,,,,,0,0,,,not_attempted_budget,not_attempted_budget
shard__networks_saturation_hetero__greedy,saturation,hetero,shard,greedy,True,heuristic,,0,115.25249799999997,619,338,155.91361699999968,8.25195598602295,,,,,,,0,0.0,0.8779124249437096,0.4748879022127585,101.18160000000002,54.732017000000134,1,1,gemmini_q31,V256D128_rvv,,
shard__networks_saturation_hetero__greedy_periodic,saturation,hetero,shard,greedy_periodic,True,heuristic,,0,111.38486200000004,619,338,156.25761999999955,9.328415393829346,,,,,,,15,42.142854000000014,0.8870731464388759,0.5157891204282332,98.80652000000002,57.45110000000015,1,1,gemmini_q31,V256D128_rvv,,
shard__networks_saturation_hetero__decomposed,saturation,hetero,shard,decomposed,True,heuristic,,0,118.35234499999999,619,338,165.78039299999958,4.597537994384766,,,,,,,0,0.0,0.8790675419232298,0.5216684806710009,104.03970500000004,61.74068800000012,1,1,gemmini_q31,V256D128_rvv,,
shard__networks_saturation_hetero__milp,saturation,hetero,shard,milp,False,,,,,,,,,,,,,,,,,,,,,0,0,,,not_attempted_budget,not_attempted_budget
shard__networks_saturation_quad__greedy,saturation,quad,shard,greedy,True,heuristic,,0,68.38559099999999,549,268,136.96316899999977,19.864739894866943,,,,,,,0,0.0,0.6661676872837143,0.33523602216145226,91.11254199999996,45.85062700000002,2,2,gemmini_q31,V256D128_rvv,,
shard__networks_saturation_quad__greedy_periodic,saturation,quad,shard,greedy_periodic,True,heuristic,,0,64.71804399999996,549,268,136.3463719999997,24.936801195144653,,,,,,,19,38.81115699999995,0.671910788898379,0.38147682584473674,86.96950399999996,49.376867999999995,2,2,gemmini_q31,V256D128_rvv,,
shard__networks_saturation_quad__decomposed,saturation,quad,shard,decomposed,True,heuristic,,0,68.341274,549,268,151.11438199999972,7.037265300750732,,,,,,,0,0.0,0.7134140782918386,0.3921724374058348,97.51125399999998,53.603128000000005,2,2,gemmini_q31,V256D128_rvv,,
shard__networks_saturation_quad__milp,saturation,quad,shard,milp,False,,,,,,,,,,,,,,,,,,,,,0,0,,,not_attempted_budget,not_attempted_budget
shard__networks_saturation_rvvpair__greedy,saturation,rvvpair,shard,greedy,True,heuristic,,0,161.74792100000013,619,338,282.5965919999997,9.024134159088135,,,,,,,0,0.0,,0.873571017954535,,282.59659199999965,0,2,gemmini_q31,V256D128_rvv,,
shard__networks_saturation_rvvpair__greedy_periodic,saturation,rvvpair,shard,greedy_periodic,True,heuristic,,0,145.84505900000008,619,338,282.5965919999997,13.008693218231201,,,,,,,16,43.494036000000044,,0.9688247032078046,,282.59659199999965,0,2,gemmini_q31,V256D128_rvv,,
shard__networks_saturation_rvvpair__decomposed,saturation,rvvpair,shard,decomposed,True,heuristic,,0,158.36999900000006,619,338,282.5965919999997,5.354694843292236,,,,,,,0,0.0,,0.8922036805720998,,282.59659199999965,0,2,gemmini_q31,V256D128_rvv,,
shard__networks_saturation_rvvpair__milp,saturation,rvvpair,shard,milp,False,,,,,,,,,,,,,,,,,,,,,0,0,,,not_attempted_budget,not_attempted_budget
shard__networks_scale_ladder_gempair__greedy,scale_ladder,gempair,shard,greedy,True,heuristic,,0,73.72996300000001,211,0,141.51844500000016,2.1922154426574707,,,,,,,0,0.0,0.959707825975716,,141.51844499999999,,2,0,gemmini_q31,V256D128_rvv,,
shard__networks_scale_ladder_gempair__greedy_periodic,scale_ladder,gempair,shard,greedy_periodic,True,heuristic,,0,73.72996300000001,211,0,141.51844500000016,2.213900566101074,,,,,,,0,0.0,0.959707825975716,,141.51844499999999,,2,0,gemmini_q31,V256D128_rvv,,
shard__networks_scale_ladder_gempair__decomposed,scale_ladder,gempair,shard,decomposed,True,heuristic,,0,73.72996300000001,211,0,141.51844500000016,1.7201814651489258,,,,,,,0,0.0,0.959707825975716,,141.51844499999999,,2,0,gemmini_q31,V256D128_rvv,,
shard__networks_scale_ladder_gempair__milp,scale_ladder,gempair,shard,milp,False,,True,-9,,,,,1200.7569918632507,,,,,,,,,,,,,0,0,,,wall_clock_timeout,run failed (rc=-9) or no schedule json
shard__networks_scale_ladder_hetero__greedy,scale_ladder,hetero,shard,greedy,True,heuristic,,0,68.528527,211,0,123.30841800000003,2.061197519302368,,,,,,,0,0.0,0.9024507997961199,0.8969227370084872,61.84362399999999,61.46479400000001,1,1,gemmini_q31,V256D128_rvv,,
shard__networks_scale_ladder_hetero__greedy_periodic,scale_ladder,hetero,shard,greedy_periodic,True,heuristic,,0,68.528527,211,0,123.30841800000003,2.0799524784088135,,,,,,,0,0.0,0.9024507997961199,0.8969227370084872,61.84362399999999,61.46479400000001,1,1,gemmini_q31,V256D128_rvv,,
shard__networks_scale_ladder_hetero__decomposed,scale_ladder,hetero,shard,decomposed,True,heuristic,,0,68.528527,211,0,123.30841800000003,1.7399325370788574,,,,,,,0,0.0,0.9024507997961199,0.8969227370084872,61.84362399999999,61.46479400000001,1,1,gemmini_q31,V256D128_rvv,,
shard__networks_scale_ladder_hetero__milp,scale_ladder,hetero,shard,milp,True,optimal_inaccurate,False,0,118.16260436698428,211,0,134.5480300000001,531.8345265388489,375.6,120.3,120.2,0.5976335289405817,118.162604367,47.54467013034,0,0.0,0.9981137486925055,0.14055470500987466,117.9397200000001,16.608310000000003,1,1,gemmini_q31,V256D128_rvv,,
shard__networks_scale_ladder_quad__greedy,scale_ladder,quad,shard,greedy,True,heuristic,,0,56.632367,211,0,120.88205100000005,2.6818978786468506,,,,,,,0,0.0,0.4681935155562188,0.5990588120747273,53.02981399999999,67.85223699999999,2,2,gemmini_q31,V256D128_rvv,,
shard__networks_scale_ladder_quad__greedy_periodic,scale_ladder,quad,shard,greedy_periodic,True,heuristic,,0,56.632367,211,0,120.88205100000005,2.7377867698669434,,,,,,,0,0.0,0.4681935155562188,0.5990588120747273,53.02981399999999,67.85223699999999,2,2,gemmini_q31,V256D128_rvv,,
shard__networks_scale_ladder_quad__decomposed,scale_ladder,quad,shard,decomposed,True,heuristic,,0,56.632367,211,0,120.88205100000005,1.7179460525512695,,,,,,,0,0.0,0.4681935155562188,0.5990588120747273,53.02981399999999,67.85223699999999,2,2,gemmini_q31,V256D128_rvv,,
shard__networks_scale_ladder_quad__milp,scale_ladder,quad,shard,milp,False,,False,-11,,,,,571.1667151451111,,,,,,,,,,,,,0,0,,,out_of_memory_model_build,run failed (rc=-11) or no schedule json
shard__networks_scale_ladder_rvvpair__greedy,scale_ladder,rvvpair,shard,greedy,True,heuristic,,0,74.792667,211,0,148.626472,2.223867416381836,,,,,,,0,0.0,,0.9935898662364856,,148.626472,0,2,gemmini_q31,V256D128_rvv,,
shard__networks_scale_ladder_rvvpair__greedy_periodic,scale_ladder,rvvpair,shard,greedy_periodic,True,heuristic,,0,74.792667,211,0,148.626472,2.2183938026428223,,,,,,,0,0.0,,0.9935898662364856,,148.626472,0,2,gemmini_q31,V256D128_rvv,,
shard__networks_scale_ladder_rvvpair__decomposed,scale_ladder,rvvpair,shard,decomposed,True,heuristic,,0,74.792667,211,0,148.626472,1.7159450054168701,,,,,,,0,0.0,,0.9935898662364856,,148.626472,0,2,gemmini_q31,V256D128_rvv,,
shard__networks_scale_ladder_rvvpair__milp,scale_ladder,rvvpair,shard,milp,False,,True,-9,,,,,1200.838460445404,,,,,,,,,,,,,0,0,,,wall_clock_timeout,run failed (rc=-9) or no schedule json
shard__networks_tight_loop_gempair__greedy,tight_loop,gempair,shard,greedy,True,heuristic,,0,71.89040300000002,308,308,141.4339600000001,3.705648422241211,,,,,,,4,65.04671000000002,0.9836776127127841,,141.43395999999998,,2,0,gemmini_q31,V256D128_rvv,,
shard__networks_tight_loop_gempair__greedy_periodic,tight_loop,gempair,shard,greedy_periodic,True,heuristic,,0,71.89040300000002,308,308,141.4339600000001,3.699420690536499,,,,,,,4,65.04671000000002,0.9836776127127841,,141.43395999999998,,2,0,gemmini_q31,V256D128_rvv,,
shard__networks_tight_loop_gempair__decomposed,tight_loop,gempair,shard,decomposed,True,heuristic,,0,71.05814200000005,308,308,141.4339600000001,6.258405685424805,,,,,,,28,61.934142000000044,0.9951988330907939,,141.43395999999996,,2,0,gemmini_q31,V256D128_rvv,,
shard__networks_tight_loop_gempair__milp,tight_loop,gempair,shard,milp,False,infeasible,False,1,,,,,956.4325349330902,914.3,0.2861,0.14,,,,,,,,,,0,0,,,milp_proved_infeasible,run failed (rc=1) or no schedule json
shard__networks_tight_loop_hetero__greedy,tight_loop,hetero,shard,greedy,True,heuristic,,0,77.07119900000001,308,308,140.54782100000006,3.0578114986419678,,,,,,,4,63.42670200000002,0.9023583115659065,0.9212518414304157,69.54583699999999,71.00198400000002,1,1,gemmini_q31,V256D128_rvv,,
shard__networks_tight_loop_hetero__greedy_periodic,tight_loop,hetero,shard,greedy_periodic,True,heuristic,,0,77.07119900000001,308,308,140.54782100000006,3.102720260620117,,,,,,,4,63.42670200000002,0.9023583115659065,0.9212518414304157,69.54583699999999,71.00198400000002,1,1,gemmini_q31,V256D128_rvv,,
shard__networks_tight_loop_hetero__decomposed,tight_loop,hetero,shard,decomposed,True,heuristic,,0,71.08095500000002,308,308,140.70180200000013,4.278042554855347,,,,,,,28,56.608955000000016,0.9863402932613943,0.9931182269568551,70.11000999999999,70.59179200000003,1,1,gemmini_q31,V256D128_rvv,,
shard__networks_tight_loop_hetero__milp,tight_loop,hetero,shard,milp,False,infeasible,False,1,,,,,213.45330595970154,200.0,0.1391,0.07,,,,,,,,,,0,0,,,milp_proved_infeasible,run failed (rc=1) or no schedule json
shard__networks_tight_loop_quad__greedy,tight_loop,quad,shard,greedy,True,heuristic,,0,43.365896,308,308,140.47523500000008,5.438992500305176,,,,,,,4,32.511230000000005,0.8380550928775921,0.7815959227499877,72.68602,67.789215,2,2,gemmini_q31,V256D128_rvv,,
shard__networks_tight_loop_quad__greedy_periodic,tight_loop,quad,shard,greedy_periodic,True,heuristic,,0,43.365896,308,308,140.47523500000008,5.450730323791504,,,,,,,4,32.511230000000005,0.8380550928775921,0.7815959227499877,72.68602,67.789215,2,2,gemmini_q31,V256D128_rvv,,
shard__networks_tight_loop_quad__decomposed,tight_loop,quad,shard,decomposed,True,heuristic,,0,46.59276300000001,308,308,140.35258100000007,8.264057874679565,,,,,,,28,32.72339800000001,0.7919984483427177,0.714164440086972,73.802792,66.54978899999999,2,2,gemmini_q31,V256D128_rvv,,
shard__networks_tight_loop_quad__milp,tight_loop,quad,shard,milp,False,,True,-9,,,,,1200.5495858192444,,,,,,,,,,,,,0,0,,,wall_clock_timeout,run failed (rc=-9) or no schedule json
shard__networks_tight_loop_rvvpair__greedy,tight_loop,rvvpair,shard,greedy,True,heuristic,,0,71.528877,308,308,140.16581200000002,3.697716236114502,,,,,,,4,60.674327000000005,,0.9797847937693753,,140.16581200000002,0,2,gemmini_q31,V256D128_rvv,,
shard__networks_tight_loop_rvvpair__greedy_periodic,tight_loop,rvvpair,shard,greedy_periodic,True,heuristic,,0,71.528877,308,308,140.16581200000002,3.6752982139587402,,,,,,,4,60.674327000000005,,0.9797847937693753,,140.16581200000002,0,2,gemmini_q31,V256D128_rvv,,
shard__networks_tight_loop_rvvpair__decomposed,tight_loop,rvvpair,shard,decomposed,True,heuristic,,0,70.55112,308,308,140.16581200000002,5.438680171966553,,,,,,,28,56.079119999999996,,0.9933634788505131,,140.16581200000002,0,2,gemmini_q31,V256D128_rvv,,
shard__networks_tight_loop_rvvpair__milp,tight_loop,rvvpair,shard,milp,False,infeasible,False,1,,,,,959.3891825675964,920.3,0.2915,0.15,,,,,,,,,,0,0,,,milp_proved_infeasible,run failed (rc=1) or no schedule json
shard__networks_vint_intro_gempair__greedy,vint_intro,gempair,shard,greedy,True,heuristic,,0,4086.6037580000007,669,64,5270.669515000005,4.636830568313599,,,,,,,0,0.0,0.6448716130946209,,5270.6695150000005,,2,0,gemmini_q31,V256D128_rvv,,
shard__networks_vint_intro_gempair__greedy_periodic,vint_intro,gempair,shard,greedy_periodic,True,heuristic,,0,4086.6037580000007,669,64,5270.669515000005,4.657354831695557,,,,,,,1,1.8954130000000031,0.644871613094621,,5270.669515000001,,2,0,gemmini_q31,V256D128_rvv,,
shard__networks_vint_intro_gempair__decomposed,vint_intro,gempair,shard,decomposed,True,heuristic,,0,4086.6037580000007,669,64,5270.669515000005,3.330904006958008,,,,,,,0,0.0,0.6448716130946209,,5270.6695150000005,,2,0,gemmini_q31,V256D128_rvv,,
shard__networks_vint_intro_gempair__milp,vint_intro,gempair,shard,milp,False,,,,,,,,,,,,,,,,,,,,,0,0,,,not_attempted_budget,not_attempted_budget
shard__networks_vint_intro_hetero__greedy,vint_intro,hetero,shard,greedy,True,heuristic,,0,4472.2742219999955,669,64,5195.750968000007,4.151636600494385,,,,,,,0,0.0,0.9814908167766652,0.18027850014962718,4389.4960790000005,806.2548889999999,1,1,gemmini_q31,V256D128_rvv,,
shard__networks_vint_intro_hetero__greedy_periodic,vint_intro,hetero,shard,greedy_periodic,True,heuristic,,0,4472.389936999995,669,64,5195.799998000007,4.137113332748413,,,,,,,0,0.0,0.9814912956683018,0.18025892539700542,4389.611794,806.1882039999999,1,1,gemmini_q31,V256D128_rvv,,
shard__networks_vint_intro_hetero__decomposed,vint_intro,hetero,shard,decomposed,True,heuristic,,0,4472.2742219999955,669,64,5195.750968000007,3.347716808319092,,,,,,,0,0.0,0.9814908167766652,0.18027850014962718,4389.4960790000005,806.2548889999999,1,1,gemmini_q31,V256D128_rvv,,
shard__networks_vint_intro_hetero__milp,vint_intro,hetero,shard,milp,False,,,,,,,,,,,,,,,,,,,,,0,0,,,not_attempted_budget,not_attempted_budget
shard__networks_vint_intro_quad__greedy,vint_intro,quad,shard,greedy,True,heuristic,,0,3844.6859930000014,669,64,5098.141806000006,5.648869037628174,,,,,,,0,0.0,0.5894512429951779,0.07356022468802954,4532.509875000002,565.6319310000001,2,2,gemmini_q31,V256D128_rvv,,
shard__networks_vint_intro_quad__greedy_periodic,vint_intro,quad,shard,greedy_periodic,True,heuristic,,0,3844.6859930000014,669,64,5098.141806000006,5.648385047912598,,,,,,,0,0.0,0.5894512429951779,0.07356022468802952,4532.509875000002,565.631931,2,2,gemmini_q31,V256D128_rvv,,
shard__networks_vint_intro_quad__decomposed,vint_intro,quad,shard,decomposed,True,heuristic,,0,3844.6859930000014,669,64,5098.141806000006,3.3039889335632324,,,,,,,0,0.0,0.5894512429951779,0.07356022468802954,4532.509875000002,565.6319310000001,2,2,gemmini_q31,V256D128_rvv,,
shard__networks_vint_intro_quad__milp,vint_intro,quad,shard,milp,False,,,,,,,,,,,,,,,,,,,,,0,0,,,not_attempted_budget,not_attempted_budget
shard__networks_vint_intro_rvvpair__greedy,vint_intro,rvvpair,shard,greedy,True,heuristic,,0,12234.593211999992,669,64,17023.27126799999,4.7313549518585205,,,,,,,0,0.0,,0.6957023814777569,,17023.271267999986,0,2,gemmini_q31,V256D128_rvv,,
shard__networks_vint_intro_rvvpair__greedy_periodic,vint_intro,rvvpair,shard,greedy_periodic,True,heuristic,,0,12234.593211999992,669,64,17023.27126799999,4.803879976272583,,,,,,,0,0.0,,0.695702381477757,,17023.27126799999,0,2,gemmini_q31,V256D128_rvv,,
shard__networks_vint_intro_rvvpair__decomposed,vint_intro,rvvpair,shard,decomposed,True,heuristic,,0,12234.593211999992,669,64,17023.27126799999,3.324676990509033,,,,,,,0,0.0,,0.6957023814777569,,17023.271267999986,0,2,gemmini_q31,V256D128_rvv,,
shard__networks_vint_intro_rvvpair__milp,vint_intro,rvvpair,shard,milp,False,,,,,,,,,,,,,,,,,,,,,0,0,,,not_attempted_budget,not_attempted_budget
shard__networks_vint_multi_gempair__greedy,vint_multi,gempair,shard,greedy,True,heuristic,,0,4106.564548000001,801,196,5282.87553500001,5.957803726196289,,,,,,,0,0.0,0.6432232433279168,,5282.875535000003,,2,0,gemmini_q31,V256D128_rvv,,
shard__networks_vint_multi_gempair__greedy_periodic,vint_multi,gempair,shard,greedy_periodic,True,heuristic,,0,4106.564548000001,801,196,5282.87553500001,5.982371807098389,,,,,,,3,6.497405999999998,0.643223243327917,,5282.875535000005,,2,0,gemmini_q31,V256D128_rvv,,
shard__networks_vint_multi_gempair__decomposed,vint_multi,gempair,shard,decomposed,True,heuristic,,0,4106.569822000001,801,196,5282.87553500001,4.0540032386779785,,,,,,,0,0.0,0.6432224172468972,,5282.875535000003,,2,0,gemmini_q31,V256D128_rvv,,
shard__networks_vint_multi_gempair__milp,vint_multi,gempair,shard,milp,False,,,,,,,,,,,,,,,,,,,,,0,0,,,not_attempted_budget,not_attempted_budget
shard__networks_vint_multi_hetero__greedy,vint_multi,hetero,shard,greedy,True,heuristic,,0,4546.946558999996,801,196,5210.4709119999925,5.113149404525757,,,,,,,0,0.0,0.9673761795800333,0.17855127841629007,4398.607790999995,811.8631210000004,1,1,gemmini_q31,V256D128_rvv,,
shard__networks_vint_multi_hetero__greedy_periodic,vint_multi,hetero,shard,greedy_periodic,True,heuristic,,0,4546.946558999996,801,196,5213.679462000001,5.090730905532837,,,,,,,7,101.44220599999998,0.9675852280013575,0.17904787937051303,4399.558322999999,814.1211390000007,1,1,gemmini_q31,V256D128_rvv,,
shard__networks_vint_multi_hetero__decomposed,vint_multi,hetero,shard,decomposed,True,heuristic,,0,4546.672447999997,801,196,5213.597382999994,3.936016321182251,,,,,,,0,0.0,0.967692034409777,0.17899214894136156,4399.778710999998,813.8186720000003,1,1,gemmini_q31,V256D128_rvv,,
shard__networks_vint_multi_hetero__milp,vint_multi,hetero,shard,milp,False,,,,,,,,,,,,,,,,,,,,,0,0,,,not_attempted_budget,not_attempted_budget
shard__networks_vint_multi_quad__greedy,vint_multi,quad,shard,greedy,True,heuristic,,0,4010.631018000003,801,196,5105.692298999996,7.723150014877319,,,,,,,0,0.0,0.568561117506422,0.06795870644213914,4560.577707000001,545.1145919999998,2,2,gemmini_q31,V256D128_rvv,,
shard__networks_vint_multi_quad__greedy_periodic,vint_multi,quad,shard,greedy_periodic,True,heuristic,,0,4010.631018000003,801,196,5112.740289999994,7.991497993469238,,,,,,,0,0.0,0.5682800758212254,0.06911841173019116,4558.323398,554.4168919999998,2,2,gemmini_q31,V256D128_rvv,,
shard__networks_vint_multi_quad__decomposed,vint_multi,quad,shard,decomposed,True,heuristic,,0,4010.540059000003,801,196,5105.974515999995,4.233630657196045,,,,,,,0,0.0,0.5685525634840686,0.06801688113994715,4560.405662999999,545.5688529999996,2,2,gemmini_q31,V256D128_rvv,,
shard__networks_vint_multi_quad__milp,vint_multi,quad,shard,milp,False,,,,,,,,,,,,,,,,,,,,,0,0,,,not_attempted_budget,not_attempted_budget
shard__networks_vint_multi_rvvpair__greedy,vint_multi,rvvpair,shard,greedy,True,heuristic,,0,12334.900277999994,801,196,17063.371575999954,5.918812990188599,,,,,,,0,0.0,,0.6916704307060155,,17063.371576000012,0,2,gemmini_q31,V256D128_rvv,,
shard__networks_vint_multi_rvvpair__greedy_periodic,vint_multi,rvvpair,shard,greedy_periodic,True,heuristic,,0,12334.900277999994,801,196,17063.371575999954,6.0530006885528564,,,,,,,0,0.0,,0.6916704307060152,,17063.371576000005,0,2,gemmini_q31,V256D128_rvv,,
shard__networks_vint_multi_rvvpair__decomposed,vint_multi,rvvpair,shard,decomposed,True,heuristic,,0,12334.900277999994,801,196,17063.371575999954,3.8112664222717285,,,,,,,0,0.0,,0.6916704307060151,,17063.371576,0,2,gemmini_q31,V256D128_rvv,,
shard__networks_vint_multi_rvvpair__milp,vint_multi,rvvpair,shard,milp,False,,,,,,,,,,,,,,,,,,,,,0,0,,,not_attempted_budget,not_attempted_budget
