entry_id,network,instance,dispatch_id,op,name,kind,hart,actual_start_ms,actual_end_ms,actual_duration_ms
0,yolov8_nano,0,0,,,gemmini_q31,0,199.597000,210.528000,10.931000
1,yolov8_nano,0,1,,,gemmini_q31,0,210.528000,238.772000,28.244000
2,yolov8_nano,0,2,,,gemmini_q31,0,238.772000,243.176000,4.404000
3,yolov8_nano,0,3,,,gemmini_q31,0,243.176000,256.800000,13.624000
4,yolov8_nano,0,4,,,gemmini_q31,0,256.800000,259.830000,3.030000
5,yolov8_nano,0,5,,,gemmini_q31,0,259.830000,273.558000,13.728000
6,yolov8_nano,0,6,,,gemmini_q31,0,273.558000,276.370000,2.812000
7,yolov8_nano,0,7,,,gemmini_q31,0,276.370000,283.399000,7.029000
8,yolov8_nano,0,8,,,gemmini_q31,0,283.399000,286.195000,2.796000
9,yolov8_nano,0,9,,,gemmini_q31,0,286.195000,293.261000,7.066000
10,yolov8_nano,0,10,,,gemmini_q31,0,293.261000,294.087000,0.826000
11,yolov8_nano,0,11,,,gemmini_q31,0,294.087000,294.925000,0.838000
12,yolov8_nano,0,12,,,gemmini_q31,0,294.926000,298.169000,3.243000
13,yolov8_nano,0,13,,,gemmini_q31,0,298.169000,312.234000,14.065000
14,yolov8_nano,0,14,,,gemmini_q31,0,312.234000,314.118000,1.884000
15,yolov8_nano,0,15,,,gemmini_q31,0,314.119000,321.132000,7.013000
16,yolov8_nano,0,16,,,gemmini_q31,0,321.133000,322.469000,1.336000
17,yolov8_nano,0,17,,,gemmini_q31,0,322.469000,329.403000,6.934000
18,yolov8_nano,0,18,,,gemmini_q31,0,329.404000,330.469000,1.065000
19,yolov8_nano,0,19,,,gemmini_q31,0,330.470000,333.809000,3.339000
20,yolov8_nano,0,20,,,gemmini_q31,0,333.809000,334.870000,1.061000
21,yolov8_nano,0,21,,,gemmini_q31,0,334.870000,338.288000,3.418000
22,yolov8_nano,0,22,,,gemmini_q31,0,338.288000,338.707000,0.419000
23,yolov8_nano,0,23,,,gemmini_q31,0,338.708000,339.786000,1.078000
24,yolov8_nano,0,24,,,gemmini_q31,0,339.787000,343.148000,3.361000
25,yolov8_nano,0,25,,,gemmini_q31,0,343.148000,344.203000,1.055000
26,yolov8_nano,0,26,,,gemmini_q31,0,344.203000,347.722000,3.519000
27,yolov8_nano,0,27,,,gemmini_q31,0,347.722000,348.138000,0.416000
28,yolov8_nano,0,28,,,gemmini_q31,0,348.138000,348.712000,0.574000
29,yolov8_nano,0,29,,,gemmini_q31,0,348.712000,350.295000,1.583000
30,yolov8_nano,0,30,,,gemmini_q31,0,350.295000,357.104000,6.809000
31,yolov8_nano,0,31,,,gemmini_q31,0,357.104000,358.048000,0.944000
32,yolov8_nano,0,32,,,gemmini_q31,0,358.048000,361.482000,3.434000
33,yolov8_nano,0,33,,,gemmini_q31,0,361.482000,362.156000,0.674000
34,yolov8_nano,0,34,,,gemmini_q31,0,362.156000,365.577000,3.421000
35,yolov8_nano,0,35,,,gemmini_q31,0,365.577000,366.064000,0.487000
36,yolov8_nano,0,36,,,gemmini_q31,0,366.065000,367.756000,1.691000
37,yolov8_nano,0,37,,,gemmini_q31,0,367.757000,368.233000,0.476000
38,yolov8_nano,0,38,,,gemmini_q31,0,368.233000,369.893000,1.660000
39,yolov8_nano,0,39,,,gemmini_q31,0,369.893000,370.105000,0.212000
40,yolov8_nano,0,40,,,gemmini_q31,0,370.105000,370.593000,0.488000
41,yolov8_nano,0,41,,,gemmini_q31,0,370.593000,372.305000,1.712000
42,yolov8_nano,0,42,,,gemmini_q31,0,372.306000,372.780000,0.474000
43,yolov8_nano,0,43,,,gemmini_q31,0,372.780000,374.500000,1.720000
44,yolov8_nano,0,44,,,gemmini_q31,0,374.500000,374.710000,0.210000
45,yolov8_nano,0,45,,,gemmini_q31,0,374.710000,374.997000,0.287000
46,yolov8_nano,0,46,,,gemmini_q31,0,374.997000,375.981000,0.984000
47,yolov8_nano,0,47,,,gemmini_q31,0,375.981000,379.369000,3.388000
48,yolov8_nano,0,48,,,gemmini_q31,0,379.369000,379.873000,0.504000
49,yolov8_nano,0,49,,,gemmini_q31,0,379.874000,381.595000,1.721000
50,yolov8_nano,0,50,,,gemmini_q31,0,381.595000,381.929000,0.334000
51,yolov8_nano,0,51,,,gemmini_q31,0,381.929000,383.679000,1.750000
52,yolov8_nano,0,52,,,gemmini_q31,0,383.679000,383.926000,0.247000
53,yolov8_nano,0,53,,,gemmini_q31,0,383.926000,384.753000,0.827000
54,yolov8_nano,0,54,,,gemmini_q31,0,384.753000,384.989000,0.236000
55,yolov8_nano,0,55,,,gemmini_q31,0,384.989000,385.819000,0.830000
56,yolov8_nano,0,56,,,gemmini_q31,0,385.819000,385.929000,0.110000
57,yolov8_nano,0,57,,,gemmini_q31,0,385.929000,386.039000,0.110000
58,yolov8_nano,0,58,,,gemmini_q31,0,386.039000,386.408000,0.369000
59,yolov8_nano,0,59,,,gemmini_q31,0,386.408000,388.118000,1.710000
60,yolov8_nano,0,60,,,gemmini_q31,0,388.118000,388.302000,0.184000
61,yolov8_nano,0,61,,,gemmini_q31,0,388.302000,389.212000,0.910000
62,yolov8_nano,0,62,,,gemmini_q31,0,389.212000,390.505000,1.293000
63,yolov8_nano,0,63,,,gemmini_q31,0,390.505000,391.774000,1.269000
64,yolov8_nano,0,64,,,gemmini_q31,0,391.775000,393.007000,1.232000
65,yolov8_nano,0,65,,,gemmini_q31,0,393.007000,393.135000,0.128000
66,yolov8_nano,0,66,,,gemmini_q31,0,393.135000,393.549000,0.414000
67,yolov8_nano,0,67,,,gemmini_q31,0,393.549000,395.261000,1.712000
68,yolov8_nano,0,68,,,gemmini_q31,0,395.261000,396.033000,0.772000
69,yolov8_nano,0,69,,,gemmini_q31,0,396.034000,396.432000,0.398000
70,yolov8_nano,0,70,,,gemmini_q31,0,396.432000,397.726000,1.294000
71,yolov8_nano,0,71,,,gemmini_q31,0,397.726000,401.119000,3.393000
72,yolov8_nano,0,72,,,gemmini_q31,0,401.119000,401.607000,0.488000
73,yolov8_nano,0,73,,,gemmini_q31,0,401.608000,403.302000,1.694000
74,yolov8_nano,0,74,,,gemmini_q31,0,403.303000,403.782000,0.479000
75,yolov8_nano,0,75,,,gemmini_q31,0,403.783000,405.474000,1.691000
76,yolov8_nano,0,76,,,gemmini_q31,0,405.474000,405.685000,0.211000
77,yolov8_nano,0,77,,,gemmini_q31,0,405.685000,406.485000,0.800000
78,yolov8_nano,0,78,,,gemmini_q31,0,406.485000,409.788000,3.303000
79,yolov8_nano,0,79,,,gemmini_q31,0,409.788000,410.977000,1.189000
80,yolov8_nano,0,80,,,gemmini_q31,0,410.977000,411.814000,0.837000
81,yolov8_nano,0,81,,,gemmini_q31,0,411.814000,413.665000,1.851000
82,yolov8_nano,0,82,,,gemmini_q31,0,413.666000,420.500000,6.834000
83,yolov8_nano,0,83,,,gemmini_q31,0,420.500000,421.580000,1.080000
84,yolov8_nano,0,84,,,gemmini_q31,0,421.580000,424.959000,3.379000
85,yolov8_nano,0,85,,,gemmini_q31,0,424.959000,426.017000,1.058000
86,yolov8_nano,0,86,,,gemmini_q31,0,426.017000,429.413000,3.396000
87,yolov8_nano,0,87,,,gemmini_q31,0,429.413000,429.831000,0.418000
88,yolov8_nano,0,88,,,gemmini_q31,0,429.831000,431.274000,1.443000
89,yolov8_nano,0,89,,,gemmini_q31,0,431.274000,438.035000,6.761000
90,yolov8_nano,0,90,,,gemmini_q31,0,438.035000,438.668000,0.633000
91,yolov8_nano,0,91,,,gemmini_q31,0,438.668000,440.365000,1.697000
92,yolov8_nano,0,92,,,gemmini_q31,0,440.366000,440.579000,0.213000
93,yolov8_nano,0,93,,,gemmini_q31,0,440.579000,441.375000,0.796000
94,yolov8_nano,0,94,,,gemmini_q31,0,441.375000,444.703000,3.328000
95,yolov8_nano,0,95,,,gemmini_q31,0,444.704000,445.192000,0.488000
96,yolov8_nano,0,96,,,gemmini_q31,0,445.192000,446.865000,1.673000
97,yolov8_nano,0,97,,,gemmini_q31,0,446.866000,447.344000,0.478000
98,yolov8_nano,0,98,,,gemmini_q31,0,447.345000,449.059000,1.714000
99,yolov8_nano,0,99,,,gemmini_q31,0,449.059000,449.269000,0.210000
100,yolov8_nano,0,100,,,gemmini_q31,0,449.269000,450.073000,0.804000
101,yolov8_nano,0,101,,,gemmini_q31,0,450.073000,453.421000,3.348000
102,yolov8_nano,0,102,,,gemmini_q31,0,453.421000,453.749000,0.328000
103,yolov8_nano,0,103,,,gemmini_q31,0,453.749000,454.592000,0.843000
104,yolov8_nano,0,104,,,gemmini_q31,0,454.592000,454.699000,0.107000
105,yolov8_nano,0,105,,,gemmini_q31,0,454.699000,455.064000,0.365000
106,yolov8_nano,0,106,,,gemmini_q31,0,455.065000,456.771000,1.706000
107,yolov8_nano,0,107,,,gemmini_q31,0,456.771000,457.020000,0.249000
108,yolov8_nano,0,108,,,gemmini_q31,0,457.020000,457.888000,0.868000
109,yolov8_nano,0,109,,,gemmini_q31,0,457.888000,458.131000,0.243000
110,yolov8_nano,0,110,,,gemmini_q31,0,458.131000,459.002000,0.871000
111,yolov8_nano,0,111,,,gemmini_q31,0,459.002000,459.107000,0.105000
112,yolov8_nano,0,112,,,gemmini_q31,0,459.107000,459.477000,0.370000
113,yolov8_nano,0,113,,,gemmini_q31,0,459.478000,461.164000,1.686000
114,yolov8_nano,0,114,,,gemmini_q31,0,461.164000,463.091000,1.927000
115,yolov8_nano,0,115,,,gemmini_q31,0,463.091000,469.873000,6.782000
116,yolov8_nano,0,116,,,gemmini_q31,0,469.873000,471.748000,1.875000
117,yolov8_nano,0,117,,,gemmini_q31,0,471.748000,478.701000,6.953000
118,yolov8_nano,0,118,,,gemmini_q31,0,478.702000,480.031000,1.329000
119,yolov8_nano,0,119,,,gemmini_q31,0,480.031000,482.227000,2.196000
120,yolov8_nano,0,120,,,gemmini_q31,0,482.227000,490.656000,8.429000
121,yolov8_nano,0,121,,,gemmini_q31,0,490.657000,492.833000,2.176000
122,yolov8_nano,0,122,,,gemmini_q31,0,492.834000,501.652000,8.818000
123,yolov8_nano,0,123,,,gemmini_q31,0,501.652000,503.368000,1.716000
124,yolov8_nano,0,124,,,gemmini_q31,0,503.368000,503.965000,0.597000
125,yolov8_nano,0,125,,,gemmini_q31,0,503.965000,504.603000,0.638000
126,yolov8_nano,0,126,,,gemmini_q31,0,504.603000,506.328000,1.725000
127,yolov8_nano,0,127,,,gemmini_q31,0,506.328000,506.806000,0.478000
128,yolov8_nano,0,128,,,gemmini_q31,0,506.806000,508.581000,1.775000
129,yolov8_nano,0,129,,,gemmini_q31,0,508.581000,508.919000,0.338000
130,yolov8_nano,0,130,,,gemmini_q31,0,508.919000,509.626000,0.707000
131,yolov8_nano,0,131,,,gemmini_q31,0,509.626000,511.696000,2.070000
132,yolov8_nano,0,132,,,gemmini_q31,0,511.696000,512.253000,0.557000
133,yolov8_nano,0,133,,,gemmini_q31,0,512.253000,514.380000,2.127000
134,yolov8_nano,0,134,,,gemmini_q31,0,514.380000,514.813000,0.433000
135,yolov8_nano,0,135,,,gemmini_q31,0,514.813000,514.963000,0.150000
136,yolov8_nano,0,136,,,gemmini_q31,0,514.964000,515.220000,0.256000
137,yolov8_nano,0,137,,,gemmini_q31,0,515.221000,515.661000,0.440000
138,yolov8_nano,0,138,,,gemmini_q31,0,515.661000,515.783000,0.122000
139,yolov8_nano,0,139,,,gemmini_q31,0,515.783000,516.225000,0.442000
140,yolov8_nano,0,140,,,gemmini_q31,0,516.225000,516.310000,0.085000
141,yolov8_nano,0,141,,,gemmini_q31,0,516.310000,516.583000,0.273000
142,yolov8_nano,0,142,,,gemmini_q31,0,516.583000,517.112000,0.529000
143,yolov8_nano,0,143,,,gemmini_q31,0,517.112000,517.257000,0.145000
144,yolov8_nano,0,144,,,gemmini_q31,0,517.257000,517.802000,0.545000
145,yolov8_nano,0,145,,,gemmini_q31,0,517.802000,517.909000,0.107000
146,yolov8_nano,0,146,,,gemmini_q31,0,517.909000,517.950000,0.041000
147,dronet,0,0,,,rvv,2,517.986000,519.513000,1.527000
148,dronet,0,1,,,rvv,2,519.514000,519.738000,0.224000
149,dronet,0,2,,,rvv,2,519.738000,519.770000,0.032000
150,dronet,0,3,,,rvv,2,519.770000,520.614000,0.844000
151,dronet,0,4,,,rvv,2,520.614000,521.451000,0.837000
152,dronet,0,5,,,rvv,2,521.451000,521.631000,0.180000
153,dronet,0,6,,,rvv,2,521.631000,521.643000,0.012000
154,dronet,0,7,,,rvv,2,521.643000,521.653000,0.010000
155,dronet,0,8,,,rvv,2,521.653000,522.234000,0.581000
156,dronet,0,9,,,rvv,2,522.234000,523.342000,1.108000
157,dronet,0,10,,,rvv,2,523.342000,523.455000,0.113000
158,dronet,0,11,,,rvv,2,523.455000,523.461000,0.006000
159,dronet,0,12,,,rvv,2,523.461000,523.467000,0.006000
160,dronet,0,13,,,rvv,2,523.467000,524.122000,0.655000
161,dronet,0,14,,,rvv,2,524.122000,525.415000,1.293000
162,dronet,0,15,,,rvv,2,525.415000,525.506000,0.091000
163,dronet,0,16,,,rvv,2,525.507000,525.511000,0.004000
164,dronet,0,17,,,rvv,2,525.511000,525.511000,0.000000
165,dronet,0,18,,,rvv,2,525.512000,525.514000,0.002000
166,dronet,0,19,,,rvv,2,525.514000,525.516000,0.002000
167,dronet,0,20,,,rvv,2,525.516000,525.517000,0.001000
