arm,hart,variant,dir,group,N,C,H,W,bytes,cold,warm,err
A,0,ref_scalar,n2h,spec,1,3,112,112,37632,282562,279982,0
A,0,ref_scalar,h2n,spec,1,3,112,112,37632,227731,227246,0
A,0,ref_scalar,n2h,spec,1,32,56,56,100352,1962600,1950056,0
A,0,ref_scalar,h2n,spec,1,32,56,56,100352,1173063,1172633,0
A,0,ref_scalar,n2h,spec,1,32,27,27,23328,344080,339937,0
A,0,ref_scalar,h2n,spec,1,32,27,27,23328,223206,222963,0
A,0,ref_scalar,n2h,spec,1,32,14,14,6272,47735,45089,0
A,0,ref_scalar,h2n,spec,1,32,14,14,6272,39637,38284,0
A,0,ref_scalar,n2h,spec,1,64,7,7,3136,24713,24327,0
A,0,ref_scalar,h2n,spec,1,64,7,7,3136,20825,20747,0
A,0,ref_scalar,n2h,spec,1,128,4,4,2048,20107,20026,0
A,0,ref_scalar,h2n,spec,1,128,4,4,2048,17987,17978,0
A,0,ref_scalar,n2h,spec,1,1,1,1,1,93,81,0
A,0,ref_scalar,h2n,spec,1,1,1,1,1,114,74,0
A,0,ref_scalar,n2h,spec,1,7,5,3,105,1296,1278,0
A,0,ref_scalar,h2n,spec,1,7,5,3,105,1156,1137,0
A,0,ref_scalar,n2h,csweep,1,2,112,56,12544,88533,85369,0
A,0,ref_scalar,h2n,csweep,1,2,112,56,12544,73106,72141,0
A,0,ref_scalar,n2h,csweep,1,3,112,37,12432,91494,87946,0
A,0,ref_scalar,h2n,csweep,1,3,112,37,12432,74799,73689,0
A,0,ref_scalar,n2h,csweep,1,4,56,56,12544,92457,86912,0
A,0,ref_scalar,h2n,csweep,1,4,56,56,12544,74116,73266,0
A,0,ref_scalar,n2h,csweep,1,7,56,32,12544,96410,91162,0
A,0,ref_scalar,h2n,csweep,1,7,56,32,12544,76931,76033,0
A,0,ref_scalar,n2h,csweep,1,8,56,28,12544,99498,91429,0
A,0,ref_scalar,h2n,csweep,1,8,56,28,12544,77856,77253,0
A,0,ref_scalar,n2h,csweep,1,16,28,28,12544,99793,91968,0
A,0,ref_scalar,h2n,csweep,1,16,28,28,12544,78167,77158,0
A,0,ref_scalar,n2h,csweep,1,32,28,14,12544,107227,99184,0
A,0,ref_scalar,h2n,csweep,1,32,28,14,12544,85367,84233,0
A,0,ref_scalar,n2h,csweep,1,64,14,14,12544,108083,99326,0
A,0,ref_scalar,h2n,csweep,1,64,14,14,12544,85702,84380,0
A,0,ref_scalar,n2h,csweep,1,128,14,7,12544,110924,106842,0
A,0,ref_scalar,h2n,csweep,1,128,14,7,12544,91609,90500,0
A,0,gem_tb32,n2h,spec,1,3,112,112,37632,312408,310062,0
A,0,gem_tb32,h2n,spec,1,3,112,112,37632,235506,234516,0
A,0,gem_tb32,n2h,spec,1,32,56,56,100352,811280,806845,0
A,0,gem_tb32,h2n,spec,1,32,56,56,100352,602464,602545,0
A,0,gem_tb32,n2h,spec,1,32,27,27,23328,190422,186792,0
A,0,gem_tb32,h2n,spec,1,32,27,27,23328,139651,139650,0
A,0,gem_tb32,n2h,spec,1,32,14,14,6272,49325,47054,0
A,0,gem_tb32,h2n,spec,1,32,14,14,6272,35859,34450,0
A,0,gem_tb32,n2h,spec,1,64,7,7,3136,24058,23663,0
A,0,gem_tb32,h2n,spec,1,64,7,7,3136,17556,17401,0
A,0,gem_tb32,n2h,spec,1,128,4,4,2048,16066,16033,0
A,0,gem_tb32,h2n,spec,1,128,4,4,2048,11951,11938,0
A,0,gem_tb32,n2h,spec,1,1,1,1,1,132,100,0
A,0,gem_tb32,h2n,spec,1,1,1,1,1,103,97,0
A,0,gem_tb32,n2h,spec,1,7,5,3,105,929,912,0
A,0,gem_tb32,h2n,spec,1,7,5,3,105,737,702,0
A,0,gem_tb32,n2h,csweep,1,2,112,56,12544,105245,103385,0
A,0,gem_tb32,h2n,csweep,1,2,112,56,12544,79127,78249,0
A,0,gem_tb32,n2h,csweep,1,3,112,37,12432,103209,100865,0
A,0,gem_tb32,h2n,csweep,1,3,112,37,12432,77521,76240,0
A,0,gem_tb32,n2h,csweep,1,4,56,56,12544,102629,100210,0
A,0,gem_tb32,h2n,csweep,1,4,56,56,12544,76084,75377,0
A,0,gem_tb32,n2h,csweep,1,7,56,32,12544,101849,99004,0
A,0,gem_tb32,h2n,csweep,1,7,56,32,12544,74446,73947,0
A,0,gem_tb32,n2h,csweep,1,8,56,28,12544,101318,99043,0
A,0,gem_tb32,h2n,csweep,1,8,56,28,12544,74582,73677,0
A,0,gem_tb32,n2h,csweep,1,16,28,28,12544,101403,98430,0
A,0,gem_tb32,h2n,csweep,1,16,28,28,12544,74052,73430,0
A,0,gem_tb32,n2h,csweep,1,32,28,14,12544,102598,99216,0
A,0,gem_tb32,h2n,csweep,1,32,28,14,12544,74843,74248,0
A,0,gem_tb32,n2h,csweep,1,64,14,14,12544,105556,101701,0
A,0,gem_tb32,h2n,csweep,1,64,14,14,12544,78459,76684,0
A,0,gem_tb32,n2h,csweep,1,128,14,7,12544,106322,102845,0
A,0,gem_tb32,h2n,csweep,1,128,14,7,12544,80705,77477,0
A,2,ref_scalar,n2h,spec,1,3,112,112,37632,282778,279543,0
A,2,ref_scalar,h2n,spec,1,3,112,112,37632,227886,227231,0
A,2,ref_scalar,n2h,spec,1,32,56,56,100352,1953553,1949307,0
A,2,ref_scalar,h2n,spec,1,32,56,56,100352,1173000,1172597,0
A,2,ref_scalar,n2h,spec,1,32,27,27,23328,343749,338966,0
A,2,ref_scalar,h2n,spec,1,32,27,27,23328,223682,222836,0
A,2,ref_scalar,n2h,spec,1,32,14,14,6272,47683,44986,0
A,2,ref_scalar,h2n,spec,1,32,14,14,6272,39747,38380,0
A,2,ref_scalar,n2h,spec,1,64,7,7,3136,24794,24327,0
A,2,ref_scalar,h2n,spec,1,64,7,7,3136,20875,20750,0
A,2,ref_scalar,n2h,spec,1,128,4,4,2048,20052,20026,0
A,2,ref_scalar,h2n,spec,1,128,4,4,2048,18004,17981,0
A,2,ref_scalar,n2h,spec,1,1,1,1,1,107,81,0
A,2,ref_scalar,h2n,spec,1,1,1,1,1,83,74,0
A,2,ref_scalar,n2h,spec,1,7,5,3,105,1296,1278,0
A,2,ref_scalar,h2n,spec,1,7,5,3,105,1153,1137,0
A,2,ref_scalar,n2h,csweep,1,2,112,56,12544,88464,85182,0
A,2,ref_scalar,h2n,csweep,1,2,112,56,12544,73207,71847,0
A,2,ref_scalar,n2h,csweep,1,3,112,37,12432,92000,87531,0
A,2,ref_scalar,h2n,csweep,1,3,112,37,12432,74506,73629,0
A,2,ref_scalar,n2h,csweep,1,4,56,56,12544,92132,86510,0
A,2,ref_scalar,h2n,csweep,1,4,56,56,12544,74059,73261,0
A,2,ref_scalar,n2h,csweep,1,7,56,32,12544,96511,89705,0
A,2,ref_scalar,h2n,csweep,1,7,56,32,12544,76790,76144,0
A,2,ref_scalar,n2h,csweep,1,8,56,28,12544,97092,91589,0
A,2,ref_scalar,h2n,csweep,1,8,56,28,12544,77648,76844,0
A,2,ref_scalar,n2h,csweep,1,16,28,28,12544,98944,92296,0
A,2,ref_scalar,h2n,csweep,1,16,28,28,12544,77819,77770,0
A,2,ref_scalar,n2h,csweep,1,32,28,14,12544,107464,99130,0
A,2,ref_scalar,h2n,csweep,1,32,28,14,12544,85059,83753,0
A,2,ref_scalar,n2h,csweep,1,64,14,14,12544,109055,100792,0
A,2,ref_scalar,h2n,csweep,1,64,14,14,12544,85809,84452,0
A,2,ref_scalar,n2h,csweep,1,128,14,7,12544,111792,106152,0
A,2,ref_scalar,h2n,csweep,1,128,14,7,12544,92347,91681,0
A,2,gem_tb32,n2h,spec,1,3,112,112,37632,312253,309671,0
A,2,gem_tb32,h2n,spec,1,3,112,112,37632,235167,234466,0
A,2,gem_tb32,n2h,spec,1,32,56,56,100352,808996,805655,0
A,2,gem_tb32,h2n,spec,1,32,56,56,100352,602416,603052,0
A,2,gem_tb32,n2h,spec,1,32,27,27,23328,190417,186850,0
A,2,gem_tb32,h2n,spec,1,32,27,27,23328,139718,139720,0
A,2,gem_tb32,n2h,spec,1,32,14,14,6272,49194,46887,0
A,2,gem_tb32,h2n,spec,1,32,14,14,6272,35849,34630,0
A,2,gem_tb32,n2h,spec,1,64,7,7,3136,23963,23663,0
A,2,gem_tb32,h2n,spec,1,64,7,7,3136,17575,17401,0
A,2,gem_tb32,n2h,spec,1,128,4,4,2048,16060,16030,0
A,2,gem_tb32,h2n,spec,1,128,4,4,2048,11967,11944,0
A,2,gem_tb32,n2h,spec,1,1,1,1,1,135,106,0
A,2,gem_tb32,h2n,spec,1,1,1,1,1,123,97,0
A,2,gem_tb32,n2h,spec,1,7,5,3,105,932,909,0
A,2,gem_tb32,h2n,spec,1,7,5,3,105,724,702,0
A,2,gem_tb32,n2h,csweep,1,2,112,56,12544,105360,103216,0
A,2,gem_tb32,h2n,csweep,1,2,112,56,12544,79645,78405,0
A,2,gem_tb32,n2h,csweep,1,3,112,37,12432,102776,101040,0
A,2,gem_tb32,h2n,csweep,1,3,112,37,12432,77908,75993,0
A,2,gem_tb32,n2h,csweep,1,4,56,56,12544,102652,100415,0
A,2,gem_tb32,h2n,csweep,1,4,56,56,12544,76117,75261,0
A,2,gem_tb32,n2h,csweep,1,7,56,32,12544,101510,99219,0
A,2,gem_tb32,h2n,csweep,1,7,56,32,12544,74609,74079,0
A,2,gem_tb32,n2h,csweep,1,8,56,28,12544,101394,98958,0
A,2,gem_tb32,h2n,csweep,1,8,56,28,12544,74255,73910,0
A,2,gem_tb32,n2h,csweep,1,16,28,28,12544,101312,98313,0
A,2,gem_tb32,h2n,csweep,1,16,28,28,12544,73997,73351,0
A,2,gem_tb32,n2h,csweep,1,32,28,14,12544,102354,99520,0
A,2,gem_tb32,h2n,csweep,1,32,28,14,12544,74829,74253,0
A,2,gem_tb32,n2h,csweep,1,64,14,14,12544,104658,101296,0
A,2,gem_tb32,h2n,csweep,1,64,14,14,12544,78432,76681,0
A,2,gem_tb32,n2h,csweep,1,128,14,7,12544,106147,102039,0
A,2,gem_tb32,h2n,csweep,1,128,14,7,12544,80647,77807,0
A,2,rvv_strided,n2h,spec,1,3,112,112,37632,159374,157231,0
A,2,rvv_strided,h2n,spec,1,3,112,112,37632,109843,110229,0
A,2,rvv_strided,n2h,spec,1,32,56,56,100352,412116,411636,0
A,2,rvv_strided,h2n,spec,1,32,56,56,100352,283547,283496,0
A,2,rvv_strided,n2h,spec,1,32,27,27,23328,97173,96221,0
A,2,rvv_strided,h2n,spec,1,32,27,27,23328,66044,65970,0
A,2,rvv_strided,n2h,spec,1,32,14,14,6272,26692,25947,0
A,2,rvv_strided,h2n,spec,1,32,14,14,6272,18460,17887,0
A,2,rvv_strided,n2h,spec,1,64,7,7,3136,14298,13674,0
A,2,rvv_strided,h2n,spec,1,64,7,7,3136,9463,9032,0
A,2,rvv_strided,n2h,spec,1,128,4,4,2048,9525,9009,0
A,2,rvv_strided,h2n,spec,1,128,4,4,2048,6645,6427,0
A,2,rvv_strided,n2h,spec,1,1,1,1,1,76,48,0
A,2,rvv_strided,h2n,spec,1,1,1,1,1,66,48,0
A,2,rvv_strided,n2h,spec,1,7,5,3,105,558,499,0
A,2,rvv_strided,h2n,spec,1,7,5,3,105,421,377,0
A,2,rvv_strided,n2h,csweep,1,2,112,56,12544,53923,52959,0
A,2,rvv_strided,h2n,csweep,1,2,112,56,12544,37870,36624,0
A,2,rvv_strided,n2h,csweep,1,3,112,37,12432,52694,51976,0
A,2,rvv_strided,h2n,csweep,1,3,112,37,12432,36863,36265,0
A,2,rvv_strided,n2h,csweep,1,4,56,56,12544,52755,52172,0
A,2,rvv_strided,h2n,csweep,1,4,56,56,12544,36762,35716,0
A,2,rvv_strided,n2h,csweep,1,7,56,32,12544,52183,51837,0
A,2,rvv_strided,h2n,csweep,1,7,56,32,12544,36394,35276,0
A,2,rvv_strided,n2h,csweep,1,8,56,28,12544,52177,51781,0
A,2,rvv_strided,h2n,csweep,1,8,56,28,12544,36177,35787,0
A,2,rvv_strided,n2h,csweep,1,16,28,28,12544,51749,51602,0
A,2,rvv_strided,h2n,csweep,1,16,28,28,12544,35928,35510,0
A,2,rvv_strided,n2h,csweep,1,32,28,14,12544,51967,51655,0
A,2,rvv_strided,h2n,csweep,1,32,28,14,12544,35827,35703,0
A,2,rvv_strided,n2h,csweep,1,64,14,14,12544,53051,52056,0
A,2,rvv_strided,h2n,csweep,1,64,14,14,12544,35828,35664,0
A,2,rvv_strided,n2h,csweep,1,128,14,7,12544,52995,52149,0
A,2,rvv_strided,h2n,csweep,1,128,14,7,12544,36260,35948,0
A,2,rvv_seg,n2h,spec,1,3,112,112,37632,13767,13372,0
A,2,rvv_seg,h2n,spec,1,3,112,112,37632,14744,14284,0
A,2,rvv_seg,n2h,spec,1,32,56,56,100352,116371,112929,0
A,2,rvv_seg,h2n,spec,1,32,56,56,100352,118253,117755,0
A,2,rvv_seg,n2h,spec,1,32,27,27,23328,27811,26793,0
A,2,rvv_seg,h2n,spec,1,32,27,27,23328,27813,27738,0
A,2,rvv_seg,n2h,spec,1,32,14,14,6272,7807,7342,0
A,2,rvv_seg,h2n,spec,1,32,14,14,6272,8068,7713,0
A,2,rvv_seg,n2h,spec,1,64,7,7,3136,4003,3664,0
A,2,rvv_seg,h2n,spec,1,64,7,7,3136,4223,3910,0
A,2,rvv_seg,n2h,spec,1,128,4,4,2048,2683,2438,0
A,2,rvv_seg,h2n,spec,1,128,4,4,2048,2920,2524,0
A,2,rvv_seg,n2h,spec,1,1,1,1,1,244,101,0
A,2,rvv_seg,h2n,spec,1,1,1,1,1,245,102,0
A,2,rvv_seg,n2h,spec,1,7,5,3,105,292,79,0
A,2,rvv_seg,h2n,spec,1,7,5,3,105,277,99,0
A,2,rvv_seg,n2h,csweep,1,2,112,56,12544,6373,6259,0
A,2,rvv_seg,h2n,csweep,1,2,112,56,12544,6416,6279,0
A,2,rvv_seg,n2h,csweep,1,3,112,37,12432,4521,4436,0
A,2,rvv_seg,h2n,csweep,1,3,112,37,12432,4980,4766,0
A,2,rvv_seg,n2h,csweep,1,4,56,56,12544,3307,3142,0
A,2,rvv_seg,h2n,csweep,1,4,56,56,12544,4175,3949,0
A,2,rvv_seg,n2h,csweep,1,7,56,32,12544,3489,3270,0
A,2,rvv_seg,h2n,csweep,1,7,56,32,12544,4667,4351,0
A,2,rvv_seg,n2h,csweep,1,8,56,28,12544,2820,2248,0
A,2,rvv_seg,h2n,csweep,1,8,56,28,12544,3771,3493,0
A,2,rvv_seg,n2h,csweep,1,16,28,28,12544,15364,14820,0
A,2,rvv_seg,h2n,csweep,1,16,28,28,12544,15200,15035,0
A,2,rvv_seg,n2h,csweep,1,32,28,14,12544,14885,14310,0
A,2,rvv_seg,h2n,csweep,1,32,28,14,12544,14978,14914,0
A,2,rvv_seg,n2h,csweep,1,64,14,14,12544,14731,14297,0
A,2,rvv_seg,h2n,csweep,1,64,14,14,12544,15301,15171,0
A,2,rvv_seg,n2h,csweep,1,128,14,7,12544,14679,14304,0
A,2,rvv_seg,h2n,csweep,1,128,14,7,12544,15213,15070,0
B,0,ref_scalar,n2h,spec,1,3,112,112,37632,282562,279982,0
B,0,ref_scalar,h2n,spec,1,3,112,112,37632,227731,227246,0
B,0,ref_scalar,n2h,spec,1,32,56,56,100352,1962600,1950056,0
B,0,ref_scalar,h2n,spec,1,32,56,56,100352,1173063,1172633,0
B,0,ref_scalar,n2h,spec,1,32,27,27,23328,344080,339937,0
B,0,ref_scalar,h2n,spec,1,32,27,27,23328,223206,222963,0
B,0,ref_scalar,n2h,spec,1,32,14,14,6272,47735,45089,0
B,0,ref_scalar,h2n,spec,1,32,14,14,6272,39637,38284,0
B,0,ref_scalar,n2h,spec,1,64,7,7,3136,24713,24327,0
B,0,ref_scalar,h2n,spec,1,64,7,7,3136,20825,20747,0
B,0,ref_scalar,n2h,spec,1,128,4,4,2048,20107,20026,0
B,0,ref_scalar,h2n,spec,1,128,4,4,2048,17987,17978,0
B,0,ref_scalar,n2h,spec,1,1,1,1,1,93,81,0
B,0,ref_scalar,h2n,spec,1,1,1,1,1,114,74,0
B,0,ref_scalar,n2h,spec,1,7,5,3,105,1296,1278,0
B,0,ref_scalar,h2n,spec,1,7,5,3,105,1156,1137,0
B,0,ref_scalar,n2h,csweep,1,2,112,56,12544,88533,85369,0
B,0,ref_scalar,h2n,csweep,1,2,112,56,12544,73106,72141,0
B,0,ref_scalar,n2h,csweep,1,3,112,37,12432,91494,87946,0
B,0,ref_scalar,h2n,csweep,1,3,112,37,12432,74799,73689,0
B,0,ref_scalar,n2h,csweep,1,4,56,56,12544,92457,86912,0
B,0,ref_scalar,h2n,csweep,1,4,56,56,12544,74116,73266,0
B,0,ref_scalar,n2h,csweep,1,7,56,32,12544,96410,91162,0
B,0,ref_scalar,h2n,csweep,1,7,56,32,12544,76931,76033,0
B,0,ref_scalar,n2h,csweep,1,8,56,28,12544,99498,91429,0
B,0,ref_scalar,h2n,csweep,1,8,56,28,12544,77856,77253,0
B,0,ref_scalar,n2h,csweep,1,16,28,28,12544,99793,91968,0
B,0,ref_scalar,h2n,csweep,1,16,28,28,12544,78167,77158,0
B,0,ref_scalar,n2h,csweep,1,32,28,14,12544,107227,99184,0
B,0,ref_scalar,h2n,csweep,1,32,28,14,12544,85367,84233,0
B,0,ref_scalar,n2h,csweep,1,64,14,14,12544,108083,99326,0
B,0,ref_scalar,h2n,csweep,1,64,14,14,12544,85702,84380,0
B,0,ref_scalar,n2h,csweep,1,128,14,7,12544,110924,106842,0
B,0,ref_scalar,h2n,csweep,1,128,14,7,12544,91609,90500,0
B,0,gem_tb32,n2h,spec,1,3,112,112,37632,312408,310062,0
B,0,gem_tb32,h2n,spec,1,3,112,112,37632,235506,234516,0
B,0,gem_tb32,n2h,spec,1,32,56,56,100352,811280,806845,0
B,0,gem_tb32,h2n,spec,1,32,56,56,100352,602464,602545,0
B,0,gem_tb32,n2h,spec,1,32,27,27,23328,190422,186792,0
B,0,gem_tb32,h2n,spec,1,32,27,27,23328,139651,139650,0
B,0,gem_tb32,n2h,spec,1,32,14,14,6272,49325,47054,0
B,0,gem_tb32,h2n,spec,1,32,14,14,6272,35859,34450,0
B,0,gem_tb32,n2h,spec,1,64,7,7,3136,24058,23663,0
B,0,gem_tb32,h2n,spec,1,64,7,7,3136,17556,17401,0
B,0,gem_tb32,n2h,spec,1,128,4,4,2048,16066,16033,0
B,0,gem_tb32,h2n,spec,1,128,4,4,2048,11951,11938,0
B,0,gem_tb32,n2h,spec,1,1,1,1,1,132,100,0
B,0,gem_tb32,h2n,spec,1,1,1,1,1,103,97,0
B,0,gem_tb32,n2h,spec,1,7,5,3,105,929,912,0
B,0,gem_tb32,h2n,spec,1,7,5,3,105,737,702,0
B,0,gem_tb32,n2h,csweep,1,2,112,56,12544,105245,103385,0
B,0,gem_tb32,h2n,csweep,1,2,112,56,12544,79127,78249,0
B,0,gem_tb32,n2h,csweep,1,3,112,37,12432,103209,100865,0
B,0,gem_tb32,h2n,csweep,1,3,112,37,12432,77521,76240,0
B,0,gem_tb32,n2h,csweep,1,4,56,56,12544,102629,100210,0
B,0,gem_tb32,h2n,csweep,1,4,56,56,12544,76084,75377,0
B,0,gem_tb32,n2h,csweep,1,7,56,32,12544,101849,99004,0
B,0,gem_tb32,h2n,csweep,1,7,56,32,12544,74446,73947,0
B,0,gem_tb32,n2h,csweep,1,8,56,28,12544,101318,99043,0
B,0,gem_tb32,h2n,csweep,1,8,56,28,12544,74582,73677,0
B,0,gem_tb32,n2h,csweep,1,16,28,28,12544,101403,98430,0
B,0,gem_tb32,h2n,csweep,1,16,28,28,12544,74052,73430,0
B,0,gem_tb32,n2h,csweep,1,32,28,14,12544,102598,99216,0
B,0,gem_tb32,h2n,csweep,1,32,28,14,12544,74843,74248,0
B,0,gem_tb32,n2h,csweep,1,64,14,14,12544,105556,101701,0
B,0,gem_tb32,h2n,csweep,1,64,14,14,12544,78459,76684,0
B,0,gem_tb32,n2h,csweep,1,128,14,7,12544,106322,102845,0
B,0,gem_tb32,h2n,csweep,1,128,14,7,12544,80705,77477,0
B,2,ref_scalar,n2h,spec,1,3,112,112,37632,282778,279543,0
B,2,ref_scalar,h2n,spec,1,3,112,112,37632,227886,227231,0
B,2,ref_scalar,n2h,spec,1,32,56,56,100352,1953553,1949307,0
B,2,ref_scalar,h2n,spec,1,32,56,56,100352,1173000,1172597,0
B,2,ref_scalar,n2h,spec,1,32,27,27,23328,343749,338966,0
B,2,ref_scalar,h2n,spec,1,32,27,27,23328,223682,222836,0
B,2,ref_scalar,n2h,spec,1,32,14,14,6272,47683,44986,0
B,2,ref_scalar,h2n,spec,1,32,14,14,6272,39747,38380,0
B,2,ref_scalar,n2h,spec,1,64,7,7,3136,24794,24327,0
B,2,ref_scalar,h2n,spec,1,64,7,7,3136,20875,20750,0
B,2,ref_scalar,n2h,spec,1,128,4,4,2048,20052,20026,0
B,2,ref_scalar,h2n,spec,1,128,4,4,2048,18004,17981,0
B,2,ref_scalar,n2h,spec,1,1,1,1,1,107,81,0
B,2,ref_scalar,h2n,spec,1,1,1,1,1,83,74,0
B,2,ref_scalar,n2h,spec,1,7,5,3,105,1296,1278,0
B,2,ref_scalar,h2n,spec,1,7,5,3,105,1153,1137,0
B,2,ref_scalar,n2h,csweep,1,2,112,56,12544,88464,85182,0
B,2,ref_scalar,h2n,csweep,1,2,112,56,12544,73207,71847,0
B,2,ref_scalar,n2h,csweep,1,3,112,37,12432,92000,87531,0
B,2,ref_scalar,h2n,csweep,1,3,112,37,12432,74506,73629,0
B,2,ref_scalar,n2h,csweep,1,4,56,56,12544,92132,86510,0
B,2,ref_scalar,h2n,csweep,1,4,56,56,12544,74059,73261,0
B,2,ref_scalar,n2h,csweep,1,7,56,32,12544,96511,89705,0
B,2,ref_scalar,h2n,csweep,1,7,56,32,12544,76790,76144,0
B,2,ref_scalar,n2h,csweep,1,8,56,28,12544,97092,91589,0
B,2,ref_scalar,h2n,csweep,1,8,56,28,12544,77648,76844,0
B,2,ref_scalar,n2h,csweep,1,16,28,28,12544,98944,92296,0
B,2,ref_scalar,h2n,csweep,1,16,28,28,12544,77819,77770,0
B,2,ref_scalar,n2h,csweep,1,32,28,14,12544,107464,99130,0
B,2,ref_scalar,h2n,csweep,1,32,28,14,12544,85059,83753,0
B,2,ref_scalar,n2h,csweep,1,64,14,14,12544,109055,100792,0
B,2,ref_scalar,h2n,csweep,1,64,14,14,12544,85809,84452,0
B,2,ref_scalar,n2h,csweep,1,128,14,7,12544,111792,106152,0
B,2,ref_scalar,h2n,csweep,1,128,14,7,12544,92347,91681,0
B,2,gem_tb32,n2h,spec,1,3,112,112,37632,312253,309671,0
B,2,gem_tb32,h2n,spec,1,3,112,112,37632,235167,234466,0
B,2,gem_tb32,n2h,spec,1,32,56,56,100352,808996,805655,0
B,2,gem_tb32,h2n,spec,1,32,56,56,100352,602416,603052,0
B,2,gem_tb32,n2h,spec,1,32,27,27,23328,190417,186850,0
B,2,gem_tb32,h2n,spec,1,32,27,27,23328,139718,139720,0
B,2,gem_tb32,n2h,spec,1,32,14,14,6272,49194,46887,0
B,2,gem_tb32,h2n,spec,1,32,14,14,6272,35849,34630,0
B,2,gem_tb32,n2h,spec,1,64,7,7,3136,23963,23663,0
B,2,gem_tb32,h2n,spec,1,64,7,7,3136,17575,17401,0
B,2,gem_tb32,n2h,spec,1,128,4,4,2048,16060,16030,0
B,2,gem_tb32,h2n,spec,1,128,4,4,2048,11967,11944,0
B,2,gem_tb32,n2h,spec,1,1,1,1,1,135,106,0
B,2,gem_tb32,h2n,spec,1,1,1,1,1,123,97,0
B,2,gem_tb32,n2h,spec,1,7,5,3,105,932,909,0
B,2,gem_tb32,h2n,spec,1,7,5,3,105,724,702,0
B,2,gem_tb32,n2h,csweep,1,2,112,56,12544,105360,103216,0
B,2,gem_tb32,h2n,csweep,1,2,112,56,12544,79645,78405,0
B,2,gem_tb32,n2h,csweep,1,3,112,37,12432,102776,101040,0
B,2,gem_tb32,h2n,csweep,1,3,112,37,12432,77908,75993,0
B,2,gem_tb32,n2h,csweep,1,4,56,56,12544,102652,100415,0
B,2,gem_tb32,h2n,csweep,1,4,56,56,12544,76117,75261,0
B,2,gem_tb32,n2h,csweep,1,7,56,32,12544,101510,99219,0
B,2,gem_tb32,h2n,csweep,1,7,56,32,12544,74609,74079,0
B,2,gem_tb32,n2h,csweep,1,8,56,28,12544,101394,98958,0
B,2,gem_tb32,h2n,csweep,1,8,56,28,12544,74255,73910,0
B,2,gem_tb32,n2h,csweep,1,16,28,28,12544,101312,98313,0
B,2,gem_tb32,h2n,csweep,1,16,28,28,12544,73997,73351,0
B,2,gem_tb32,n2h,csweep,1,32,28,14,12544,102354,99520,0
B,2,gem_tb32,h2n,csweep,1,32,28,14,12544,74829,74253,0
B,2,gem_tb32,n2h,csweep,1,64,14,14,12544,104658,101296,0
B,2,gem_tb32,h2n,csweep,1,64,14,14,12544,78432,76681,0
B,2,gem_tb32,n2h,csweep,1,128,14,7,12544,106147,102039,0
B,2,gem_tb32,h2n,csweep,1,128,14,7,12544,80647,77807,0
B,2,rvv_strided,n2h,spec,1,3,112,112,37632,159374,157231,0
B,2,rvv_strided,h2n,spec,1,3,112,112,37632,109843,110229,0
B,2,rvv_strided,n2h,spec,1,32,56,56,100352,412116,411636,0
B,2,rvv_strided,h2n,spec,1,32,56,56,100352,283547,283496,0
B,2,rvv_strided,n2h,spec,1,32,27,27,23328,97173,96221,0
B,2,rvv_strided,h2n,spec,1,32,27,27,23328,66044,65970,0
B,2,rvv_strided,n2h,spec,1,32,14,14,6272,26692,25947,0
B,2,rvv_strided,h2n,spec,1,32,14,14,6272,18460,17887,0
B,2,rvv_strided,n2h,spec,1,64,7,7,3136,14298,13674,0
B,2,rvv_strided,h2n,spec,1,64,7,7,3136,9463,9032,0
B,2,rvv_strided,n2h,spec,1,128,4,4,2048,9525,9009,0
B,2,rvv_strided,h2n,spec,1,128,4,4,2048,6645,6427,0
B,2,rvv_strided,n2h,spec,1,1,1,1,1,76,48,0
B,2,rvv_strided,h2n,spec,1,1,1,1,1,66,48,0
B,2,rvv_strided,n2h,spec,1,7,5,3,105,558,499,0
B,2,rvv_strided,h2n,spec,1,7,5,3,105,421,377,0
B,2,rvv_strided,n2h,csweep,1,2,112,56,12544,53923,52959,0
B,2,rvv_strided,h2n,csweep,1,2,112,56,12544,37870,36624,0
B,2,rvv_strided,n2h,csweep,1,3,112,37,12432,52694,51976,0
B,2,rvv_strided,h2n,csweep,1,3,112,37,12432,36863,36265,0
B,2,rvv_strided,n2h,csweep,1,4,56,56,12544,52755,52172,0
B,2,rvv_strided,h2n,csweep,1,4,56,56,12544,36762,35716,0
B,2,rvv_strided,n2h,csweep,1,7,56,32,12544,52183,51837,0
B,2,rvv_strided,h2n,csweep,1,7,56,32,12544,36394,35276,0
B,2,rvv_strided,n2h,csweep,1,8,56,28,12544,52177,51781,0
B,2,rvv_strided,h2n,csweep,1,8,56,28,12544,36177,35787,0
B,2,rvv_strided,n2h,csweep,1,16,28,28,12544,51749,51602,0
B,2,rvv_strided,h2n,csweep,1,16,28,28,12544,35928,35510,0
B,2,rvv_strided,n2h,csweep,1,32,28,14,12544,51967,51655,0
B,2,rvv_strided,h2n,csweep,1,32,28,14,12544,35827,35703,0
B,2,rvv_strided,n2h,csweep,1,64,14,14,12544,53051,52056,0
B,2,rvv_strided,h2n,csweep,1,64,14,14,12544,35828,35664,0
B,2,rvv_strided,n2h,csweep,1,128,14,7,12544,52995,52149,0
B,2,rvv_strided,h2n,csweep,1,128,14,7,12544,36260,35948,0
B,2,rvv_seg,n2h,spec,1,3,112,112,37632,13767,13372,0
B,2,rvv_seg,h2n,spec,1,3,112,112,37632,14744,14284,0
B,2,rvv_seg,n2h,spec,1,32,56,56,100352,116371,112929,0
B,2,rvv_seg,h2n,spec,1,32,56,56,100352,118253,117755,0
B,2,rvv_seg,n2h,spec,1,32,27,27,23328,27811,26793,0
B,2,rvv_seg,h2n,spec,1,32,27,27,23328,27813,27738,0
B,2,rvv_seg,n2h,spec,1,32,14,14,6272,7807,7342,0
B,2,rvv_seg,h2n,spec,1,32,14,14,6272,8068,7713,0
B,2,rvv_seg,n2h,spec,1,64,7,7,3136,4003,3664,0
B,2,rvv_seg,h2n,spec,1,64,7,7,3136,4223,3910,0
B,2,rvv_seg,n2h,spec,1,128,4,4,2048,2683,2438,0
B,2,rvv_seg,h2n,spec,1,128,4,4,2048,2920,2524,0
B,2,rvv_seg,n2h,spec,1,1,1,1,1,244,101,0
B,2,rvv_seg,h2n,spec,1,1,1,1,1,245,102,0
B,2,rvv_seg,n2h,spec,1,7,5,3,105,292,79,0
B,2,rvv_seg,h2n,spec,1,7,5,3,105,277,99,0
B,2,rvv_seg,n2h,csweep,1,2,112,56,12544,6373,6259,0
B,2,rvv_seg,h2n,csweep,1,2,112,56,12544,6416,6279,0
B,2,rvv_seg,n2h,csweep,1,3,112,37,12432,4521,4436,0
B,2,rvv_seg,h2n,csweep,1,3,112,37,12432,4980,4766,0
B,2,rvv_seg,n2h,csweep,1,4,56,56,12544,3307,3142,0
B,2,rvv_seg,h2n,csweep,1,4,56,56,12544,4175,3949,0
B,2,rvv_seg,n2h,csweep,1,7,56,32,12544,3489,3270,0
B,2,rvv_seg,h2n,csweep,1,7,56,32,12544,4667,4351,0
B,2,rvv_seg,n2h,csweep,1,8,56,28,12544,2820,2248,0
B,2,rvv_seg,h2n,csweep,1,8,56,28,12544,3771,3493,0
B,2,rvv_seg,n2h,csweep,1,16,28,28,12544,15364,14820,0
B,2,rvv_seg,h2n,csweep,1,16,28,28,12544,15200,15035,0
B,2,rvv_seg,n2h,csweep,1,32,28,14,12544,14885,14310,0
B,2,rvv_seg,h2n,csweep,1,32,28,14,12544,14978,14914,0
B,2,rvv_seg,n2h,csweep,1,64,14,14,12544,14731,14297,0
B,2,rvv_seg,h2n,csweep,1,64,14,14,12544,15301,15171,0
B,2,rvv_seg,n2h,csweep,1,128,14,7,12544,14679,14304,0
B,2,rvv_seg,h2n,csweep,1,128,14,7,12544,15213,15070,0
C,1,ref_scalar,n2h,spec,1,3,112,112,37632,283104,279864,0
C,1,ref_scalar,h2n,spec,1,3,112,112,37632,227950,227414,0
C,1,ref_scalar,n2h,spec,1,32,56,56,100352,1963270,1950228,0
C,1,ref_scalar,h2n,spec,1,32,56,56,100352,1172767,1172063,0
C,1,ref_scalar,n2h,spec,1,32,27,27,23328,345826,338508,0
C,1,ref_scalar,h2n,spec,1,32,27,27,23328,223838,222716,0
C,1,ref_scalar,n2h,spec,1,32,14,14,6272,47690,45054,0
C,1,ref_scalar,h2n,spec,1,32,14,14,6272,39562,38319,0
C,1,ref_scalar,n2h,spec,1,64,7,7,3136,24775,24327,0
C,1,ref_scalar,h2n,spec,1,64,7,7,3136,20857,20747,0
C,1,ref_scalar,n2h,spec,1,128,4,4,2048,20079,20026,0
C,1,ref_scalar,h2n,spec,1,128,4,4,2048,18004,17978,0
C,1,ref_scalar,n2h,spec,1,1,1,1,1,108,81,0
C,1,ref_scalar,h2n,spec,1,1,1,1,1,86,74,0
C,1,ref_scalar,n2h,spec,1,7,5,3,105,1279,1276,0
C,1,ref_scalar,h2n,spec,1,7,5,3,105,1153,1146,0
C,1,ref_scalar,n2h,csweep,1,2,112,56,12544,88189,85722,0
C,1,ref_scalar,h2n,csweep,1,2,112,56,12544,72935,72070,0
C,1,ref_scalar,n2h,csweep,1,3,112,37,12432,91624,87231,0
C,1,ref_scalar,h2n,csweep,1,3,112,37,12432,74549,73449,0
C,1,ref_scalar,n2h,csweep,1,4,56,56,12544,91833,87326,0
C,1,ref_scalar,h2n,csweep,1,4,56,56,12544,74079,73329,0
C,1,ref_scalar,n2h,csweep,1,7,56,32,12544,96228,89816,0
C,1,ref_scalar,h2n,csweep,1,7,56,32,12544,76591,76045,0
C,1,ref_scalar,n2h,csweep,1,8,56,28,12544,97945,91568,0
C,1,ref_scalar,h2n,csweep,1,8,56,28,12544,77907,77078,0
C,1,ref_scalar,n2h,csweep,1,16,28,28,12544,98999,92339,0
C,1,ref_scalar,h2n,csweep,1,16,28,28,12544,78683,76678,0
C,1,ref_scalar,n2h,csweep,1,32,28,14,12544,106710,98811,0
C,1,ref_scalar,h2n,csweep,1,32,28,14,12544,84996,84061,0
C,1,ref_scalar,n2h,csweep,1,64,14,14,12544,107926,100627,0
C,1,ref_scalar,h2n,csweep,1,64,14,14,12544,86337,84692,0
C,1,ref_scalar,n2h,csweep,1,128,14,7,12544,112189,107052,0
C,1,ref_scalar,h2n,csweep,1,128,14,7,12544,92013,91113,0
C,1,gem_tb32,n2h,spec,1,3,112,112,37632,312395,309580,0
C,1,gem_tb32,h2n,spec,1,3,112,112,37632,235579,234311,0
C,1,gem_tb32,n2h,spec,1,32,56,56,100352,810860,805742,0
C,1,gem_tb32,h2n,spec,1,32,56,56,100352,602701,602859,0
C,1,gem_tb32,n2h,spec,1,32,27,27,23328,189662,186979,0
C,1,gem_tb32,h2n,spec,1,32,27,27,23328,139589,139727,0
C,1,gem_tb32,n2h,spec,1,32,14,14,6272,49079,47012,0
C,1,gem_tb32,h2n,spec,1,32,14,14,6272,35946,34605,0
C,1,gem_tb32,n2h,spec,1,64,7,7,3136,24138,23663,0
C,1,gem_tb32,h2n,spec,1,64,7,7,3136,17673,17401,0
C,1,gem_tb32,n2h,spec,1,128,4,4,2048,16088,16030,0
C,1,gem_tb32,h2n,spec,1,128,4,4,2048,11944,11938,0
C,1,gem_tb32,n2h,spec,1,1,1,1,1,135,103,0
C,1,gem_tb32,h2n,spec,1,1,1,1,1,111,97,0
C,1,gem_tb32,n2h,spec,1,7,5,3,105,938,912,0
C,1,gem_tb32,h2n,spec,1,7,5,3,105,720,702,0
C,1,gem_tb32,n2h,csweep,1,2,112,56,12544,105049,103138,0
C,1,gem_tb32,h2n,csweep,1,2,112,56,12544,79340,78237,0
C,1,gem_tb32,n2h,csweep,1,3,112,37,12432,103213,100924,0
C,1,gem_tb32,h2n,csweep,1,3,112,37,12432,77467,76560,0
C,1,gem_tb32,n2h,csweep,1,4,56,56,12544,102742,100297,0
C,1,gem_tb32,h2n,csweep,1,4,56,56,12544,76178,75170,0
C,1,gem_tb32,n2h,csweep,1,7,56,32,12544,101516,99060,0
C,1,gem_tb32,h2n,csweep,1,7,56,32,12544,74743,74043,0
C,1,gem_tb32,n2h,csweep,1,8,56,28,12544,101679,98752,0
C,1,gem_tb32,h2n,csweep,1,8,56,28,12544,74378,73984,0
C,1,gem_tb32,n2h,csweep,1,16,28,28,12544,101460,98747,0
C,1,gem_tb32,h2n,csweep,1,16,28,28,12544,73912,73361,0
C,1,gem_tb32,n2h,csweep,1,32,28,14,12544,102233,99189,0
C,1,gem_tb32,h2n,csweep,1,32,28,14,12544,75006,74078,0
C,1,gem_tb32,n2h,csweep,1,64,14,14,12544,105301,101986,0
C,1,gem_tb32,h2n,csweep,1,64,14,14,12544,78258,76639,0
C,1,gem_tb32,n2h,csweep,1,128,14,7,12544,105953,102753,0
C,1,gem_tb32,h2n,csweep,1,128,14,7,12544,80280,78123,0
C,3,ref_scalar,n2h,spec,1,3,112,112,37632,282447,279684,0
C,3,ref_scalar,h2n,spec,1,3,112,112,37632,227871,227431,0
C,3,ref_scalar,n2h,spec,1,32,56,56,100352,1954437,1949232,0
C,3,ref_scalar,h2n,spec,1,32,56,56,100352,1172951,1172448,0
C,3,ref_scalar,n2h,spec,1,32,27,27,23328,346022,338246,0
C,3,ref_scalar,h2n,spec,1,32,27,27,23328,222743,223136,0
C,3,ref_scalar,n2h,spec,1,32,14,14,6272,47565,44981,0
C,3,ref_scalar,h2n,spec,1,32,14,14,6272,39934,38339,0
C,3,ref_scalar,n2h,spec,1,64,7,7,3136,24594,24326,0
C,3,ref_scalar,h2n,spec,1,64,7,7,3136,20857,20747,0
C,3,ref_scalar,n2h,spec,1,128,4,4,2048,20062,20026,0
C,3,ref_scalar,h2n,spec,1,128,4,4,2048,18014,17978,0
C,3,ref_scalar,n2h,spec,1,1,1,1,1,114,81,0
C,3,ref_scalar,h2n,spec,1,1,1,1,1,89,80,0
C,3,ref_scalar,n2h,spec,1,7,5,3,105,1296,1278,0
C,3,ref_scalar,h2n,spec,1,7,5,3,105,1143,1146,0
C,3,ref_scalar,n2h,csweep,1,2,112,56,12544,88433,85332,0
C,3,ref_scalar,h2n,csweep,1,2,112,56,12544,72892,71905,0
C,3,ref_scalar,n2h,csweep,1,3,112,37,12432,91334,87543,0
C,3,ref_scalar,h2n,csweep,1,3,112,37,12432,74866,73929,0
C,3,ref_scalar,n2h,csweep,1,4,56,56,12544,91517,87381,0
C,3,ref_scalar,h2n,csweep,1,4,56,56,12544,74150,73230,0
C,3,ref_scalar,n2h,csweep,1,7,56,32,12544,96775,90440,0
C,3,ref_scalar,h2n,csweep,1,7,56,32,12544,76862,76256,0
C,3,ref_scalar,n2h,csweep,1,8,56,28,12544,97536,91400,0
C,3,ref_scalar,h2n,csweep,1,8,56,28,12544,77343,76905,0
C,3,ref_scalar,n2h,csweep,1,16,28,28,12544,99510,91393,0
C,3,ref_scalar,h2n,csweep,1,16,28,28,12544,77687,76954,0
C,3,ref_scalar,n2h,csweep,1,32,28,14,12544,106012,99552,0
C,3,ref_scalar,h2n,csweep,1,32,28,14,12544,85271,84199,0
C,3,ref_scalar,n2h,csweep,1,64,14,14,12544,107315,100560,0
C,3,ref_scalar,h2n,csweep,1,64,14,14,12544,85837,84908,0
C,3,ref_scalar,n2h,csweep,1,128,14,7,12544,110319,107261,0
C,3,ref_scalar,h2n,csweep,1,128,14,7,12544,92416,90840,0
C,3,gem_tb32,n2h,spec,1,3,112,112,37632,312321,309802,0
C,3,gem_tb32,h2n,spec,1,3,112,112,37632,235632,234515,0
C,3,gem_tb32,n2h,spec,1,32,56,56,100352,808915,805605,0
C,3,gem_tb32,h2n,spec,1,32,56,56,100352,602775,601876,0
C,3,gem_tb32,n2h,spec,1,32,27,27,23328,190093,187006,0
C,3,gem_tb32,h2n,spec,1,32,27,27,23328,139114,140171,0
C,3,gem_tb32,n2h,spec,1,32,14,14,6272,49186,46900,0
C,3,gem_tb32,h2n,spec,1,32,14,14,6272,35498,34393,0
C,3,gem_tb32,n2h,spec,1,64,7,7,3136,23920,23663,0
C,3,gem_tb32,h2n,spec,1,64,7,7,3136,17484,17401,0
C,3,gem_tb32,n2h,spec,1,128,4,4,2048,16063,16030,0
C,3,gem_tb32,h2n,spec,1,128,4,4,2048,11950,11938,0
C,3,gem_tb32,n2h,spec,1,1,1,1,1,135,100,0
C,3,gem_tb32,h2n,spec,1,1,1,1,1,123,97,0
C,3,gem_tb32,n2h,spec,1,7,5,3,105,915,909,0
C,3,gem_tb32,h2n,spec,1,7,5,3,105,717,702,0
C,3,gem_tb32,n2h,csweep,1,2,112,56,12544,105061,103386,0
C,3,gem_tb32,h2n,csweep,1,2,112,56,12544,79388,78460,0
C,3,gem_tb32,n2h,csweep,1,3,112,37,12432,102794,101167,0
C,3,gem_tb32,h2n,csweep,1,3,112,37,12432,77239,76317,0
C,3,gem_tb32,n2h,csweep,1,4,56,56,12544,102679,100393,0
C,3,gem_tb32,h2n,csweep,1,4,56,56,12544,76040,75093,0
C,3,gem_tb32,n2h,csweep,1,7,56,32,12544,101636,99262,0
C,3,gem_tb32,h2n,csweep,1,7,56,32,12544,74710,74074,0
C,3,gem_tb32,n2h,csweep,1,8,56,28,12544,101901,98824,0
C,3,gem_tb32,h2n,csweep,1,8,56,28,12544,74259,74090,0
C,3,gem_tb32,n2h,csweep,1,16,28,28,12544,101317,98539,0
C,3,gem_tb32,h2n,csweep,1,16,28,28,12544,73874,73442,0
C,3,gem_tb32,n2h,csweep,1,32,28,14,12544,102547,99309,0
C,3,gem_tb32,h2n,csweep,1,32,28,14,12544,74886,74205,0
C,3,gem_tb32,n2h,csweep,1,64,14,14,12544,104707,101658,0
C,3,gem_tb32,h2n,csweep,1,64,14,14,12544,78337,76691,0
C,3,gem_tb32,n2h,csweep,1,128,14,7,12544,105916,102480,0
C,3,gem_tb32,h2n,csweep,1,128,14,7,12544,80013,77528,0
C,3,rvv_strided,n2h,spec,1,3,112,112,37632,159389,157228,0
C,3,rvv_strided,h2n,spec,1,3,112,112,37632,110849,110229,0
C,3,rvv_strided,n2h,spec,1,32,56,56,100352,412203,411636,0
C,3,rvv_strided,h2n,spec,1,32,56,56,100352,283543,283496,0
C,3,rvv_strided,n2h,spec,1,32,27,27,23328,97173,96220,0
C,3,rvv_strided,h2n,spec,1,32,27,27,23328,66048,65970,0
C,3,rvv_strided,n2h,spec,1,32,14,14,6272,26529,25950,0
C,3,rvv_strided,h2n,spec,1,32,14,14,6272,18462,17890,0
C,3,rvv_strided,n2h,spec,1,64,7,7,3136,14240,13678,0
C,3,rvv_strided,h2n,spec,1,64,7,7,3136,9492,9029,0
C,3,rvv_strided,n2h,spec,1,128,4,4,2048,9542,9009,0
C,3,rvv_strided,h2n,spec,1,128,4,4,2048,6658,6435,0
C,3,rvv_strided,n2h,spec,1,1,1,1,1,59,48,0
C,3,rvv_strided,h2n,spec,1,1,1,1,1,66,51,0
C,3,rvv_strided,n2h,spec,1,7,5,3,105,579,499,0
C,3,rvv_strided,h2n,spec,1,7,5,3,105,421,377,0
C,3,rvv_strided,n2h,csweep,1,2,112,56,12544,54007,52961,0
C,3,rvv_strided,h2n,csweep,1,2,112,56,12544,37873,37274,0
C,3,rvv_strided,n2h,csweep,1,3,112,37,12432,52589,51980,0
C,3,rvv_strided,h2n,csweep,1,3,112,37,12432,36921,36328,0
C,3,rvv_strided,n2h,csweep,1,4,56,56,12544,52737,52172,0
C,3,rvv_strided,h2n,csweep,1,4,56,56,12544,36854,36200,0
C,3,rvv_strided,n2h,csweep,1,7,56,32,12544,52162,51836,0
C,3,rvv_strided,h2n,csweep,1,7,56,32,12544,36442,35178,0
C,3,rvv_strided,n2h,csweep,1,8,56,28,12544,52174,51780,0
C,3,rvv_strided,h2n,csweep,1,8,56,28,12544,36223,35784,0
C,3,rvv_strided,n2h,csweep,1,16,28,28,12544,51777,51601,0
C,3,rvv_strided,h2n,csweep,1,16,28,28,12544,35958,35497,0
C,3,rvv_strided,n2h,csweep,1,32,28,14,12544,52073,51652,0
C,3,rvv_strided,h2n,csweep,1,32,28,14,12544,36016,35703,0
C,3,rvv_strided,n2h,csweep,1,64,14,14,12544,52984,52055,0
C,3,rvv_strided,h2n,csweep,1,64,14,14,12544,35815,35658,0
C,3,rvv_strided,n2h,csweep,1,128,14,7,12544,53173,52149,0
C,3,rvv_strided,h2n,csweep,1,128,14,7,12544,36265,35948,0
C,3,rvv_seg,n2h,spec,1,3,112,112,37632,13742,13372,0
C,3,rvv_seg,h2n,spec,1,3,112,112,37632,14679,14284,0
C,3,rvv_seg,n2h,spec,1,32,56,56,100352,116074,113053,0
C,3,rvv_seg,h2n,spec,1,32,56,56,100352,118313,117749,0
C,3,rvv_seg,n2h,spec,1,32,27,27,23328,27796,26799,0
C,3,rvv_seg,h2n,spec,1,32,27,27,23328,27850,27746,0
C,3,rvv_seg,n2h,spec,1,32,14,14,6272,7820,7334,0
C,3,rvv_seg,h2n,spec,1,32,14,14,6272,8059,7712,0
C,3,rvv_seg,n2h,spec,1,64,7,7,3136,4013,3670,0
C,3,rvv_seg,h2n,spec,1,64,7,7,3136,4201,3910,0
C,3,rvv_seg,n2h,spec,1,128,4,4,2048,2670,2441,0
C,3,rvv_seg,h2n,spec,1,128,4,4,2048,2930,2530,0
C,3,rvv_seg,n2h,spec,1,1,1,1,1,221,101,0
C,3,rvv_seg,h2n,spec,1,1,1,1,1,248,102,0
C,3,rvv_seg,n2h,spec,1,7,5,3,105,302,79,0
C,3,rvv_seg,h2n,spec,1,7,5,3,105,361,102,0
C,3,rvv_seg,n2h,csweep,1,2,112,56,12544,6370,6264,0
C,3,rvv_seg,h2n,csweep,1,2,112,56,12544,6456,6279,0
C,3,rvv_seg,n2h,csweep,1,3,112,37,12432,4504,4436,0
C,3,rvv_seg,h2n,csweep,1,3,112,37,12432,4964,4766,0
C,3,rvv_seg,n2h,csweep,1,4,56,56,12544,3344,3142,0
C,3,rvv_seg,h2n,csweep,1,4,56,56,12544,4151,3949,0
C,3,rvv_seg,n2h,csweep,1,7,56,32,12544,3501,3270,0
C,3,rvv_seg,h2n,csweep,1,7,56,32,12544,4685,4351,0
C,3,rvv_seg,n2h,csweep,1,8,56,28,12544,2787,2248,0
C,3,rvv_seg,h2n,csweep,1,8,56,28,12544,3789,3493,0
C,3,rvv_seg,n2h,csweep,1,16,28,28,12544,15356,14757,0
C,3,rvv_seg,h2n,csweep,1,16,28,28,12544,15269,15035,0
C,3,rvv_seg,n2h,csweep,1,32,28,14,12544,14829,14298,0
C,3,rvv_seg,h2n,csweep,1,32,28,14,12544,15080,14854,0
C,3,rvv_seg,n2h,csweep,1,64,14,14,12544,14720,14303,0
C,3,rvv_seg,h2n,csweep,1,64,14,14,12544,15262,15171,0
C,3,rvv_seg,n2h,csweep,1,128,14,7,12544,14687,14304,0
C,3,rvv_seg,h2n,csweep,1,128,14,7,12544,15212,15070,0
D,0,ref_scalar,n2h,spec,1,3,112,112,37632,345419,335449,0
D,0,ref_scalar,h2n,spec,1,3,112,112,37632,288137,286586,0
D,0,ref_scalar,n2h,spec,1,32,56,56,100352,2055932,2034655,0
D,0,ref_scalar,h2n,spec,1,32,56,56,100352,1419405,1402095,0
D,0,ref_scalar,n2h,spec,1,32,27,27,23328,374411,367610,0
D,0,ref_scalar,h2n,spec,1,32,27,27,23328,270700,269843,0
D,0,ref_scalar,n2h,spec,1,32,14,14,6272,60782,60196,0
D,0,ref_scalar,h2n,spec,1,32,14,14,6272,53866,53678,0
D,0,ref_scalar,n2h,spec,1,64,7,7,3136,31156,30974,0
D,0,ref_scalar,h2n,spec,1,64,7,7,3136,27998,27953,0
D,0,ref_scalar,n2h,spec,1,128,4,4,2048,24307,24256,0
D,0,ref_scalar,h2n,spec,1,128,4,4,2048,22619,22146,0
D,0,ref_scalar,n2h,spec,1,1,1,1,1,183,177,0
D,0,ref_scalar,h2n,spec,1,1,1,1,1,184,175,0
D,0,ref_scalar,n2h,spec,1,7,5,3,105,1534,1516,0
D,0,ref_scalar,h2n,spec,1,7,5,3,105,1499,1455,0
D,0,ref_scalar,n2h,csweep,1,2,112,56,12544,101102,98080,0
D,0,ref_scalar,h2n,csweep,1,2,112,56,12544,86934,85472,0
D,0,ref_scalar,n2h,csweep,1,3,112,37,12432,104442,100796,0
D,0,ref_scalar,h2n,csweep,1,3,112,37,12432,88758,87402,0
D,0,ref_scalar,n2h,csweep,1,4,56,56,12544,104767,100555,0
D,0,ref_scalar,h2n,csweep,1,4,56,56,12544,87732,86953,0
D,0,ref_scalar,n2h,csweep,1,7,56,32,12544,108940,104005,0
D,0,ref_scalar,h2n,csweep,1,7,56,32,12544,91083,90350,0
D,0,ref_scalar,n2h,csweep,1,8,56,28,12544,111789,104847,0
D,0,ref_scalar,h2n,csweep,1,8,56,28,12544,91702,91285,0
D,0,ref_scalar,n2h,csweep,1,16,28,28,12544,111431,104693,0
D,0,ref_scalar,h2n,csweep,1,16,28,28,12544,92454,91846,0
D,0,ref_scalar,n2h,csweep,1,32,28,14,12544,121045,113923,0
D,0,ref_scalar,h2n,csweep,1,32,28,14,12544,100679,99702,0
D,0,ref_scalar,n2h,csweep,1,64,14,14,12544,121803,114550,0
D,0,ref_scalar,h2n,csweep,1,64,14,14,12544,101608,100453,0
D,0,ref_scalar,n2h,csweep,1,128,14,7,12544,121184,117766,0
D,0,ref_scalar,h2n,csweep,1,128,14,7,12544,106858,104563,0
D,0,gem_tb32,n2h,spec,1,3,112,112,37632,292202,289797,0
D,0,gem_tb32,h2n,spec,1,3,112,112,37632,292404,290367,0
D,0,gem_tb32,n2h,spec,1,32,56,56,100352,790140,774978,0
D,0,gem_tb32,h2n,spec,1,32,56,56,100352,788412,779390,0
D,0,gem_tb32,n2h,spec,1,32,27,27,23328,183903,175396,0
D,0,gem_tb32,h2n,spec,1,32,27,27,23328,178399,175150,0
D,0,gem_tb32,n2h,spec,1,32,14,14,6272,49418,47571,0
D,0,gem_tb32,h2n,spec,1,32,14,14,6272,48815,48314,0
D,0,gem_tb32,n2h,spec,1,64,7,7,3136,24481,24049,0
D,0,gem_tb32,h2n,spec,1,64,7,7,3136,24293,24220,0
D,0,gem_tb32,n2h,spec,1,128,4,4,2048,16093,16123,0
D,0,gem_tb32,h2n,spec,1,128,4,4,2048,16254,16227,0
D,0,gem_tb32,n2h,spec,1,1,1,1,1,276,221,0
D,0,gem_tb32,h2n,spec,1,1,1,1,1,322,222,0
D,0,gem_tb32,n2h,spec,1,7,5,3,105,1028,980,0
D,0,gem_tb32,h2n,spec,1,7,5,3,105,1073,1062,0
D,0,gem_tb32,n2h,csweep,1,2,112,56,12544,93130,91098,0
D,0,gem_tb32,h2n,csweep,1,2,112,56,12544,91943,90788,0
D,0,gem_tb32,n2h,csweep,1,3,112,37,12432,90525,89004,0
D,0,gem_tb32,h2n,csweep,1,3,112,37,12432,89843,89012,0
D,0,gem_tb32,n2h,csweep,1,4,56,56,12544,90364,87993,0
D,0,gem_tb32,h2n,csweep,1,4,56,56,12544,88684,87765,0
D,0,gem_tb32,n2h,csweep,1,7,56,32,12544,89205,86545,0
D,0,gem_tb32,h2n,csweep,1,7,56,32,12544,87340,86924,0
D,0,gem_tb32,n2h,csweep,1,8,56,28,12544,88884,86426,0
D,0,gem_tb32,h2n,csweep,1,8,56,28,12544,87003,86462,0
D,0,gem_tb32,n2h,csweep,1,16,28,28,12544,88767,85738,0
D,0,gem_tb32,h2n,csweep,1,16,28,28,12544,86740,86335,0
D,0,gem_tb32,n2h,csweep,1,32,28,14,12544,89879,86774,0
D,0,gem_tb32,h2n,csweep,1,32,28,14,12544,87903,86933,0
D,0,gem_tb32,n2h,csweep,1,64,14,14,12544,92708,89029,0
D,0,gem_tb32,h2n,csweep,1,64,14,14,12544,91190,89746,0
D,0,gem_tb32,n2h,csweep,1,128,14,7,12544,93252,89655,0
D,0,gem_tb32,h2n,csweep,1,128,14,7,12544,93810,90991,0
D,2,ref_scalar,n2h,spec,1,3,112,112,37632,336896,333869,0
D,2,ref_scalar,h2n,spec,1,3,112,112,37632,288400,284731,0
D,2,ref_scalar,n2h,spec,1,32,56,56,100352,2047112,2033991,0
D,2,ref_scalar,h2n,spec,1,32,56,56,100352,1417059,1401632,0
D,2,ref_scalar,n2h,spec,1,32,27,27,23328,375680,365378,0
D,2,ref_scalar,h2n,spec,1,32,27,27,23328,270799,268670,0
D,2,ref_scalar,n2h,spec,1,32,14,14,6272,60175,60047,0
D,2,ref_scalar,h2n,spec,1,32,14,14,6272,53517,53041,0
D,2,ref_scalar,n2h,spec,1,64,7,7,3136,31450,30977,0
D,2,ref_scalar,h2n,spec,1,64,7,7,3136,27915,27721,0
D,2,ref_scalar,n2h,spec,1,128,4,4,2048,24305,24203,0
D,2,ref_scalar,h2n,spec,1,128,4,4,2048,22544,22130,0
D,2,ref_scalar,n2h,spec,1,1,1,1,1,226,177,0
D,2,ref_scalar,h2n,spec,1,1,1,1,1,183,179,0
D,2,ref_scalar,n2h,spec,1,7,5,3,105,1646,1556,0
D,2,ref_scalar,h2n,spec,1,7,5,3,105,1456,1455,0
D,2,ref_scalar,n2h,csweep,1,2,112,56,12544,101340,97995,0
D,2,ref_scalar,h2n,csweep,1,2,112,56,12544,86589,85474,0
D,2,ref_scalar,n2h,csweep,1,3,112,37,12432,104326,100393,0
D,2,ref_scalar,h2n,csweep,1,3,112,37,12432,88699,87682,0
D,2,ref_scalar,n2h,csweep,1,4,56,56,12544,104697,99915,0
D,2,ref_scalar,h2n,csweep,1,4,56,56,12544,87607,86876,0
D,2,ref_scalar,n2h,csweep,1,7,56,32,12544,109800,104119,0
D,2,ref_scalar,h2n,csweep,1,7,56,32,12544,90974,90188,0
D,2,ref_scalar,n2h,csweep,1,8,56,28,12544,110817,104914,0
D,2,ref_scalar,h2n,csweep,1,8,56,28,12544,92175,91418,0
D,2,ref_scalar,n2h,csweep,1,16,28,28,12544,111973,105166,0
D,2,ref_scalar,h2n,csweep,1,16,28,28,12544,92789,91871,0
D,2,ref_scalar,n2h,csweep,1,32,28,14,12544,120267,113061,0
D,2,ref_scalar,h2n,csweep,1,32,28,14,12544,100309,100099,0
D,2,ref_scalar,n2h,csweep,1,64,14,14,12544,122247,113724,0
D,2,ref_scalar,h2n,csweep,1,64,14,14,12544,101720,100738,0
D,2,ref_scalar,n2h,csweep,1,128,14,7,12544,121240,117175,0
D,2,ref_scalar,h2n,csweep,1,128,14,7,12544,106080,104381,0
D,2,gem_tb32,n2h,spec,1,3,112,112,37632,292704,290422,0
D,2,gem_tb32,h2n,spec,1,3,112,112,37632,292063,290633,0
D,2,gem_tb32,n2h,spec,1,32,56,56,100352,789539,774766,0
D,2,gem_tb32,h2n,spec,1,32,56,56,100352,790565,779148,0
D,2,gem_tb32,n2h,spec,1,32,27,27,23328,184767,175446,0
D,2,gem_tb32,h2n,spec,1,32,27,27,23328,176412,175994,0
D,2,gem_tb32,n2h,spec,1,32,14,14,6272,48202,48136,0
D,2,gem_tb32,h2n,spec,1,32,14,14,6272,48576,48425,0
D,2,gem_tb32,n2h,spec,1,64,7,7,3136,24601,23913,0
D,2,gem_tb32,h2n,spec,1,64,7,7,3136,24314,24130,0
D,2,gem_tb32,n2h,spec,1,128,4,4,2048,16207,16259,0
D,2,gem_tb32,h2n,spec,1,128,4,4,2048,16445,16187,0
D,2,gem_tb32,n2h,spec,1,1,1,1,1,329,261,0
D,2,gem_tb32,h2n,spec,1,1,1,1,1,279,222,0
D,2,gem_tb32,n2h,spec,1,7,5,3,105,1120,1060,0
D,2,gem_tb32,h2n,spec,1,7,5,3,105,1113,1022,0
D,2,gem_tb32,n2h,csweep,1,2,112,56,12544,93075,91163,0
D,2,gem_tb32,h2n,csweep,1,2,112,56,12544,91881,90932,0
D,2,gem_tb32,n2h,csweep,1,3,112,37,12432,90692,88382,0
D,2,gem_tb32,h2n,csweep,1,3,112,37,12432,90067,89072,0
D,2,gem_tb32,n2h,csweep,1,4,56,56,12544,90275,87964,0
D,2,gem_tb32,h2n,csweep,1,4,56,56,12544,88648,88067,0
D,2,gem_tb32,n2h,csweep,1,7,56,32,12544,89053,86594,0
D,2,gem_tb32,h2n,csweep,1,7,56,32,12544,87401,86820,0
D,2,gem_tb32,n2h,csweep,1,8,56,28,12544,89167,86531,0
D,2,gem_tb32,h2n,csweep,1,8,56,28,12544,87334,86496,0
D,2,gem_tb32,n2h,csweep,1,16,28,28,12544,88893,86031,0
D,2,gem_tb32,h2n,csweep,1,16,28,28,12544,87116,86220,0
D,2,gem_tb32,n2h,csweep,1,32,28,14,12544,90082,86603,0
D,2,gem_tb32,h2n,csweep,1,32,28,14,12544,88126,87295,0
D,2,gem_tb32,n2h,csweep,1,64,14,14,12544,92471,88937,0
D,2,gem_tb32,h2n,csweep,1,64,14,14,12544,91831,90111,0
D,2,gem_tb32,n2h,csweep,1,128,14,7,12544,93551,89479,0
D,2,gem_tb32,h2n,csweep,1,128,14,7,12544,93399,91299,0
D,2,rvv_strided,n2h,spec,1,3,112,112,37632,176055,171749,0
D,2,rvv_strided,h2n,spec,1,3,112,112,37632,121390,118051,0
D,2,rvv_strided,n2h,spec,1,32,56,56,100352,473752,463144,0
D,2,rvv_strided,h2n,spec,1,32,56,56,100352,317868,315404,0
D,2,rvv_strided,n2h,spec,1,32,27,27,23328,106262,102215,0
D,2,rvv_strided,h2n,spec,1,32,27,27,23328,71493,70931,0
D,2,rvv_strided,n2h,spec,1,32,14,14,6272,28005,27108,0
D,2,rvv_strided,h2n,spec,1,32,14,14,6272,19156,18951,0
D,2,rvv_strided,n2h,spec,1,64,7,7,3136,14488,14553,0
D,2,rvv_strided,h2n,spec,1,64,7,7,3136,9717,9766,0
D,2,rvv_strided,n2h,spec,1,128,4,4,2048,9820,9660,0
D,2,rvv_strided,h2n,spec,1,128,4,4,2048,6500,6344,0
D,2,rvv_strided,n2h,spec,1,1,1,1,1,89,76,0
D,2,rvv_strided,h2n,spec,1,1,1,1,1,125,76,0
D,2,rvv_strided,n2h,spec,1,7,5,3,105,668,537,0
D,2,rvv_strided,h2n,spec,1,7,5,3,105,425,416,0
D,2,rvv_strided,n2h,csweep,1,2,112,56,12544,54201,52978,0
D,2,rvv_strided,h2n,csweep,1,2,112,56,12544,37959,36327,0
D,2,rvv_strided,n2h,csweep,1,3,112,37,12432,52776,52060,0
D,2,rvv_strided,h2n,csweep,1,3,112,37,12432,36706,36001,0
D,2,rvv_strided,n2h,csweep,1,4,56,56,12544,53328,52360,0
D,2,rvv_strided,h2n,csweep,1,4,56,56,12544,36294,35779,0
D,2,rvv_strided,n2h,csweep,1,7,56,32,12544,52813,51949,0
D,2,rvv_strided,h2n,csweep,1,7,56,32,12544,36517,35905,0
D,2,rvv_strided,n2h,csweep,1,8,56,28,12544,52861,51879,0
D,2,rvv_strided,h2n,csweep,1,8,56,28,12544,36092,35782,0
D,2,rvv_strided,n2h,csweep,1,16,28,28,12544,52193,51648,0
D,2,rvv_strided,h2n,csweep,1,16,28,28,12544,36054,35620,0
D,2,rvv_strided,n2h,csweep,1,32,28,14,12544,52233,51680,0
D,2,rvv_strided,h2n,csweep,1,32,28,14,12544,36197,35963,0
D,2,rvv_strided,n2h,csweep,1,64,14,14,12544,53003,52052,0
D,2,rvv_strided,h2n,csweep,1,64,14,14,12544,36219,36094,0
D,2,rvv_strided,n2h,csweep,1,128,14,7,12544,53528,52609,0
D,2,rvv_strided,h2n,csweep,1,128,14,7,12544,36691,36449,0
D,2,rvv_seg,n2h,spec,1,3,112,112,37632,16390,15516,0
D,2,rvv_seg,h2n,spec,1,3,112,112,37632,23072,21865,0
D,2,rvv_seg,n2h,spec,1,32,56,56,100352,150817,147134,0
D,2,rvv_seg,h2n,spec,1,32,56,56,100352,142984,139598,0
D,2,rvv_seg,n2h,spec,1,32,27,27,23328,37483,32731,0
D,2,rvv_seg,h2n,spec,1,32,27,27,23328,31969,30920,0
D,2,rvv_seg,n2h,spec,1,32,14,14,6272,9076,8843,0
D,2,rvv_seg,h2n,spec,1,32,14,14,6272,8904,8692,0
D,2,rvv_seg,n2h,spec,1,64,7,7,3136,4507,4288,0
D,2,rvv_seg,h2n,spec,1,64,7,7,3136,4738,4315,0
D,2,rvv_seg,n2h,spec,1,128,4,4,2048,3215,2795,0
D,2,rvv_seg,h2n,spec,1,128,4,4,2048,3210,2978,0
D,2,rvv_seg,n2h,spec,1,1,1,1,1,286,199,0
D,2,rvv_seg,h2n,spec,1,1,1,1,1,450,243,0
D,2,rvv_seg,n2h,spec,1,7,5,3,105,279,155,0
D,2,rvv_seg,h2n,spec,1,7,5,3,105,455,211,0
D,2,rvv_seg,n2h,csweep,1,2,112,56,12544,6323,6254,0
D,2,rvv_seg,h2n,csweep,1,2,112,56,12544,6377,6281,0
D,2,rvv_seg,n2h,csweep,1,3,112,37,12432,4494,4431,0
D,2,rvv_seg,h2n,csweep,1,3,112,37,12432,4889,4642,0
D,2,rvv_seg,n2h,csweep,1,4,56,56,12544,3374,3145,0
D,2,rvv_seg,h2n,csweep,1,4,56,56,12544,4167,3807,0
D,2,rvv_seg,n2h,csweep,1,7,56,32,12544,3387,3173,0
D,2,rvv_seg,h2n,csweep,1,7,56,32,12544,4689,4462,0
D,2,rvv_seg,n2h,csweep,1,8,56,28,12544,2897,2441,0
D,2,rvv_seg,h2n,csweep,1,8,56,28,12544,3760,3475,0
D,2,rvv_seg,n2h,csweep,1,16,28,28,12544,15355,14744,0
D,2,rvv_seg,h2n,csweep,1,16,28,28,12544,15138,14948,0
D,2,rvv_seg,n2h,csweep,1,32,28,14,12544,14857,14458,0
D,2,rvv_seg,h2n,csweep,1,32,28,14,12544,14949,14854,0
D,2,rvv_seg,n2h,csweep,1,64,14,14,12544,14641,14229,0
D,2,rvv_seg,h2n,csweep,1,64,14,14,12544,15203,15110,0
D,2,rvv_seg,n2h,csweep,1,128,14,7,12544,14714,14306,0
D,2,rvv_seg,h2n,csweep,1,128,14,7,12544,15407,15223,0
E,0,ref_scalar,n2h,spec,1,3,112,112,37632,319447,316204,0
E,0,ref_scalar,h2n,spec,1,3,112,112,37632,268935,268605,0
E,0,ref_scalar,n2h,spec,1,32,56,56,100352,1966736,1955315,0
E,0,ref_scalar,h2n,spec,1,32,56,56,100352,1326506,1325820,0
E,0,ref_scalar,n2h,spec,1,32,27,27,23328,356379,352088,0
E,0,ref_scalar,h2n,spec,1,32,27,27,23328,255874,256831,0
E,0,ref_scalar,n2h,spec,1,32,14,14,6272,54800,52153,0
E,0,ref_scalar,h2n,spec,1,32,14,14,6272,47343,45879,0
E,0,ref_scalar,n2h,spec,1,64,7,7,3136,27205,26762,0
E,0,ref_scalar,h2n,spec,1,64,7,7,3136,23806,23623,0
E,0,ref_scalar,n2h,spec,1,128,4,4,2048,22090,22080,0
E,0,ref_scalar,h2n,spec,1,128,4,4,2048,20032,20029,0
E,0,ref_scalar,n2h,spec,1,1,1,1,1,94,85,0
E,0,ref_scalar,h2n,spec,1,1,1,1,1,83,74,0
E,0,ref_scalar,n2h,spec,1,7,5,3,105,1372,1359,0
E,0,ref_scalar,h2n,spec,1,7,5,3,105,1260,1257,0
E,0,ref_scalar,n2h,csweep,1,2,112,56,12544,101180,98286,0
E,0,ref_scalar,h2n,csweep,1,2,112,56,12544,86754,85631,0
E,0,ref_scalar,n2h,csweep,1,3,112,37,12432,104220,100292,0
E,0,ref_scalar,h2n,csweep,1,3,112,37,12432,88566,87792,0
E,0,ref_scalar,n2h,csweep,1,4,56,56,12544,104300,99974,0
E,0,ref_scalar,h2n,csweep,1,4,56,56,12544,87747,86969,0
E,0,ref_scalar,n2h,csweep,1,7,56,32,12544,109375,103520,0
E,0,ref_scalar,h2n,csweep,1,7,56,32,12544,91057,90330,0
E,0,ref_scalar,n2h,csweep,1,8,56,28,12544,110365,104558,0
E,0,ref_scalar,h2n,csweep,1,8,56,28,12544,92689,91590,0
E,0,ref_scalar,n2h,csweep,1,16,28,28,12544,111137,105225,0
E,0,ref_scalar,h2n,csweep,1,16,28,28,12544,92825,91453,0
E,0,ref_scalar,n2h,csweep,1,32,28,14,12544,120242,113527,0
E,0,ref_scalar,h2n,csweep,1,32,28,14,12544,100359,99635,0
E,0,ref_scalar,n2h,csweep,1,64,14,14,12544,121728,114383,0
E,0,ref_scalar,h2n,csweep,1,64,14,14,12544,101995,100772,0
E,0,ref_scalar,n2h,csweep,1,128,14,7,12544,122376,118622,0
E,0,ref_scalar,h2n,csweep,1,128,14,7,12544,106548,104146,0
E,0,gem_tb32,n2h,spec,1,3,112,112,37632,275650,272839,0
E,0,gem_tb32,h2n,spec,1,3,112,112,37632,274115,272850,0
E,0,gem_tb32,n2h,spec,1,32,56,56,100352,710726,705804,0
E,0,gem_tb32,h2n,spec,1,32,56,56,100352,707389,707386,0
E,0,gem_tb32,n2h,spec,1,32,27,27,23328,166761,163684,0
E,0,gem_tb32,h2n,spec,1,32,27,27,23328,163910,164307,0
E,0,gem_tb32,n2h,spec,1,32,14,14,6272,43036,40958,0
E,0,gem_tb32,h2n,spec,1,32,14,14,6272,42252,40590,0
E,0,gem_tb32,n2h,spec,1,64,7,7,3136,21035,20542,0
E,0,gem_tb32,h2n,spec,1,64,7,7,3136,20666,20527,0
E,0,gem_tb32,n2h,spec,1,128,4,4,2048,13993,13992,0
E,0,gem_tb32,h2n,spec,1,128,4,4,2048,13998,13988,0
E,0,gem_tb32,n2h,spec,1,1,1,1,1,121,98,0
E,0,gem_tb32,h2n,spec,1,1,1,1,1,118,96,0
E,0,gem_tb32,n2h,spec,1,7,5,3,105,834,810,0
E,0,gem_tb32,h2n,spec,1,7,5,3,105,819,810,0
E,0,gem_tb32,n2h,csweep,1,2,112,56,12544,92637,91154,0
E,0,gem_tb32,h2n,csweep,1,2,112,56,12544,91955,90763,0
E,0,gem_tb32,n2h,csweep,1,3,112,37,12432,90989,88771,0
E,0,gem_tb32,h2n,csweep,1,3,112,37,12432,90428,88621,0
E,0,gem_tb32,n2h,csweep,1,4,56,56,12544,90524,88111,0
E,0,gem_tb32,h2n,csweep,1,4,56,56,12544,89023,88034,0
E,0,gem_tb32,n2h,csweep,1,7,56,32,12544,89424,86409,0
E,0,gem_tb32,h2n,csweep,1,7,56,32,12544,87312,86630,0
E,0,gem_tb32,n2h,csweep,1,8,56,28,12544,89321,86545,0
E,0,gem_tb32,h2n,csweep,1,8,56,28,12544,87318,86432,0
E,0,gem_tb32,n2h,csweep,1,16,28,28,12544,88910,86091,0
E,0,gem_tb32,h2n,csweep,1,16,28,28,12544,86680,86023,0
E,0,gem_tb32,n2h,csweep,1,32,28,14,12544,90219,86951,0
E,0,gem_tb32,h2n,csweep,1,32,28,14,12544,88572,87421,0
E,0,gem_tb32,n2h,csweep,1,64,14,14,12544,92322,89004,0
E,0,gem_tb32,h2n,csweep,1,64,14,14,12544,91550,89476,0
E,0,gem_tb32,n2h,csweep,1,128,14,7,12544,92955,90223,0
E,0,gem_tb32,h2n,csweep,1,128,14,7,12544,94346,91409,0
E,2,ref_scalar,n2h,spec,1,3,112,112,37632,319012,316633,0
E,2,ref_scalar,h2n,spec,1,3,112,112,37632,268936,268553,0
E,2,ref_scalar,n2h,spec,1,32,56,56,100352,1959342,1955401,0
E,2,ref_scalar,h2n,spec,1,32,56,56,100352,1327043,1326544,0
E,2,ref_scalar,n2h,spec,1,32,27,27,23328,357723,352499,0
E,2,ref_scalar,h2n,spec,1,32,27,27,23328,256096,256049,0
E,2,ref_scalar,n2h,spec,1,32,14,14,6272,54824,52163,0
E,2,ref_scalar,h2n,spec,1,32,14,14,6272,47500,45925,0
E,2,ref_scalar,n2h,spec,1,64,7,7,3136,27289,26762,0
E,2,ref_scalar,h2n,spec,1,64,7,7,3136,23769,23623,0
E,2,ref_scalar,n2h,spec,1,128,4,4,2048,22080,22080,0
E,2,ref_scalar,h2n,spec,1,128,4,4,2048,20032,20032,0
E,2,ref_scalar,n2h,spec,1,1,1,1,1,94,78,0
E,2,ref_scalar,h2n,spec,1,1,1,1,1,80,74,0
E,2,ref_scalar,n2h,spec,1,7,5,3,105,1369,1362,0
E,2,ref_scalar,h2n,spec,1,7,5,3,105,1260,1257,0
E,2,ref_scalar,n2h,csweep,1,2,112,56,12544,101429,98035,0
E,2,ref_scalar,h2n,csweep,1,2,112,56,12544,86580,85212,0
E,2,ref_scalar,n2h,csweep,1,3,112,37,12432,104623,101035,0
E,2,ref_scalar,h2n,csweep,1,3,112,37,12432,88369,87572,0
E,2,ref_scalar,n2h,csweep,1,4,56,56,12544,104540,100359,0
E,2,ref_scalar,h2n,csweep,1,4,56,56,12544,87724,86847,0
E,2,ref_scalar,n2h,csweep,1,7,56,32,12544,109496,104148,0
E,2,ref_scalar,h2n,csweep,1,7,56,32,12544,91344,90760,0
E,2,ref_scalar,n2h,csweep,1,8,56,28,12544,110031,104806,0
E,2,ref_scalar,h2n,csweep,1,8,56,28,12544,91899,91238,0
E,2,ref_scalar,n2h,csweep,1,16,28,28,12544,110997,105030,0
E,2,ref_scalar,h2n,csweep,1,16,28,28,12544,92787,91980,0
E,2,ref_scalar,n2h,csweep,1,32,28,14,12544,120732,112978,0
E,2,ref_scalar,h2n,csweep,1,32,28,14,12544,100305,100239,0
E,2,ref_scalar,n2h,csweep,1,64,14,14,12544,121848,114178,0
E,2,ref_scalar,h2n,csweep,1,64,14,14,12544,101733,100606,0
E,2,ref_scalar,n2h,csweep,1,128,14,7,12544,121938,117406,0
E,2,ref_scalar,h2n,csweep,1,128,14,7,12544,106901,103403,0
E,2,gem_tb32,n2h,spec,1,3,112,112,37632,275108,273081,0
E,2,gem_tb32,h2n,spec,1,3,112,112,37632,273925,273019,0
E,2,gem_tb32,n2h,spec,1,32,56,56,100352,709343,705505,0
E,2,gem_tb32,h2n,spec,1,32,56,56,100352,708154,707479,0
E,2,gem_tb32,n2h,spec,1,32,27,27,23328,166622,163657,0
E,2,gem_tb32,h2n,spec,1,32,27,27,23328,164022,164440,0
E,2,gem_tb32,n2h,spec,1,32,14,14,6272,42932,40769,0
E,2,gem_tb32,h2n,spec,1,32,14,14,6272,42529,40785,0
E,2,gem_tb32,n2h,spec,1,64,7,7,3136,20931,20532,0
E,2,gem_tb32,h2n,spec,1,64,7,7,3136,20638,20527,0
E,2,gem_tb32,n2h,spec,1,128,4,4,2048,14011,13986,0
E,2,gem_tb32,h2n,spec,1,128,4,4,2048,13992,13988,0
E,2,gem_tb32,n2h,spec,1,1,1,1,1,121,104,0
E,2,gem_tb32,h2n,spec,1,1,1,1,1,114,96,0
E,2,gem_tb32,n2h,spec,1,7,5,3,105,849,807,0
E,2,gem_tb32,h2n,spec,1,7,5,3,105,822,810,0
E,2,gem_tb32,n2h,csweep,1,2,112,56,12544,93184,91302,0
E,2,gem_tb32,h2n,csweep,1,2,112,56,12544,92439,90653,0
E,2,gem_tb32,n2h,csweep,1,3,112,37,12432,90974,88799,0
E,2,gem_tb32,h2n,csweep,1,3,112,37,12432,90632,88861,0
E,2,gem_tb32,n2h,csweep,1,4,56,56,12544,90182,88138,0
E,2,gem_tb32,h2n,csweep,1,4,56,56,12544,89001,87854,0
E,2,gem_tb32,n2h,csweep,1,7,56,32,12544,89239,86649,0
E,2,gem_tb32,h2n,csweep,1,7,56,32,12544,87311,86756,0
E,2,gem_tb32,n2h,csweep,1,8,56,28,12544,89119,86393,0
E,2,gem_tb32,h2n,csweep,1,8,56,28,12544,87275,86399,0
E,2,gem_tb32,n2h,csweep,1,16,28,28,12544,88938,86065,0
E,2,gem_tb32,h2n,csweep,1,16,28,28,12544,86645,86407,0
E,2,gem_tb32,n2h,csweep,1,32,28,14,12544,89756,86739,0
E,2,gem_tb32,h2n,csweep,1,32,28,14,12544,87632,87102,0
E,2,gem_tb32,n2h,csweep,1,64,14,14,12544,92426,88781,0
E,2,gem_tb32,h2n,csweep,1,64,14,14,12544,91622,90559,0
E,2,gem_tb32,n2h,csweep,1,128,14,7,12544,93073,90243,0
E,2,gem_tb32,h2n,csweep,1,128,14,7,12544,95121,90698,0
E,2,rvv_strided,n2h,spec,1,3,112,112,37632,160717,157500,0
E,2,rvv_strided,h2n,spec,1,3,112,112,37632,107458,108833,0
E,2,rvv_strided,n2h,spec,1,32,56,56,100352,418946,411834,0
E,2,rvv_strided,h2n,spec,1,32,56,56,100352,283082,283072,0
E,2,rvv_strided,n2h,spec,1,32,27,27,23328,97299,96309,0
E,2,rvv_strided,h2n,spec,1,32,27,27,23328,66697,66677,0
E,2,rvv_strided,n2h,spec,1,32,14,14,6272,26635,25891,0
E,2,rvv_strided,h2n,spec,1,32,14,14,6272,18572,18099,0
E,2,rvv_strided,n2h,spec,1,64,7,7,3136,14387,13767,0
E,2,rvv_strided,h2n,spec,1,64,7,7,3136,9649,9310,0
E,2,rvv_strided,n2h,spec,1,128,4,4,2048,9630,9138,0
E,2,rvv_strided,h2n,spec,1,128,4,4,2048,6464,6084,0
E,2,rvv_strided,n2h,spec,1,1,1,1,1,63,52,0
E,2,rvv_strided,h2n,spec,1,1,1,1,1,64,48,0
E,2,rvv_strided,n2h,spec,1,7,5,3,105,566,509,0
E,2,rvv_strided,h2n,spec,1,7,5,3,105,415,386,0
E,2,rvv_strided,n2h,csweep,1,2,112,56,12544,54281,52958,0
E,2,rvv_strided,h2n,csweep,1,2,112,56,12544,38049,37486,0
E,2,rvv_strided,n2h,csweep,1,3,112,37,12432,52829,51976,0
E,2,rvv_strided,h2n,csweep,1,3,112,37,12432,36614,35579,0
E,2,rvv_strided,n2h,csweep,1,4,56,56,12544,53395,52362,0
E,2,rvv_strided,h2n,csweep,1,4,56,56,12544,36293,35773,0
E,2,rvv_strided,n2h,csweep,1,7,56,32,12544,52892,51950,0
E,2,rvv_strided,h2n,csweep,1,7,56,32,12544,36438,35938,0
E,2,rvv_strided,n2h,csweep,1,8,56,28,12544,52874,51880,0
E,2,rvv_strided,h2n,csweep,1,8,56,28,12544,36273,35773,0
E,2,rvv_strided,n2h,csweep,1,16,28,28,12544,52189,51650,0
E,2,rvv_strided,h2n,csweep,1,16,28,28,12544,35913,35636,0
E,2,rvv_strided,n2h,csweep,1,32,28,14,12544,52291,51682,0
E,2,rvv_strided,h2n,csweep,1,32,28,14,12544,36235,35967,0
E,2,rvv_strided,n2h,csweep,1,64,14,14,12544,53167,52054,0
E,2,rvv_strided,h2n,csweep,1,64,14,14,12544,36234,36088,0
E,2,rvv_strided,n2h,csweep,1,128,14,7,12544,53657,52620,0
E,2,rvv_strided,h2n,csweep,1,128,14,7,12544,36737,36450,0
E,2,rvv_seg,n2h,spec,1,3,112,112,37632,13785,13361,0
E,2,rvv_seg,h2n,spec,1,3,112,112,37632,14416,14003,0
E,2,rvv_seg,n2h,spec,1,32,56,56,100352,115617,112967,0
E,2,rvv_seg,h2n,spec,1,32,56,56,100352,117494,116979,0
E,2,rvv_seg,n2h,spec,1,32,27,27,23328,27783,26710,0
E,2,rvv_seg,h2n,spec,1,32,27,27,23328,27892,27770,0
E,2,rvv_seg,n2h,spec,1,32,14,14,6272,7795,7307,0
E,2,rvv_seg,h2n,spec,1,32,14,14,6272,8023,7704,0
E,2,rvv_seg,n2h,spec,1,64,7,7,3136,4014,3669,0
E,2,rvv_seg,h2n,spec,1,64,7,7,3136,4209,3902,0
E,2,rvv_seg,n2h,spec,1,128,4,4,2048,2735,2439,0
E,2,rvv_seg,h2n,spec,1,128,4,4,2048,2883,2574,0
E,2,rvv_seg,n2h,spec,1,1,1,1,1,296,101,0
E,2,rvv_seg,h2n,spec,1,1,1,1,1,231,105,0
E,2,rvv_seg,n2h,spec,1,7,5,3,105,287,81,0
E,2,rvv_seg,h2n,spec,1,7,5,3,105,338,94,0
E,2,rvv_seg,n2h,csweep,1,2,112,56,12544,6338,6247,0
E,2,rvv_seg,h2n,csweep,1,2,112,56,12544,6400,6281,0
E,2,rvv_seg,n2h,csweep,1,3,112,37,12432,4502,4433,0
E,2,rvv_seg,h2n,csweep,1,3,112,37,12432,4830,4644,0
E,2,rvv_seg,n2h,csweep,1,4,56,56,12544,3294,3144,0
E,2,rvv_seg,h2n,csweep,1,4,56,56,12544,4015,3804,0
E,2,rvv_seg,n2h,csweep,1,7,56,32,12544,3227,2951,0
E,2,rvv_seg,h2n,csweep,1,7,56,32,12544,4956,4672,0
E,2,rvv_seg,n2h,csweep,1,8,56,28,12544,2892,2438,0
E,2,rvv_seg,h2n,csweep,1,8,56,28,12544,3779,3475,0
E,2,rvv_seg,n2h,csweep,1,16,28,28,12544,15395,14791,0
E,2,rvv_seg,h2n,csweep,1,16,28,28,12544,15130,14954,0
E,2,rvv_seg,n2h,csweep,1,32,28,14,12544,14836,14461,0
E,2,rvv_seg,h2n,csweep,1,32,28,14,12544,14957,14860,0
E,2,rvv_seg,n2h,csweep,1,64,14,14,12544,14647,14228,0
E,2,rvv_seg,h2n,csweep,1,64,14,14,12544,15221,15104,0
E,2,rvv_seg,n2h,csweep,1,128,14,7,12544,14710,14304,0
E,2,rvv_seg,h2n,csweep,1,128,14,7,12544,15315,15229,0
